INSERT INTO BFX_IMPL.INJURY_GROUP (CODE, DESCRIPTION) VALUES('1',N'ЦЕНТРАЛЬНАЯ И ПЕРИФЕРИЧЕСКАЯ НЕРВНАЯ СИСТЕМА')
go
INSERT INTO BFX_IMPL.INJURY_GROUP (CODE, DESCRIPTION) VALUES('2',N'ОРГАНЫ ЗРЕНИЯ')
go
INSERT INTO BFX_IMPL.INJURY_GROUP (CODE, DESCRIPTION) VALUES('3',N'ОРГАНЫ СЛУХА')
go
INSERT INTO BFX_IMPL.INJURY_GROUP (CODE, DESCRIPTION) VALUES('4',N'ДЫХАТЕЛЬНАЯ СИСТЕМА')
go
INSERT INTO BFX_IMPL.INJURY_GROUP (CODE, DESCRIPTION) VALUES('5',N'СЕРДЕЧНО-СОСУДИСТАЯ СИСТЕМА')
go
INSERT INTO BFX_IMPL.INJURY_GROUP (CODE, DESCRIPTION) VALUES('6',N'ОРГАНЫ ПИЩЕВАРЕНИЯ')
go
INSERT INTO BFX_IMPL.INJURY_GROUP (CODE, DESCRIPTION) VALUES('7',N'МОЧЕПОЛОВАЯ СИСТЕМА')
go
INSERT INTO BFX_IMPL.INJURY_GROUP (CODE, DESCRIPTION) VALUES('8',N'МЯГКИЕ ТКАНИ')
go
INSERT INTO BFX_IMPL.INJURY_GROUP (CODE, DESCRIPTION) VALUES('9',N'ПОЗВОНОЧНИК')
go
INSERT INTO BFX_IMPL.INJURY_GROUP (CODE, DESCRIPTION) VALUES('10',N'ВЕРХНЯЯ КОНЕЧНОСТЬ / ЛОПАТКА И КЛЮЧИЦА')
go
INSERT INTO BFX_IMPL.INJURY_GROUP (CODE, DESCRIPTION) VALUES('11',N'ПЛЕЧЕВОЙ СУСТАВ')
go
INSERT INTO BFX_IMPL.INJURY_GROUP (CODE, DESCRIPTION) VALUES('12',N'ПЛЕЧО')
go
INSERT INTO BFX_IMPL.INJURY_GROUP (CODE, DESCRIPTION) VALUES('13',N'ЛОКТЕВОЙ СУСТАВ')
go
INSERT INTO BFX_IMPL.INJURY_GROUP (CODE, DESCRIPTION) VALUES('14',N'ПРЕДПЛЕЧЬЕ')
go
INSERT INTO BFX_IMPL.INJURY_GROUP (CODE, DESCRIPTION) VALUES('15',N'ЛУЧЕЗАПЯСТНЫЙ СУСТАВ')
go
INSERT INTO BFX_IMPL.INJURY_GROUP (CODE, DESCRIPTION) VALUES('16',N'КОСТИ КИСТИ')
go
INSERT INTO BFX_IMPL.INJURY_GROUP (CODE, DESCRIPTION) VALUES('17',N'ПАЛЬЦЫ РУКИ / БОЛЬШОЙ ПАЛЕЦ')
go
INSERT INTO BFX_IMPL.INJURY_GROUP (CODE, DESCRIPTION) VALUES('18',N'ВТОРОЙ, ТРЕТИЙ, ЧЕТВЕРТЫЙ, ПЯТЫЙ ПАЛЬЦЫ')
go
INSERT INTO BFX_IMPL.INJURY_GROUP (CODE, DESCRIPTION) VALUES('19',N'ТАЗ')
go
INSERT INTO BFX_IMPL.INJURY_GROUP (CODE, DESCRIPTION) VALUES('20',N'НИЖНЯЯ КОНЕЧНОСТЬ / ТАЗОБЕДРЕННЫЙ СУСТАВ')
go
INSERT INTO BFX_IMPL.INJURY_GROUP (CODE, DESCRIPTION) VALUES('21',N'БЕДРО')
go
INSERT INTO BFX_IMPL.INJURY_GROUP (CODE, DESCRIPTION) VALUES('22',N'ГОЛЕНЬ')
go
INSERT INTO BFX_IMPL.INJURY_GROUP (CODE, DESCRIPTION) VALUES('23',N'ГОЛЕНОСТОПНЫЙ СУСТАВ')
go
INSERT INTO BFX_IMPL.INJURY_GROUP (CODE, DESCRIPTION) VALUES('24',N'СТОПА')
go
INSERT INTO BFX_IMPL.INJURY_GROUP (CODE, DESCRIPTION) VALUES('25',N'ПАЛЬЦЫ СТОПЫ')
go



INSERT INTO BFX_IMPL.INJURY_SUBGROUP (CODE, DESCRIPTION, GROUP_CODE) VALUES('1',N'Перелом костей черепа','1')
go
INSERT INTO BFX_IMPL.INJURY_SUBGROUP (CODE, DESCRIPTION, GROUP_CODE) VALUES('2',N'Внутричерепное травматическое кровоизлияние','1')
go
INSERT INTO BFX_IMPL.INJURY_SUBGROUP (CODE, DESCRIPTION, GROUP_CODE) VALUES('3',N'Повреждение головного мозга','1')
go
INSERT INTO BFX_IMPL.INJURY_SUBGROUP (CODE, DESCRIPTION, GROUP_CODE) VALUES('4',N'Травматическое повреждение нервной системы, повлекшее за собой','1')
go
INSERT INTO BFX_IMPL.INJURY_SUBGROUP (CODE, DESCRIPTION, GROUP_CODE) VALUES('5',N'Повреждение спинного мозга на любом уровне, а также конского хвоста','1')
go
INSERT INTO BFX_IMPL.INJURY_SUBGROUP (CODE, DESCRIPTION, GROUP_CODE) VALUES('6',N'Повреждение периферических черепно-мозговых нервов (не применяется, если выплата произведена по п. 1)','1')
go
INSERT INTO BFX_IMPL.INJURY_SUBGROUP (CODE, DESCRIPTION, GROUP_CODE) VALUES('7',N'Повреждение шейного, плечевого, поясничного, крестцового нервных сплетений и их нервов','1')
go
INSERT INTO BFX_IMPL.INJURY_SUBGROUP (CODE, DESCRIPTION, GROUP_CODE) VALUES('7.3',N'Разрыв нервов','1')
go
INSERT INTO BFX_IMPL.INJURY_SUBGROUP (CODE, DESCRIPTION, GROUP_CODE) VALUES('8',N'Прочее (п. 8)','2')
go
INSERT INTO BFX_IMPL.INJURY_SUBGROUP (CODE, DESCRIPTION, GROUP_CODE) VALUES('9',N'Прочее (п. 9)','2')
go
INSERT INTO BFX_IMPL.INJURY_SUBGROUP (CODE, DESCRIPTION, GROUP_CODE) VALUES('10',N'Сужение поля зрения одного глаза','2')
go
INSERT INTO BFX_IMPL.INJURY_SUBGROUP (CODE, DESCRIPTION, GROUP_CODE) VALUES('11',N'Прочее (п. 11)','2')
go
INSERT INTO BFX_IMPL.INJURY_SUBGROUP (CODE, DESCRIPTION, GROUP_CODE) VALUES('12',N'Прочее (п. 12)','2')
go
INSERT INTO BFX_IMPL.INJURY_SUBGROUP (CODE, DESCRIPTION, GROUP_CODE) VALUES('13',N'Прочее (п. 13)','2')
go
INSERT INTO BFX_IMPL.INJURY_SUBGROUP (CODE, DESCRIPTION, GROUP_CODE) VALUES('14',N'Прочее (п. 14)','2')
go
INSERT INTO BFX_IMPL.INJURY_SUBGROUP (CODE, DESCRIPTION, GROUP_CODE) VALUES('15',N'Прочее (п. 15)','2')
go
INSERT INTO BFX_IMPL.INJURY_SUBGROUP (CODE, DESCRIPTION, GROUP_CODE) VALUES('16',N'Прочее (п. 16)','2')
go
INSERT INTO BFX_IMPL.INJURY_SUBGROUP (CODE, DESCRIPTION, GROUP_CODE) VALUES('17',N'Прочее (п. 17)','2')
go
INSERT INTO BFX_IMPL.INJURY_SUBGROUP (CODE, DESCRIPTION, GROUP_CODE) VALUES('18',N'Повреждение ушной раковины, повлекшее за собой','3')
go
INSERT INTO BFX_IMPL.INJURY_SUBGROUP (CODE, DESCRIPTION, GROUP_CODE) VALUES('19',N'Повреждение уха, приведшее к потере слуха','3')
go
INSERT INTO BFX_IMPL.INJURY_SUBGROUP (CODE, DESCRIPTION, GROUP_CODE) VALUES('20',N'Прочее (п. 20)','3')
go
INSERT INTO BFX_IMPL.INJURY_SUBGROUP (CODE, DESCRIPTION, GROUP_CODE) VALUES('21',N'Прочее (п. 21)','4')
go
INSERT INTO BFX_IMPL.INJURY_SUBGROUP (CODE, DESCRIPTION, GROUP_CODE) VALUES('22',N'Повреждение легкого, гемоторакс, пневмоторакс, инородное тело (тела) грудной полости','4')
go
INSERT INTO BFX_IMPL.INJURY_SUBGROUP (CODE, DESCRIPTION, GROUP_CODE) VALUES('23',N'Повреждение легкого, повлекшее за собой','4')
go
INSERT INTO BFX_IMPL.INJURY_SUBGROUP (CODE, DESCRIPTION, GROUP_CODE) VALUES('24',N'Прочее (п. 24)','4')
go
INSERT INTO BFX_IMPL.INJURY_SUBGROUP (CODE, DESCRIPTION, GROUP_CODE) VALUES('25',N'Переломы ребер','4')
go
INSERT INTO BFX_IMPL.INJURY_SUBGROUP (CODE, DESCRIPTION, GROUP_CODE) VALUES('26',N'Проникающее ранение грудной клетки, вызванное травмой','4')
go
INSERT INTO BFX_IMPL.INJURY_SUBGROUP (CODE, DESCRIPTION, GROUP_CODE) VALUES('27',N'Прочее (п. 27)','4')
go
INSERT INTO BFX_IMPL.INJURY_SUBGROUP (CODE, DESCRIPTION, GROUP_CODE) VALUES('28',N'Прочее (п. 28)','5')
go
INSERT INTO BFX_IMPL.INJURY_SUBGROUP (CODE, DESCRIPTION, GROUP_CODE) VALUES('29',N'Прочее (п. 29)','5')
go
INSERT INTO BFX_IMPL.INJURY_SUBGROUP (CODE, DESCRIPTION, GROUP_CODE) VALUES('30',N'Повреждение крупных периферических сосудов, которое не повлекло за собой нарушение кровообращения на уровне','5')
go
INSERT INTO BFX_IMPL.INJURY_SUBGROUP (CODE, DESCRIPTION, GROUP_CODE) VALUES('31',N'Прочее (п. 31)','5')
go
INSERT INTO BFX_IMPL.INJURY_SUBGROUP (CODE, DESCRIPTION, GROUP_CODE) VALUES('32',N'Переломы, вывихи челюстей','6')
go
INSERT INTO BFX_IMPL.INJURY_SUBGROUP (CODE, DESCRIPTION, GROUP_CODE) VALUES('33',N'Повреждение челюсти, повлекшее за собой','6')
go
INSERT INTO BFX_IMPL.INJURY_SUBGROUP (CODE, DESCRIPTION, GROUP_CODE) VALUES('34',N'Прочее (п. 34)','6')
go
INSERT INTO BFX_IMPL.INJURY_SUBGROUP (CODE, DESCRIPTION, GROUP_CODE) VALUES('35',N'Повреждение языка, повлекшее за собой','6')
go
INSERT INTO BFX_IMPL.INJURY_SUBGROUP (CODE, DESCRIPTION, GROUP_CODE) VALUES('36',N'Повреждение (разрыв, ожог, ранение) пищевода, приведшее к','6')
go
INSERT INTO BFX_IMPL.INJURY_SUBGROUP (CODE, DESCRIPTION, GROUP_CODE) VALUES('37',N'Повреждение (разрыв, ожог, ранение) органов пищеварения, повлекшее за собой','6')
go
INSERT INTO BFX_IMPL.INJURY_SUBGROUP (CODE, DESCRIPTION, GROUP_CODE) VALUES('38',N'Прочее (п. 38)','6')
go
INSERT INTO BFX_IMPL.INJURY_SUBGROUP (CODE, DESCRIPTION, GROUP_CODE) VALUES('39',N'Повреждение печени в результате травмы, повлекшее за собой','6')
go
INSERT INTO BFX_IMPL.INJURY_SUBGROUP (CODE, DESCRIPTION, GROUP_CODE) VALUES('40',N'Повреждение печени, желчного пузыря в результате травмы, повлекшее за собой','6')
go
INSERT INTO BFX_IMPL.INJURY_SUBGROUP (CODE, DESCRIPTION, GROUP_CODE) VALUES('41',N'Повреждение селезенки, повлекшее за собой','6')
go
INSERT INTO BFX_IMPL.INJURY_SUBGROUP (CODE, DESCRIPTION, GROUP_CODE) VALUES('42',N'Повреждение желудка, кишечника, поджелудочной железы, брыжейки, повлекшее за собой','6')
go
INSERT INTO BFX_IMPL.INJURY_SUBGROUP (CODE, DESCRIPTION, GROUP_CODE) VALUES('43',N'Повреждение органов брюшной полости, в связи с которым была произведена','6')
go
INSERT INTO BFX_IMPL.INJURY_SUBGROUP (CODE, DESCRIPTION, GROUP_CODE) VALUES('44',N'Повреждение почки, повлекшее за собой','7')
go
INSERT INTO BFX_IMPL.INJURY_SUBGROUP (CODE, DESCRIPTION, GROUP_CODE) VALUES('45',N'Повреждение органов мочевыделительной системы (почек, мочеточников, мочевого пузыря, мочеиспускательного канала), повлекшее за собой','7')
go
INSERT INTO BFX_IMPL.INJURY_SUBGROUP (CODE, DESCRIPTION, GROUP_CODE) VALUES('46',N'Повреждение женской половой системы, приведшее к','7')
go
INSERT INTO BFX_IMPL.INJURY_SUBGROUP (CODE, DESCRIPTION, GROUP_CODE) VALUES('47',N'Повреждение мужской половой системы, приведшее к','7')
go
INSERT INTO BFX_IMPL.INJURY_SUBGROUP (CODE, DESCRIPTION, GROUP_CODE) VALUES('48',N'Повреждение мягких тканей лица, переднебоковой поверхности шеи, подчелюстной области, ушных раковин, приведшее к','8')
go
INSERT INTO BFX_IMPL.INJURY_SUBGROUP (CODE, DESCRIPTION, GROUP_CODE) VALUES('49',N'Повреждение мягких тканей волосистой части головы, туловища, конечностей, приведшее к образованию рубцов, а также ожогов и обморожений III – IV степени и ранений площадью','8')
go
INSERT INTO BFX_IMPL.INJURY_SUBGROUP (CODE, DESCRIPTION, GROUP_CODE) VALUES('50',N'Ожоги, обморожения мягких тканей туловища и конечностей II степени площадью','8')
go
INSERT INTO BFX_IMPL.INJURY_SUBGROUP (CODE, DESCRIPTION, GROUP_CODE) VALUES('51',N'Прочее (п. 51)','8')
go
INSERT INTO BFX_IMPL.INJURY_SUBGROUP (CODE, DESCRIPTION, GROUP_CODE) VALUES('52',N'Перелом или вывих тел, дужек, суставных отростков позвонков (за исключением крестца и копчика)','9')
go
INSERT INTO BFX_IMPL.INJURY_SUBGROUP (CODE, DESCRIPTION, GROUP_CODE) VALUES('53',N'Прочее (п. 53)','9')
go
INSERT INTO BFX_IMPL.INJURY_SUBGROUP (CODE, DESCRIPTION, GROUP_CODE) VALUES('54',N'Перелом поперечных или остистых отростков','9')
go
INSERT INTO BFX_IMPL.INJURY_SUBGROUP (CODE, DESCRIPTION, GROUP_CODE) VALUES('55',N'Прочее (п. 55)','9')
go
INSERT INTO BFX_IMPL.INJURY_SUBGROUP (CODE, DESCRIPTION, GROUP_CODE) VALUES('56',N'Повреждение копчика','9')
go
INSERT INTO BFX_IMPL.INJURY_SUBGROUP (CODE, DESCRIPTION, GROUP_CODE) VALUES('57',N'Перелом тела лопатки, ключицы, разрыв акромиально-ключичного или грудино-ключичного сочленений','10')
go
INSERT INTO BFX_IMPL.INJURY_SUBGROUP (CODE, DESCRIPTION, GROUP_CODE) VALUES('58',N'Повреждение плечевого сустава (суставной впадины, головки плечевой кости, анатомической, хирургической шейки, бугорков, связок, суставной сумки)','11')
go
INSERT INTO BFX_IMPL.INJURY_SUBGROUP (CODE, DESCRIPTION, GROUP_CODE) VALUES('59',N'Повреждение плечевого сустава, приведшее к','11')
go
INSERT INTO BFX_IMPL.INJURY_SUBGROUP (CODE, DESCRIPTION, GROUP_CODE) VALUES('60',N'Перелом плечевой кости на любом уровне (за исключением области суставов)','12')
go
INSERT INTO BFX_IMPL.INJURY_SUBGROUP (CODE, DESCRIPTION, GROUP_CODE) VALUES('61',N'Прочее (п. 61)','12')
go
INSERT INTO BFX_IMPL.INJURY_SUBGROUP (CODE, DESCRIPTION, GROUP_CODE) VALUES('62',N'Прочее (п. 62)','12')
go
INSERT INTO BFX_IMPL.INJURY_SUBGROUP (CODE, DESCRIPTION, GROUP_CODE) VALUES('63',N'Повреждение области локтевого сустава','13')
go
INSERT INTO BFX_IMPL.INJURY_SUBGROUP (CODE, DESCRIPTION, GROUP_CODE) VALUES('64',N'Повреждение области локтевого сустава, приведшее к','13')
go
INSERT INTO BFX_IMPL.INJURY_SUBGROUP (CODE, DESCRIPTION, GROUP_CODE) VALUES('65',N'Перелом костей предплечья (за исключением области суставов)','14')
go
INSERT INTO BFX_IMPL.INJURY_SUBGROUP (CODE, DESCRIPTION, GROUP_CODE) VALUES('67',N'Повреждение области лучезапястного сустава','15')
go
INSERT INTO BFX_IMPL.INJURY_SUBGROUP (CODE, DESCRIPTION, GROUP_CODE) VALUES('69',N'Перелом костей запястья, пястных костей одной кисти','16')
go
INSERT INTO BFX_IMPL.INJURY_SUBGROUP (CODE, DESCRIPTION, GROUP_CODE) VALUES('70',N'Прочее (п. 70)','16')
go
INSERT INTO BFX_IMPL.INJURY_SUBGROUP (CODE, DESCRIPTION, GROUP_CODE) VALUES('71',N'Прочее (п. 71)','17')
go
INSERT INTO BFX_IMPL.INJURY_SUBGROUP (CODE, DESCRIPTION, GROUP_CODE) VALUES('72',N'Прочее (п. 72)','17')
go
INSERT INTO BFX_IMPL.INJURY_SUBGROUP (CODE, DESCRIPTION, GROUP_CODE) VALUES('73',N'Травматическая ампутация пальца или повреждение, приведшее к его ампутации на уровне','17')
go
INSERT INTO BFX_IMPL.INJURY_SUBGROUP (CODE, DESCRIPTION, GROUP_CODE) VALUES('74',N'Перелом фаланги (фаланг)','18')
go
INSERT INTO BFX_IMPL.INJURY_SUBGROUP (CODE, DESCRIPTION, GROUP_CODE) VALUES('75',N'Прочее (п. 75)','18')
go
INSERT INTO BFX_IMPL.INJURY_SUBGROUP (CODE, DESCRIPTION, GROUP_CODE) VALUES('76',N'Травматическая ампутация или повреждение пальца, приведшее к ампутации','18')
go
INSERT INTO BFX_IMPL.INJURY_SUBGROUP (CODE, DESCRIPTION, GROUP_CODE) VALUES('77',N'Перелом костей таза','19')
go
INSERT INTO BFX_IMPL.INJURY_SUBGROUP (CODE, DESCRIPTION, GROUP_CODE) VALUES('78',N'Разрыв лонного, крестцово-подвздошного сочленения','19')
go
INSERT INTO BFX_IMPL.INJURY_SUBGROUP (CODE, DESCRIPTION, GROUP_CODE) VALUES('79',N'Повреждение тазобедренного сустава','20')
go
INSERT INTO BFX_IMPL.INJURY_SUBGROUP (CODE, DESCRIPTION, GROUP_CODE) VALUES('80',N'Повреждение тазобедренного сустава, повлекшее за собой','20')
go
INSERT INTO BFX_IMPL.INJURY_SUBGROUP (CODE, DESCRIPTION, GROUP_CODE) VALUES('81',N'Перелом бедра на любом уровне (за исключением области суставов)','21')
go
INSERT INTO BFX_IMPL.INJURY_SUBGROUP (CODE, DESCRIPTION, GROUP_CODE) VALUES('83',N'Травматическая ампутация или тяжелое повреждение, приведшее к ампутации конечности на любом уровне бедра','21')
go
INSERT INTO BFX_IMPL.INJURY_SUBGROUP (CODE, DESCRIPTION, GROUP_CODE) VALUES('84',N'Повреждение коленного сустава, повлекшее за собой (п.84)','21')
go
INSERT INTO BFX_IMPL.INJURY_SUBGROUP (CODE, DESCRIPTION, GROUP_CODE) VALUES('85',N'Повреждение коленного сустава, повлекшее за собой (п.85)','21')
go
INSERT INTO BFX_IMPL.INJURY_SUBGROUP (CODE, DESCRIPTION, GROUP_CODE) VALUES('86',N'Перелом костей голени (за исключением области суставов)','22')
go
INSERT INTO BFX_IMPL.INJURY_SUBGROUP (CODE, DESCRIPTION, GROUP_CODE) VALUES('87',N'Травматическая ампутация или тяжелое повреждение, повлекшее за собой','22')
go
INSERT INTO BFX_IMPL.INJURY_SUBGROUP (CODE, DESCRIPTION, GROUP_CODE) VALUES('88',N'Повреждение области голеностопного сустава','23')
go
INSERT INTO BFX_IMPL.INJURY_SUBGROUP (CODE, DESCRIPTION, GROUP_CODE) VALUES('89',N'Повреждение голеностопного сустава, повлекшее за собой','23')
go
INSERT INTO BFX_IMPL.INJURY_SUBGROUP (CODE, DESCRIPTION, GROUP_CODE) VALUES('91',N'Повреждение стопы','24')
go
INSERT INTO BFX_IMPL.INJURY_SUBGROUP (CODE, DESCRIPTION, GROUP_CODE) VALUES('92',N'Травматическая ампутация или тяжелое повреждение стопы, повлекшее за собой ее ампутацию на уровне','24')
go
INSERT INTO BFX_IMPL.INJURY_SUBGROUP (CODE, DESCRIPTION, GROUP_CODE) VALUES('93',N'Переломы фаланг (фаланги), пальца (пальцев) одной стопы','25')
go
INSERT INTO BFX_IMPL.INJURY_SUBGROUP (CODE, DESCRIPTION, GROUP_CODE) VALUES('94',N'Травматическая ампутация или повреждение, повлекшее за собой ампутацию первого пальца','25')
go
INSERT INTO BFX_IMPL.INJURY_SUBGROUP (CODE, DESCRIPTION, GROUP_CODE) VALUES('95',N'Прочее (п. 95)','25')
go
INSERT INTO BFX_IMPL.INJURY_SUBGROUP (CODE, DESCRIPTION, GROUP_CODE) VALUES('96',N'Прочее (п. 96)','25')
go



INSERT INTO BFX_IMPL.INJURY (CODE, DESCRIPTION, PAYMENT_PERCENTAGE, SUBGROUP_CODE) VALUES('1.1',N'Перелом костей черепа: Перелом наружной пластинки костей свода, расхождение шва',0.05,'1')
go
INSERT INTO BFX_IMPL.INJURY (CODE, DESCRIPTION, PAYMENT_PERCENTAGE, SUBGROUP_CODE) VALUES('1.2',N'Перелом костей черепа: Перелом свода',0.1,'1')
go
INSERT INTO BFX_IMPL.INJURY (CODE, DESCRIPTION, PAYMENT_PERCENTAGE, SUBGROUP_CODE) VALUES('1.3',N'Перелом костей черепа: Перелом основания',0.15,'1')
go
INSERT INTO BFX_IMPL.INJURY (CODE, DESCRIPTION, PAYMENT_PERCENTAGE, SUBGROUP_CODE) VALUES('1.4',N'Перелом костей черепа: Перелом свода и основания. В случае открытого перелома дополнительно выплачивается 5%',0.2,'1')
go
INSERT INTO BFX_IMPL.INJURY (CODE, DESCRIPTION, PAYMENT_PERCENTAGE, SUBGROUP_CODE) VALUES('2.1',N'Внутричерепное травматическое кровоизлияние: Субарахноидальное',0.05,'2')
go
INSERT INTO BFX_IMPL.INJURY (CODE, DESCRIPTION, PAYMENT_PERCENTAGE, SUBGROUP_CODE) VALUES('2.2',N'Внутричерепное травматическое кровоизлияние: Эпидуральная гематома',0.15,'2')
go
INSERT INTO BFX_IMPL.INJURY (CODE, DESCRIPTION, PAYMENT_PERCENTAGE, SUBGROUP_CODE) VALUES('2.3',N'Внутричерепное травматическое кровоизлияние: Субдуральная гематома',0.2,'2')
go
INSERT INTO BFX_IMPL.INJURY (CODE, DESCRIPTION, PAYMENT_PERCENTAGE, SUBGROUP_CODE) VALUES('3.1',N'Повреждение головного мозга: Сотрясение головного мозга',0.03,'3')
go
INSERT INTO BFX_IMPL.INJURY (CODE, DESCRIPTION, PAYMENT_PERCENTAGE, SUBGROUP_CODE) VALUES('3.2',N'Повреждение головного мозга: Ушиб головного мозга.',0.05,'3')
go
INSERT INTO BFX_IMPL.INJURY (CODE, DESCRIPTION, PAYMENT_PERCENTAGE, SUBGROUP_CODE) VALUES('3.3',N'Повреждение головного мозга: Не удаленные инородные тела в полости черепа (за исключением шовного и пластического материала)',0.15,'3')
go
INSERT INTO BFX_IMPL.INJURY (CODE, DESCRIPTION, PAYMENT_PERCENTAGE, SUBGROUP_CODE) VALUES('3.4',N'Повреждение головного мозга: Размозжение вещества головного мозга, подтвержденное инструментальными исследованиями (томография)',0.5,'3')
go
INSERT INTO BFX_IMPL.INJURY (CODE, DESCRIPTION, PAYMENT_PERCENTAGE, SUBGROUP_CODE) VALUES('4.1',N'Травматическое повреждение нервной системы, повлекшее за собой: Парез одной конечности (верхний или нижний монопарез)',0.3,'4')
go
INSERT INTO BFX_IMPL.INJURY (CODE, DESCRIPTION, PAYMENT_PERCENTAGE, SUBGROUP_CODE) VALUES('4.2',N'Травматическое повреждение нервной системы, повлекшее за собой: Геми- или парапарез (парез любой пары конечностей)',0.4,'4')
go
INSERT INTO BFX_IMPL.INJURY (CODE, DESCRIPTION, PAYMENT_PERCENTAGE, SUBGROUP_CODE) VALUES('4.3',N'Травматическое повреждение нервной системы, повлекшее за собой: Моноплегию (паралич одной конечности)',0.6,'4')
go
INSERT INTO BFX_IMPL.INJURY (CODE, DESCRIPTION, PAYMENT_PERCENTAGE, SUBGROUP_CODE) VALUES('4.4',N'Травматическое повреждение нервной системы, повлекшее за собой: Тетрапарез (парез верхних и нижних конечностей), слабоумие (деменция)',0.7,'4')
go
INSERT INTO BFX_IMPL.INJURY (CODE, DESCRIPTION, PAYMENT_PERCENTAGE, SUBGROUP_CODE) VALUES('4.5',N'Травматическое повреждение нервной системы, повлекшее за собой: Геми-, пара-, тетраплегию, потерю речи, нарушение функций тазовых органов',1,'4')
go
INSERT INTO BFX_IMPL.INJURY (CODE, DESCRIPTION, PAYMENT_PERCENTAGE, SUBGROUP_CODE) VALUES('5.1',N'Повреждение спинного мозга на любом уровне, а также конского хвоста: Ушиб',0.05,'5')
go
INSERT INTO BFX_IMPL.INJURY (CODE, DESCRIPTION, PAYMENT_PERCENTAGE, SUBGROUP_CODE) VALUES('5.2',N'Повреждение спинного мозга на любом уровне, а также конского хвоста: Частичный разрыв',0.5,'5')
go
INSERT INTO BFX_IMPL.INJURY (CODE, DESCRIPTION, PAYMENT_PERCENTAGE, SUBGROUP_CODE) VALUES('5.3',N'Повреждение спинного мозга на любом уровне, а также конского хвоста: Полный разрыв',1,'5')
go
INSERT INTO BFX_IMPL.INJURY (CODE, DESCRIPTION, PAYMENT_PERCENTAGE, SUBGROUP_CODE) VALUES('5.4',N'Повреждение спинного мозга на любом уровне, а также конского хвоста: Сдавление, гематомиелия',0.3,'5')
go
INSERT INTO BFX_IMPL.INJURY (CODE, DESCRIPTION, PAYMENT_PERCENTAGE, SUBGROUP_CODE) VALUES('6',N'Повреждение периферических черепно-мозговых нервов',0.1,'6')
go
INSERT INTO BFX_IMPL.INJURY (CODE, DESCRIPTION, PAYMENT_PERCENTAGE, SUBGROUP_CODE) VALUES('7.1',N'Повреждение шейного, плечевого, поясничного, крестцового нервных сплетений и их нервов: разрыв сплетения',0.5,'7')
go
INSERT INTO BFX_IMPL.INJURY (CODE, DESCRIPTION, PAYMENT_PERCENTAGE, SUBGROUP_CODE) VALUES('7.2',N'Травматический плексит',0.1,'7')
go
INSERT INTO BFX_IMPL.INJURY (CODE, DESCRIPTION, PAYMENT_PERCENTAGE, SUBGROUP_CODE) VALUES('7.3.1',N'Разрыв нервов: ветви лучевого, локтевого, пальцевого, срединного (пальцевых нервов)',0.05,'7.3')
go
INSERT INTO BFX_IMPL.INJURY (CODE, DESCRIPTION, PAYMENT_PERCENTAGE, SUBGROUP_CODE) VALUES('7.3.2',N'Разрыв нервов: на уровне лучезапястного сустава, голеностопного сустава',0.1,'7.3')
go
INSERT INTO BFX_IMPL.INJURY (CODE, DESCRIPTION, PAYMENT_PERCENTAGE, SUBGROUP_CODE) VALUES('7.3.3',N'Разрыв нервов: на уровне предплечья, голени',0.2,'7.3')
go
INSERT INTO BFX_IMPL.INJURY (CODE, DESCRIPTION, PAYMENT_PERCENTAGE, SUBGROUP_CODE) VALUES('7.3.4',N'Разрыв нервов: на уровне плеча, локтевого сустава, бедра, коленного сустава',0.4,'7.3')
go
INSERT INTO BFX_IMPL.INJURY (CODE, DESCRIPTION, PAYMENT_PERCENTAGE, SUBGROUP_CODE) VALUES('8',N'Паралич аккомодации одного глаза',0.15,'8')
go
INSERT INTO BFX_IMPL.INJURY (CODE, DESCRIPTION, PAYMENT_PERCENTAGE, SUBGROUP_CODE) VALUES('9',N'Гемианопсия (выпадение половины поля зрения) одного глаза, повреждение мышц глазного яблока (травматическое косоглазие, птоз)',0.15,'9')
go
INSERT INTO BFX_IMPL.INJURY (CODE, DESCRIPTION, PAYMENT_PERCENTAGE, SUBGROUP_CODE) VALUES('10.1',N'Сужение поля зрения одного глаза: Концентрическое',0.1,'10')
go
INSERT INTO BFX_IMPL.INJURY (CODE, DESCRIPTION, PAYMENT_PERCENTAGE, SUBGROUP_CODE) VALUES('10.2',N'Сужение поля зрения одного глаза: Неконцентрическое',0.15,'10')
go
INSERT INTO BFX_IMPL.INJURY (CODE, DESCRIPTION, PAYMENT_PERCENTAGE, SUBGROUP_CODE) VALUES('11',N'Пульсирующий экзофтальм одного глаза',0.1,'11')
go
INSERT INTO BFX_IMPL.INJURY (CODE, DESCRIPTION, PAYMENT_PERCENTAGE, SUBGROUP_CODE) VALUES('12',N'Проникающее ранение глазного яблока, иридоциклит, хориоретинит, дефект радужной оболочки',0.1,'12')
go
INSERT INTO BFX_IMPL.INJURY (CODE, DESCRIPTION, PAYMENT_PERCENTAGE, SUBGROUP_CODE) VALUES('13',N'Необратимое нарушение функции слезныхпутей одного глаза',0.1,'13')
go
INSERT INTO BFX_IMPL.INJURY (CODE, DESCRIPTION, PAYMENT_PERCENTAGE, SUBGROUP_CODE) VALUES('14',N'Ожог II – III степени, смещение хрусталика, немагнитные инородные тела в глазном яблоке или глазнице, рубцы оболочек глазного яблока, не приводящие к снижению зрения (поверхностные инородные тела на оболочках глаза не дают оснований для выплаты).',0.05,'14')
go
INSERT INTO BFX_IMPL.INJURY (CODE, DESCRIPTION, PAYMENT_PERCENTAGE, SUBGROUP_CODE) VALUES('15',N'Повреждение глаза, повлекшее за собой полную потерю зрения одного глаза.',0.5,'15')
go
INSERT INTO BFX_IMPL.INJURY (CODE, DESCRIPTION, PAYMENT_PERCENTAGE, SUBGROUP_CODE) VALUES('16',N'Повреждение глаза, повлекшее за собой полную потерю зрения единственного глаза, обладавшего любым зрением, или обоих глаз, обладавших любым зрением',1,'16')
go
INSERT INTO BFX_IMPL.INJURY (CODE, DESCRIPTION, PAYMENT_PERCENTAGE, SUBGROUP_CODE) VALUES('17',N'Перелом орбиты',0.05,'17')
go
INSERT INTO BFX_IMPL.INJURY (CODE, DESCRIPTION, PAYMENT_PERCENTAGE, SUBGROUP_CODE) VALUES('18.1',N'Повреждение ушной раковины, повлекшее за собой: Рубцовую деформацию или отсутствие ушной раковины до 1/3',0.05,'18')
go
INSERT INTO BFX_IMPL.INJURY (CODE, DESCRIPTION, PAYMENT_PERCENTAGE, SUBGROUP_CODE) VALUES('18.2',N'Повреждение ушной раковины, повлекшее за собой: Отсутствие ушной раковины на 1/2',0.1,'18')
go
INSERT INTO BFX_IMPL.INJURY (CODE, DESCRIPTION, PAYMENT_PERCENTAGE, SUBGROUP_CODE) VALUES('18.3',N'Повреждение ушной раковины, повлекшее за собой: Полное отсутствие ушной раковины',0.15,'18')
go
INSERT INTO BFX_IMPL.INJURY (CODE, DESCRIPTION, PAYMENT_PERCENTAGE, SUBGROUP_CODE) VALUES('19.1',N'Повреждение уха, приведшее к потере слуха: Травматическое снижение слуха',0.05,'19')
go
INSERT INTO BFX_IMPL.INJURY (CODE, DESCRIPTION, PAYMENT_PERCENTAGE, SUBGROUP_CODE) VALUES('19.2',N'Повреждение уха, приведшее к потере слуха: Полная глухота (разговорная речь – 0)',0.25,'19')
go
INSERT INTO BFX_IMPL.INJURY (CODE, DESCRIPTION, PAYMENT_PERCENTAGE, SUBGROUP_CODE) VALUES('20',N'Разрыв барабанной перепонки, наступивший в результате травмы, без снижения слуха (При разрыве барабанной перепонки в результате перелома основания черепа выплата не производится). Выплата осуществляется при наличии заключения отоларинголога.',0.01,'20')
go
INSERT INTO BFX_IMPL.INJURY (CODE, DESCRIPTION, PAYMENT_PERCENTAGE, SUBGROUP_CODE) VALUES('21',N'Перелом костей носа, передней стенки гайморовой пазухи, решетчатой кости',0.02,'21')
go
INSERT INTO BFX_IMPL.INJURY (CODE, DESCRIPTION, PAYMENT_PERCENTAGE, SUBGROUP_CODE) VALUES('22.1',N'Повреждение легкого, гемоторакс, пневмоторакс, инородное тело (тела) грудной полости - с одной стороны',0.05,'22')
go
INSERT INTO BFX_IMPL.INJURY (CODE, DESCRIPTION, PAYMENT_PERCENTAGE, SUBGROUP_CODE) VALUES('22.2',N'Повреждение легкого, гемоторакс, пневмоторакс, инородное тело (тела) грудной полости - с двух сторон',0.1,'22')
go
INSERT INTO BFX_IMPL.INJURY (CODE, DESCRIPTION, PAYMENT_PERCENTAGE, SUBGROUP_CODE) VALUES('23.1',N'Повреждение легкого, повлекшее за собой - Легочную недостаточность.',0.1,'23')
go
INSERT INTO BFX_IMPL.INJURY (CODE, DESCRIPTION, PAYMENT_PERCENTAGE, SUBGROUP_CODE) VALUES('23.2',N'Повреждение легкого, повлекшее за собой - Удаление части, доли легкого',0.4,'23')
go
INSERT INTO BFX_IMPL.INJURY (CODE, DESCRIPTION, PAYMENT_PERCENTAGE, SUBGROUP_CODE) VALUES('23.3',N'Повреждение легкого, повлекшее за собой - Удаление легкого',0.6,'23')
go
INSERT INTO BFX_IMPL.INJURY (CODE, DESCRIPTION, PAYMENT_PERCENTAGE, SUBGROUP_CODE) VALUES('24',N'Перелом грудины',0.1,'24')
go
INSERT INTO BFX_IMPL.INJURY (CODE, DESCRIPTION, PAYMENT_PERCENTAGE, SUBGROUP_CODE) VALUES('25.1',N'Переломы ребер - Одного ребра',0.02,'25')
go
INSERT INTO BFX_IMPL.INJURY (CODE, DESCRIPTION, PAYMENT_PERCENTAGE, SUBGROUP_CODE) VALUES('25.2',N'Переломы ребер - Каждого следующего ребра (Перелом хрящевой части ребра является основанием для выплаты по п. 25)',0.01,'25')
go
INSERT INTO BFX_IMPL.INJURY (CODE, DESCRIPTION, PAYMENT_PERCENTAGE, SUBGROUP_CODE) VALUES('26.1',N'Проникающее ранение грудной клетки, вызванное травмой - При отсутствии повреждения органов грудной полости',0.1,'26')
go
INSERT INTO BFX_IMPL.INJURY (CODE, DESCRIPTION, PAYMENT_PERCENTAGE, SUBGROUP_CODE) VALUES('26.2',N'Проникающее ранение грудной клетки, вызванное травмой - При повреждении трахеи, бронхиального дерева',0.2,'26')
go
INSERT INTO BFX_IMPL.INJURY (CODE, DESCRIPTION, PAYMENT_PERCENTAGE, SUBGROUP_CODE) VALUES('27',N'Повреждение гортани, трахеи, перелом подъязычной кости, ожог верхних дыхательных путей',0.05,'27')
go
INSERT INTO BFX_IMPL.INJURY (CODE, DESCRIPTION, PAYMENT_PERCENTAGE, SUBGROUP_CODE) VALUES('28',N'Повреждение сердца, эндо-, мио- и эпикарда, и крупных магистральных сосудов, не повлекшее за собой сердечно-сосудистую недостаточность',0.25,'28')
go
INSERT INTO BFX_IMPL.INJURY (CODE, DESCRIPTION, PAYMENT_PERCENTAGE, SUBGROUP_CODE) VALUES('29',N'Повреждение сердца, эндо-, мио- и эпикарда, и крупных магистральных сосудов, повлекшее за собой сердечно-сосудистую недостаточность',0.35,'29')
go
INSERT INTO BFX_IMPL.INJURY (CODE, DESCRIPTION, PAYMENT_PERCENTAGE, SUBGROUP_CODE) VALUES('30.1',N'Повреждение крупных периферических сосудов, которое не повлекло за собой нарушение кровообращения на уровне: Плеча, бедра',0.1,'30')
go
INSERT INTO BFX_IMPL.INJURY (CODE, DESCRIPTION, PAYMENT_PERCENTAGE, SUBGROUP_CODE) VALUES('30.2',N'Повреждение крупных периферических сосудов, которое не повлекло за собой нарушение кровообращения на уровне: Предплечья, голени',0.05,'30')
go
INSERT INTO BFX_IMPL.INJURY (CODE, DESCRIPTION, PAYMENT_PERCENTAGE, SUBGROUP_CODE) VALUES('31',N'Повреждение крупных периферических сосудов, повлекшее за собой сердечно-сосудистую недостаточность ',0.2,'31')
go
INSERT INTO BFX_IMPL.INJURY (CODE, DESCRIPTION, PAYMENT_PERCENTAGE, SUBGROUP_CODE) VALUES('32.1',N'Переломы, вывихи челюстей: Верхней челюсти, скуловых костей, нижней челюсти',0.05,'32')
go
INSERT INTO BFX_IMPL.INJURY (CODE, DESCRIPTION, PAYMENT_PERCENTAGE, SUBGROUP_CODE) VALUES('32.2',N'Переломы, вывихи челюстей: Первичный вывих нижней челюсти',0.05,'32')
go
INSERT INTO BFX_IMPL.INJURY (CODE, DESCRIPTION, PAYMENT_PERCENTAGE, SUBGROUP_CODE) VALUES('32.3',N'Переломы, вывихи челюстей: Перелом двух или более костей, или двойной перелом одной кости',0.1,'32')
go
INSERT INTO BFX_IMPL.INJURY (CODE, DESCRIPTION, PAYMENT_PERCENTAGE, SUBGROUP_CODE) VALUES('33.1',N'Повреждение челюсти, повлекшее за собой: Частичная потеря челюсти (за исключением альвеолярного отростка)',0.4,'33')
go
INSERT INTO BFX_IMPL.INJURY (CODE, DESCRIPTION, PAYMENT_PERCENTAGE, SUBGROUP_CODE) VALUES('34',N'Повреждение языка, полости рта, глотки (ожог, ранение, отморожение), повлекшее за собой образование грубых рубцов',0.03,'34')
go
INSERT INTO BFX_IMPL.INJURY (CODE, DESCRIPTION, PAYMENT_PERCENTAGE, SUBGROUP_CODE) VALUES('35.1',N'Повреждение языка, повлекшее за собой: Отсутствие языка на уровне дистальной трети',0.15,'35')
go
INSERT INTO BFX_IMPL.INJURY (CODE, DESCRIPTION, PAYMENT_PERCENTAGE, SUBGROUP_CODE) VALUES('35.2',N'Повреждение языка, повлекшее за собой: на уровне средней трети',0.3,'35')
go
INSERT INTO BFX_IMPL.INJURY (CODE, DESCRIPTION, PAYMENT_PERCENTAGE, SUBGROUP_CODE) VALUES('35.3',N'Повреждение языка, повлекшее за собой: на уровне корня, полное отсутствие',0.6,'35')
go
INSERT INTO BFX_IMPL.INJURY (CODE, DESCRIPTION, PAYMENT_PERCENTAGE, SUBGROUP_CODE) VALUES('36.1',N'Повреждение (разрыв, ожог, ранение) пищевода, приведшее к: Сужению пищевода',0.4,'36')
go
INSERT INTO BFX_IMPL.INJURY (CODE, DESCRIPTION, PAYMENT_PERCENTAGE, SUBGROUP_CODE) VALUES('36.2',N'Повреждение (разрыв, ожог, ранение) пищевода, приведшее к: Непроходимости пищевода (только при наличии гастростомы)',1,'36')
go
INSERT INTO BFX_IMPL.INJURY (CODE, DESCRIPTION, PAYMENT_PERCENTAGE, SUBGROUP_CODE) VALUES('37.1',N'Рубцовое сужение желудка, кишечника, заднепроходного отверстия, спаечную болезнь, как прямое следствие травмы, или операции, проведенной непосредственно в связи с травмой.',0.2,'37')
go
INSERT INTO BFX_IMPL.INJURY (CODE, DESCRIPTION, PAYMENT_PERCENTAGE, SUBGROUP_CODE) VALUES('37.2',N'Кишечный свищ, кишечно-влагалищный свищ, свищ поджелудочной железы',0.4,'37')
go
INSERT INTO BFX_IMPL.INJURY (CODE, DESCRIPTION, PAYMENT_PERCENTAGE, SUBGROUP_CODE) VALUES('38',N'Грыжа, образовавшаяся на месте повреждения передней брюшной стенки, диафрагмы',0.05,'38')
go
INSERT INTO BFX_IMPL.INJURY (CODE, DESCRIPTION, PAYMENT_PERCENTAGE, SUBGROUP_CODE) VALUES('39.1',N'Повреждение печени в результате травмы, повлекшее за собой: Подкапсульный разрыв печени, не потребовавший оперативного вмешательства',0.03,'39')
go
INSERT INTO BFX_IMPL.INJURY (CODE, DESCRIPTION, PAYMENT_PERCENTAGE, SUBGROUP_CODE) VALUES('39.2',N'Повреждение печени в результате травмы, повлекшее за собой: Микроразрывы ткани печени, потребовавшие лечения в объеме коагуляции',0.05,'39')
go
INSERT INTO BFX_IMPL.INJURY (CODE, DESCRIPTION, PAYMENT_PERCENTAGE, SUBGROUP_CODE) VALUES('39.3',N'Повреждение печени в результате травмы, повлекшее за собой: Печеночную недостаточность',0.1,'39')
go
INSERT INTO BFX_IMPL.INJURY (CODE, DESCRIPTION, PAYMENT_PERCENTAGE, SUBGROUP_CODE) VALUES('40.1',N'Повреждение печени, желчного пузыря в результате травмы, повлекшее за собой: Ушивание разрывов печени или удаление желчного пузыря',0.15,'40')
go
INSERT INTO BFX_IMPL.INJURY (CODE, DESCRIPTION, PAYMENT_PERCENTAGE, SUBGROUP_CODE) VALUES('40.2',N'Повреждение печени, желчного пузыря в результате травмы, повлекшее за собой: Ушивание разрывов печени и удаление желчного пузыря',0.2,'40')
go
INSERT INTO BFX_IMPL.INJURY (CODE, DESCRIPTION, PAYMENT_PERCENTAGE, SUBGROUP_CODE) VALUES('40.3',N'Удаление части печени',0.2,'40')
go
INSERT INTO BFX_IMPL.INJURY (CODE, DESCRIPTION, PAYMENT_PERCENTAGE, SUBGROUP_CODE) VALUES('40.4',N'Удаление части печени и желчного пузыря',0.3,'40')
go
INSERT INTO BFX_IMPL.INJURY (CODE, DESCRIPTION, PAYMENT_PERCENTAGE, SUBGROUP_CODE) VALUES('41.1',N'Повреждение селезенки, повлекшее за собой: Подкапсульный разрыв селезенки, не потребовавший оперативного вмешательства',0.03,'41')
go
INSERT INTO BFX_IMPL.INJURY (CODE, DESCRIPTION, PAYMENT_PERCENTAGE, SUBGROUP_CODE) VALUES('41.2',N'Повреждение селезенки, повлекшее за собой: Повреждение селезенки, повлекшее за собой: Микроразрывы селезенки, потребовавшие лечения в объеме коагуляции',0.05,'41')
go
INSERT INTO BFX_IMPL.INJURY (CODE, DESCRIPTION, PAYMENT_PERCENTAGE, SUBGROUP_CODE) VALUES('41.3',N'Повреждение селезенки, повлекшее за собой: Удаление селезенки',0.2,'41')
go
INSERT INTO BFX_IMPL.INJURY (CODE, DESCRIPTION, PAYMENT_PERCENTAGE, SUBGROUP_CODE) VALUES('42.1',N'Повреждение желудка, кишечника, поджелудочной железы, брыжейки, повлекшее за собой: Резекцию желудка, резекция до 1 метра тонкой кишки, резекция одного отдела толстой кишки, резекцию хвоста поджелудочной железы',0.25,'42')
go
INSERT INTO BFX_IMPL.INJURY (CODE, DESCRIPTION, PAYMENT_PERCENTAGE, SUBGROUP_CODE) VALUES('42.2',N'Повреждение желудка, кишечника, поджелудочной железы, брыжейки, повлекшее за собой: Гастрэктомию, удаление более 1 метра тонкой кишки, двух и более отделов толстой кишки, резекция 2/3 поджелудочной железы',0.35,'42')
go
INSERT INTO BFX_IMPL.INJURY (CODE, DESCRIPTION, PAYMENT_PERCENTAGE, SUBGROUP_CODE) VALUES('43.1',N'Повреждение органов брюшной полости, в связи с которым была произведена: Лапароскопия при подозрении и (или) повреждении органов брюшной полости (в том числе с лапароцентезом)',0.05,'43')
go
INSERT INTO BFX_IMPL.INJURY (CODE, DESCRIPTION, PAYMENT_PERCENTAGE, SUBGROUP_CODE) VALUES('43.2',N'Повреждение органов брюшной полости, в связи с которым была произведена: Лапаротомия при подозрении и (или) повреждении органов брюшной полости (в том числе с лапароскопией, лапароцентезом)',0.1,'43')
go
INSERT INTO BFX_IMPL.INJURY (CODE, DESCRIPTION, PAYMENT_PERCENTAGE, SUBGROUP_CODE) VALUES('44.1',N'Повреждение почки, повлекшее за собой: Ушиб почки',0.02,'44')
go
INSERT INTO BFX_IMPL.INJURY (CODE, DESCRIPTION, PAYMENT_PERCENTAGE, SUBGROUP_CODE) VALUES('44.2',N'Повреждение почки, повлекшее за собой: Подкапсульный разрыв почки, не потребовавший оперативного вмешательства',0.03,'44')
go
INSERT INTO BFX_IMPL.INJURY (CODE, DESCRIPTION, PAYMENT_PERCENTAGE, SUBGROUP_CODE) VALUES('44.3',N'Повреждение почки, повлекшее за собой: Резекция почки',0.15,'44')
go
INSERT INTO BFX_IMPL.INJURY (CODE, DESCRIPTION, PAYMENT_PERCENTAGE, SUBGROUP_CODE) VALUES('44.4',N'Повреждение почки, повлекшее за собой: Нефрэктомия',0.3,'44')
go
INSERT INTO BFX_IMPL.INJURY (CODE, DESCRIPTION, PAYMENT_PERCENTAGE, SUBGROUP_CODE) VALUES('45.1',N'Острую почечную недостаточность',0.15,'45')
go
INSERT INTO BFX_IMPL.INJURY (CODE, DESCRIPTION, PAYMENT_PERCENTAGE, SUBGROUP_CODE) VALUES('45.2',N'Повреждение органов мочевыделительной системы: Повреждение мочевого пузыря, потребовавшее оперативного лечения',0.1,'45')
go
INSERT INTO BFX_IMPL.INJURY (CODE, DESCRIPTION, PAYMENT_PERCENTAGE, SUBGROUP_CODE) VALUES('45.3',N'Повреждение органов мочевыделительной системы: Повреждение мочеточника (мочеточников), мочеиспускательного канала, потребовавшее оперативного лечения',0.2,'45')
go
INSERT INTO BFX_IMPL.INJURY (CODE, DESCRIPTION, PAYMENT_PERCENTAGE, SUBGROUP_CODE) VALUES('45.4',N'Повреждение органов мочевыделительной системы: Полный стеноз мочеточника, мочеиспускательного канала, мочеполовые свищи',0.3,'45')
go
INSERT INTO BFX_IMPL.INJURY (CODE, DESCRIPTION, PAYMENT_PERCENTAGE, SUBGROUP_CODE) VALUES('46.1',N'Повреждение женской половой системы, приведшее к: Потере одной маточной трубы с яичником',0.15,'46')
go
INSERT INTO BFX_IMPL.INJURY (CODE, DESCRIPTION, PAYMENT_PERCENTAGE, SUBGROUP_CODE) VALUES('46.2',N'Повреждение женской половой системы, приведшее к: Потере двух яичников, двух маточных труб, потеря матки',0.2,'46')
go
INSERT INTO BFX_IMPL.INJURY (CODE, DESCRIPTION, PAYMENT_PERCENTAGE, SUBGROUP_CODE) VALUES('46.3',N'Повреждение женской половой системы, приведшее к: Экстирпация матки с придатками',0.25,'46')
go
INSERT INTO BFX_IMPL.INJURY (CODE, DESCRIPTION, PAYMENT_PERCENTAGE, SUBGROUP_CODE) VALUES('47.1',N'Повреждение мужской половой системы, приведшее к: Потере яичка',0.15,'47')
go
INSERT INTO BFX_IMPL.INJURY (CODE, DESCRIPTION, PAYMENT_PERCENTAGE, SUBGROUP_CODE) VALUES('47.2',N'Повреждение мужской половой системы, приведшее к: Потере 2 яичек, части полового члена',0.2,'47')
go
INSERT INTO BFX_IMPL.INJURY (CODE, DESCRIPTION, PAYMENT_PERCENTAGE, SUBGROUP_CODE) VALUES('47.3',N'Повреждение мужской половой системы, приведшее к: Потере полового члена',0.25,'47')
go
INSERT INTO BFX_IMPL.INJURY (CODE, DESCRIPTION, PAYMENT_PERCENTAGE, SUBGROUP_CODE) VALUES('48.1',N'Повреждение мягких тканей лица, переднебоковой поверхности шеи, подчелюстной области, ушных раковин, приведшее к: Образованию рубцов с площадью от 10 до 19 кв. см',0.1,'48')
go
INSERT INTO BFX_IMPL.INJURY (CODE, DESCRIPTION, PAYMENT_PERCENTAGE, SUBGROUP_CODE) VALUES('48.2',N'Повреждение мягких тканей лица, переднебоковой поверхности шеи, подчелюстной области, ушных раковин, приведшее к: Образованию рубцов с площадью от 20 до 30 кв. см',0.3,'48')
go
INSERT INTO BFX_IMPL.INJURY (CODE, DESCRIPTION, PAYMENT_PERCENTAGE, SUBGROUP_CODE) VALUES('48.3',N'Повреждение мягких тканей лица, переднебоковой поверхности шеи, подчелюстной области, ушных раковин, приведшее к: Сильному изменению естественного вида лица (обезображиванию) или образованию рубцов с площадью более 30 кв. см',0.55,'48')
go
INSERT INTO BFX_IMPL.INJURY (CODE, DESCRIPTION, PAYMENT_PERCENTAGE, SUBGROUP_CODE) VALUES('49.1',N'Повреждение мягких тканей волосистой части головы, туловища, конечностей, приведшее к образованию рубцов, а также ожогов и обморожений III – IV степени и ранений площадью: от 1% до 4% поверхности тела',0.1,'49')
go
INSERT INTO BFX_IMPL.INJURY (CODE, DESCRIPTION, PAYMENT_PERCENTAGE, SUBGROUP_CODE) VALUES('49.2',N'Повреждение мягких тканей волосистой части головы, туловища, конечностей, приведшее к образованию рубцов, а также ожогов и обморожений III – IV степени и ранений площадью: от 5% до 6% поверхности тела',0.15,'49')
go
INSERT INTO BFX_IMPL.INJURY (CODE, DESCRIPTION, PAYMENT_PERCENTAGE, SUBGROUP_CODE) VALUES('49.3',N'Повреждение мягких тканей волосистой части головы, туловища, конечностей, приведшее к образованию рубцов, а также ожогов и обморожений III – IV степени и ранений площадью: от 7 % до 8% поверхности тела',0.2,'49')
go
INSERT INTO BFX_IMPL.INJURY (CODE, DESCRIPTION, PAYMENT_PERCENTAGE, SUBGROUP_CODE) VALUES('49.4',N'Повреждение мягких тканей волосистой части головы, туловища, конечностей, приведшее к образованию рубцов, а также ожогов и обморожений III – IV степени и ранений площадью: от 9% до 10% поверхности тела',0.25,'49')
go
INSERT INTO BFX_IMPL.INJURY (CODE, DESCRIPTION, PAYMENT_PERCENTAGE, SUBGROUP_CODE) VALUES('49.5',N'Повреждение мягких тканей волосистой части головы, туловища, конечностей, приведшее к образованию рубцов, а также ожогов и обморожений III – IV степени и ранений площадью: от 11% и более поверхности тела',0.3,'49')
go
INSERT INTO BFX_IMPL.INJURY (CODE, DESCRIPTION, PAYMENT_PERCENTAGE, SUBGROUP_CODE) VALUES('50.1',N'Ожоги, обморожения мягких тканей туловища и конечностей II степени площадью: от 4% до 10% поверхности тела',0.05,'50')
go
INSERT INTO BFX_IMPL.INJURY (CODE, DESCRIPTION, PAYMENT_PERCENTAGE, SUBGROUP_CODE) VALUES('50.2',N'Ожоги, обморожения мягких тканей туловища и конечностей II степени площадью: от 11% и более поверхности тела',0.1,'50')
go
INSERT INTO BFX_IMPL.INJURY (CODE, DESCRIPTION, PAYMENT_PERCENTAGE, SUBGROUP_CODE) VALUES('51',N'Ожоги, обморожения мягких тканей туловища и конечностей II степени площадью: Ожоговая болезнь, ожоговый шок',0.1,'51')
go
INSERT INTO BFX_IMPL.INJURY (CODE, DESCRIPTION, PAYMENT_PERCENTAGE, SUBGROUP_CODE) VALUES('52.1',N'Перелом или вывих тел, дужек, суставных отростков позвонков (за исключением крестца и копчика): Одного-двухПовреждение органов мочевыделительной системы',0.07,'52')
go
INSERT INTO BFX_IMPL.INJURY (CODE, DESCRIPTION, PAYMENT_PERCENTAGE, SUBGROUP_CODE) VALUES('52.2',N'Перелом или вывих тел, дужек, суставных отростков позвонков (за исключением крестца и копчика): Трех и более',0.15,'52')
go
INSERT INTO BFX_IMPL.INJURY (CODE, DESCRIPTION, PAYMENT_PERCENTAGE, SUBGROUP_CODE) VALUES('53',N'Частичный или полный разрыв межпозвоночных связок, при условии стационарного лечения 14 и более дней (за исключением копчика)',0.05,'53')
go
INSERT INTO BFX_IMPL.INJURY (CODE, DESCRIPTION, PAYMENT_PERCENTAGE, SUBGROUP_CODE) VALUES('54.1',N'Перелом поперечных или остистых отростков: Одного-двух',0.02,'54')
go
INSERT INTO BFX_IMPL.INJURY (CODE, DESCRIPTION, PAYMENT_PERCENTAGE, SUBGROUP_CODE) VALUES('54.2',N'Перелом поперечных или остистых отростков: Трех или более',0.05,'54')
go
INSERT INTO BFX_IMPL.INJURY (CODE, DESCRIPTION, PAYMENT_PERCENTAGE, SUBGROUP_CODE) VALUES('55',N'Перелом крестца',0.1,'55')
go
INSERT INTO BFX_IMPL.INJURY (CODE, DESCRIPTION, PAYMENT_PERCENTAGE, SUBGROUP_CODE) VALUES('56.1',N'Повреждение копчика: Вывих, перелом копчиковых позвонков. Состояние, определяемое как подвывих позвонка, не подлежит оплате',0.05,'56')
go
INSERT INTO BFX_IMPL.INJURY (CODE, DESCRIPTION, PAYMENT_PERCENTAGE, SUBGROUP_CODE) VALUES('56.2',N'Повреждение копчика: Удаление копчиковых позвонков вследствие травмы',0.1,'56')
go
INSERT INTO BFX_IMPL.INJURY (CODE, DESCRIPTION, PAYMENT_PERCENTAGE, SUBGROUP_CODE) VALUES('57.1',N'Перелом тела лопатки, ключицы, разрыв акромиально-ключичного или грудино-ключичного сочленений: Перелом одной кости или разрыв одного сочленения',0.05,'57')
go
INSERT INTO BFX_IMPL.INJURY (CODE, DESCRIPTION, PAYMENT_PERCENTAGE, SUBGROUP_CODE) VALUES('57.2',N'Перелом тела лопатки, ключицы, разрыв акромиально-ключичного или грудино-ключичного сочленений: Перелом двух костей, двойной перелом одной кости, разрыв двух сочленений или перелом одной кости и разрыв одного сочленения, переломовывих ключицы',0.1,'57')
go
INSERT INTO BFX_IMPL.INJURY (CODE, DESCRIPTION, PAYMENT_PERCENTAGE, SUBGROUP_CODE) VALUES('58.1',N'Повреждение плечевого сустава: Перелом суставной впадины лопатки, первичный подвывих плечевой кости, отрывы костных фрагментов, включая бугорок',0.05,'58')
go
INSERT INTO BFX_IMPL.INJURY (CODE, DESCRIPTION, PAYMENT_PERCENTAGE, SUBGROUP_CODE) VALUES('58.2',N'Повреждение плечевого сустава: Первичный вывих плечевой кости',0.07,'58')
go
INSERT INTO BFX_IMPL.INJURY (CODE, DESCRIPTION, PAYMENT_PERCENTAGE, SUBGROUP_CODE) VALUES('58.3',N'Повреждение плечевого сустава: Перелом плечевой кости (головки, анатомической, хирургической шейки), переломовывих плечевой кости, несросшийся перелом (при лечении не менее 9 месяцев)',0.15,'58')
go
INSERT INTO BFX_IMPL.INJURY (CODE, DESCRIPTION, PAYMENT_PERCENTAGE, SUBGROUP_CODE) VALUES('59.1',N'Повреждение плечевого сустава, приведшее к: Отсутствию подвижности суставе (анкилозу). Под анкилозом понимается необратимое полное сращение и неподвижность сустава',0.3,'59')
go
INSERT INTO BFX_IMPL.INJURY (CODE, DESCRIPTION, PAYMENT_PERCENTAGE, SUBGROUP_CODE) VALUES('59.2',N'Повреждение плечевого сустава, приведшее к: «Болтающемуся» плечевому суставу в результате резекции суставных поверхностей составляющих его костей',0.4,'59')
go
INSERT INTO BFX_IMPL.INJURY (CODE, DESCRIPTION, PAYMENT_PERCENTAGE, SUBGROUP_CODE) VALUES('60.1',N'Перелом плечевой кости на любом уровне (за исключением области суставов): Без смещения',0.07,'60')
go
INSERT INTO BFX_IMPL.INJURY (CODE, DESCRIPTION, PAYMENT_PERCENTAGE, SUBGROUP_CODE) VALUES('60.2',N'Перелом плечевой кости на любом уровне (за исключением области суставов): Со смещением',0.12,'60')
go
INSERT INTO BFX_IMPL.INJURY (CODE, DESCRIPTION, PAYMENT_PERCENTAGE, SUBGROUP_CODE) VALUES('61',N'Травматическая ампутация плечевой кости на любом уровне или тяжелое повреждение, приведшее к ее ампутации',0.7,'61')
go
INSERT INTO BFX_IMPL.INJURY (CODE, DESCRIPTION, PAYMENT_PERCENTAGE, SUBGROUP_CODE) VALUES('62',N'Травматическая ампутация верхней конечности с лопаткой, ключицей или их частями',0.65,'62')
go
INSERT INTO BFX_IMPL.INJURY (CODE, DESCRIPTION, PAYMENT_PERCENTAGE, SUBGROUP_CODE) VALUES('63.1',N'Повреждение области локтевого сустава: Перелом одной кости без смещения отломков',0.05,'63')
go
INSERT INTO BFX_IMPL.INJURY (CODE, DESCRIPTION, PAYMENT_PERCENTAGE, SUBGROUP_CODE) VALUES('63.2',N'Повреждение области локтевого сустава: Перелом одной кости со смещением отломков. Перелом двух костей без смещения отломков',0.07,'63')
go
INSERT INTO BFX_IMPL.INJURY (CODE, DESCRIPTION, PAYMENT_PERCENTAGE, SUBGROUP_CODE) VALUES('63.3',N'Повреждение области локтевого сустава: Перелом двух костей со смещением отломков',0.12,'63')
go
INSERT INTO BFX_IMPL.INJURY (CODE, DESCRIPTION, PAYMENT_PERCENTAGE, SUBGROUP_CODE) VALUES('64.1',N'Повреждение области локтевого сустава, приведшее к: Отсутствию подвижности в суставе (анкилозу). Под анкилозом понимается необратимое полное сращение и неподвижность сустава',0.3,'64')
go
INSERT INTO BFX_IMPL.INJURY (CODE, DESCRIPTION, PAYMENT_PERCENTAGE, SUBGROUP_CODE) VALUES('64.2',N'Повреждение области локтевого сустава, приведшее к: «Болтающемуся» локтевому суставу (в результате резекции суставных поверхностей составляющих его костей)',0.4,'64')
go
INSERT INTO BFX_IMPL.INJURY (CODE, DESCRIPTION, PAYMENT_PERCENTAGE, SUBGROUP_CODE) VALUES('65.1',N'Повреждение области локтевого сустава, приведшее к: Одной кости',0.05,'65')
go
INSERT INTO BFX_IMPL.INJURY (CODE, DESCRIPTION, PAYMENT_PERCENTAGE, SUBGROUP_CODE) VALUES('65.2',N'Повреждение области локтевого сустава, приведшее к: Двух костей',0.1,'65')
go
INSERT INTO BFX_IMPL.INJURY (CODE, DESCRIPTION, PAYMENT_PERCENTAGE, SUBGROUP_CODE) VALUES('66',N'Повреждение области локтевого сустава, приведшее к: Травматическая ампутация или серьезное повреждение, приведшее к ампутации предплечья на любом уровне',0.6,'65')
go
INSERT INTO BFX_IMPL.INJURY (CODE, DESCRIPTION, PAYMENT_PERCENTAGE, SUBGROUP_CODE) VALUES('67.1',N'Повреждение области лучезапястного сустава: Перелом одной кости предплечья, отрыв шиловидного отростка (отростков), перелом лучевой кости в типичном месте',0.03,'67')
go
INSERT INTO BFX_IMPL.INJURY (CODE, DESCRIPTION, PAYMENT_PERCENTAGE, SUBGROUP_CODE) VALUES('67.2',N'Повреждение области лучезапястного сустава: Перелом двух костей предплечья',0.077,'67')
go
INSERT INTO BFX_IMPL.INJURY (CODE, DESCRIPTION, PAYMENT_PERCENTAGE, SUBGROUP_CODE) VALUES('68',N'Повреждение области лучезапястного сустава: Внутрисуставные переломы костей лучезапястного сустава, приведшие к отсутствию подвижности сустава (анкилозу). Под анкилозом понимается необратимое полное сращение и неподвижность сустава',0.2,'67')
go
INSERT INTO BFX_IMPL.INJURY (CODE, DESCRIPTION, PAYMENT_PERCENTAGE, SUBGROUP_CODE) VALUES('69.1',N'Перелом одной кости (за исключением ладьевидной)',0.02,'69')
go
INSERT INTO BFX_IMPL.INJURY (CODE, DESCRIPTION, PAYMENT_PERCENTAGE, SUBGROUP_CODE) VALUES('69.2',N'Перелом костей запястья, пястных костей одной кисти: Двух и более костей (за исключением ладьевидной кости), ладьевидной кости',0.05,'69')
go
INSERT INTO BFX_IMPL.INJURY (CODE, DESCRIPTION, PAYMENT_PERCENTAGE, SUBGROUP_CODE) VALUES('69.3',N'Перелом костей запястья, пястных костей одной кисти: Несросшиеся переломы одной или двух костей',0.1,'69')
go
INSERT INTO BFX_IMPL.INJURY (CODE, DESCRIPTION, PAYMENT_PERCENTAGE, SUBGROUP_CODE) VALUES('70',N'Травматическая ампутация или тяжелое повреждение кисти, приведшее к ее ампутации на уровне пястных костей, запястья или лучезапястного сустава',0.55,'70')
go
INSERT INTO BFX_IMPL.INJURY (CODE, DESCRIPTION, PAYMENT_PERCENTAGE, SUBGROUP_CODE) VALUES('71',N'Перелом фаланги (фаланг)',0.03,'71')
go
INSERT INTO BFX_IMPL.INJURY (CODE, DESCRIPTION, PAYMENT_PERCENTAGE, SUBGROUP_CODE) VALUES('72',N'Повреждение пальца, повлекшее за собой отсутствие подвижности в суставе (анкилозу). Под анкилозом понимается необратимое полное сращение и неподвижность сустава',0.05,'72')
go
INSERT INTO BFX_IMPL.INJURY (CODE, DESCRIPTION, PAYMENT_PERCENTAGE, SUBGROUP_CODE) VALUES('73.1',N'Травматическая ампутация пальца или повреждение, приведшее к его ампутации на уровне: Ногтевой фаланги и межфалангового сустава',0.05,'73')
go
INSERT INTO BFX_IMPL.INJURY (CODE, DESCRIPTION, PAYMENT_PERCENTAGE, SUBGROUP_CODE) VALUES('73.2',N'Травматическая ампутация пальца или повреждение, приведшее к его ампутации на уровне: Основной фаланги, пястно-фалангового сустава (потеря пальца)',0.1,'73')
go
INSERT INTO BFX_IMPL.INJURY (CODE, DESCRIPTION, PAYMENT_PERCENTAGE, SUBGROUP_CODE) VALUES('73.3',N'Травматическая ампутация пальца или повреждение, приведшее к его ампутации на уровне: Пястной кости',0.15,'73')
go
INSERT INTO BFX_IMPL.INJURY (CODE, DESCRIPTION, PAYMENT_PERCENTAGE, SUBGROUP_CODE) VALUES('74.1',N'Перелом фаланги (фаланг): Перелом одной-двух фаланг',0.01,'74')
go
INSERT INTO BFX_IMPL.INJURY (CODE, DESCRIPTION, PAYMENT_PERCENTAGE, SUBGROUP_CODE) VALUES('74.2',N'Перелом фаланги (фаланг): Перелом трех и более фаланг',0.03,'74')
go
INSERT INTO BFX_IMPL.INJURY (CODE, DESCRIPTION, PAYMENT_PERCENTAGE, SUBGROUP_CODE) VALUES('75',N'Повреждение пальца, повлекшее за собой отсутствие подвижности в суставе (анкилоз). Под анкилозом понимается необратимое полное сращение и неподвижность сустава',0.02,'75')
go
INSERT INTO BFX_IMPL.INJURY (CODE, DESCRIPTION, PAYMENT_PERCENTAGE, SUBGROUP_CODE) VALUES('76.1',N'Травматическая ампутация или повреждение пальца, приведшее к ампутации: Пальца на уровне ногтевой фаланги (потеря фаланги)',0.02,'76')
go
INSERT INTO BFX_IMPL.INJURY (CODE, DESCRIPTION, PAYMENT_PERCENTAGE, SUBGROUP_CODE) VALUES('76.2',N'Травматическая ампутация или повреждение пальца, приведшее к ампутации: Пальца на уровне средней фаланги (потеря двух фаланг)',0.03,'76')
go
INSERT INTO BFX_IMPL.INJURY (CODE, DESCRIPTION, PAYMENT_PERCENTAGE, SUBGROUP_CODE) VALUES('76.3',N'Травматическая ампутация или повреждение пальца, приведшее к ампутации: Пальца на уровне основной фаланги (потеря пальца)',0.05,'76')
go
INSERT INTO BFX_IMPL.INJURY (CODE, DESCRIPTION, PAYMENT_PERCENTAGE, SUBGROUP_CODE) VALUES('76.4',N'Травматическая ампутация или повреждение пальца, приведшее к ампутации: Пястной кости',0.1,'76')
go
INSERT INTO BFX_IMPL.INJURY (CODE, DESCRIPTION, PAYMENT_PERCENTAGE, SUBGROUP_CODE) VALUES('76.5',N'Травматическая ампутация или повреждение пальца, приведшее к ампутации: Всех пальцев одной кисти (Гнойные воспаления пальцев рук не дают оснований для дополнительной выплаты)',0.5,'76')
go
INSERT INTO BFX_IMPL.INJURY (CODE, DESCRIPTION, PAYMENT_PERCENTAGE, SUBGROUP_CODE) VALUES('77.1',N'Перелом костей таза: Перелом крыла',0.05,'77')
go
INSERT INTO BFX_IMPL.INJURY (CODE, DESCRIPTION, PAYMENT_PERCENTAGE, SUBGROUP_CODE) VALUES('77.2',N'Перелом костей таза: Перелом лонной, седалищной кости, тела подвздошной кости, вертлужной впадины',0.1,'77')
go
INSERT INTO BFX_IMPL.INJURY (CODE, DESCRIPTION, PAYMENT_PERCENTAGE, SUBGROUP_CODE) VALUES('77.3',N'Перелом костей таза: Перелом двух и более костей',0.15,'77')
go
INSERT INTO BFX_IMPL.INJURY (CODE, DESCRIPTION, PAYMENT_PERCENTAGE, SUBGROUP_CODE) VALUES('78.1',N'Разрыв лонного, крестцово-подвздошного сочленения: Одного-двух',0.1,'78')
go
INSERT INTO BFX_IMPL.INJURY (CODE, DESCRIPTION, PAYMENT_PERCENTAGE, SUBGROUP_CODE) VALUES('78.2',N'Разрыв лонного, крестцово-подвздошного сочленения: Более двух',0.15,'78')
go
INSERT INTO BFX_IMPL.INJURY (CODE, DESCRIPTION, PAYMENT_PERCENTAGE, SUBGROUP_CODE) VALUES('79.1',N'Повреждение тазобедренного сустава: Вывих тазобедренного сустава с отрывом костного фрагмента (фрагментов)',0.03,'79')
go
INSERT INTO BFX_IMPL.INJURY (CODE, DESCRIPTION, PAYMENT_PERCENTAGE, SUBGROUP_CODE) VALUES('79.2',N'Повреждение тазобедренного сустава: Изолированный отрыв вертела (вертелов)',0.05,'79')
go
INSERT INTO BFX_IMPL.INJURY (CODE, DESCRIPTION, PAYMENT_PERCENTAGE, SUBGROUP_CODE) VALUES('79.3',N'Повреждение тазобедренного сустава: Перелом головки, шейки, проксимального метафиза бедра',0.15,'79')
go
INSERT INTO BFX_IMPL.INJURY (CODE, DESCRIPTION, PAYMENT_PERCENTAGE, SUBGROUP_CODE) VALUES('80.1',N'Повреждение тазобедренного сустава, повлекшее за собой: Отсутствие подвижности (анкилоз). Под анкилозом понимается необратимое полное сращение и неподвижность сустава',0.2,'80')
go
INSERT INTO BFX_IMPL.INJURY (CODE, DESCRIPTION, PAYMENT_PERCENTAGE, SUBGROUP_CODE) VALUES('80.2',N'Повреждение тазобедренного сустава, повлекшее за собой: «Болтающийся» сустав (в результате резекции головки бедра, вертлужной впадины).',0.5,'80')
go
INSERT INTO BFX_IMPL.INJURY (CODE, DESCRIPTION, PAYMENT_PERCENTAGE, SUBGROUP_CODE) VALUES('81.1',N'Перелом бедра на любом уровне (за исключением области суставов): Без смещения отломков',0.15,'81')
go
INSERT INTO BFX_IMPL.INJURY (CODE, DESCRIPTION, PAYMENT_PERCENTAGE, SUBGROUP_CODE) VALUES('81.2',N'Перелом бедра на любом уровне (за исключением области суставов): Со смещением отломков',0.2,'81')
go
INSERT INTO BFX_IMPL.INJURY (CODE, DESCRIPTION, PAYMENT_PERCENTAGE, SUBGROUP_CODE) VALUES('82',N'Перелом бедра на любом уровне (за исключением области суставов): Перелом бедра, осложнившийся образованием ложного сустава (несросшийся перелом)',0.45,'81')
go
INSERT INTO BFX_IMPL.INJURY (CODE, DESCRIPTION, PAYMENT_PERCENTAGE, SUBGROUP_CODE) VALUES('83.1',N'Травматическая ампутация или тяжелое повреждение, приведшее к ампутации конечности на любом уровне бедра: Одной конечности',0.6,'83')
go
INSERT INTO BFX_IMPL.INJURY (CODE, DESCRIPTION, PAYMENT_PERCENTAGE, SUBGROUP_CODE) VALUES('83.2',N'Травматическая ампутация или тяжелое повреждение, приведшее к ампутации конечности на любом уровне бедра: Единственной конечности',1,'83')
go
INSERT INTO BFX_IMPL.INJURY (CODE, DESCRIPTION, PAYMENT_PERCENTAGE, SUBGROUP_CODE) VALUES('84.1',N'Повреждение коленного сустава, повлекшее за собой: Перелом надколенника, перелом надмыщелка (надмыщелков), перелом головки малой берцовой кости',0.05,'84')
go
INSERT INTO BFX_IMPL.INJURY (CODE, DESCRIPTION, PAYMENT_PERCENTAGE, SUBGROUP_CODE) VALUES('84.2',N'Повреждение коленного сустава, повлекшее за собой: Перелом мыщелка (мыщелков), межмыщелковых возвышений, проксимального метафиза большеберцовой кости',0.1,'84')
go
INSERT INTO BFX_IMPL.INJURY (CODE, DESCRIPTION, PAYMENT_PERCENTAGE, SUBGROUP_CODE) VALUES('84.3',N'Повреждение коленного сустава, повлекшее за собой: Перелом мыщелка (мыщелков) бедренной кости',0.1,'84')
go
INSERT INTO BFX_IMPL.INJURY (CODE, DESCRIPTION, PAYMENT_PERCENTAGE, SUBGROUP_CODE) VALUES('84.4',N'Повреждение коленного сустава, повлекшее за собой: Перелом проксимального метафиза большеберцовой кости с головкой малоберцовой кости, дистального эпифиза бедренной кости',0.15,'84')
go
INSERT INTO BFX_IMPL.INJURY (CODE, DESCRIPTION, PAYMENT_PERCENTAGE, SUBGROUP_CODE) VALUES('84.5',N'Повреждение коленного сустава, повлекшее за собой: Перелом дистального эпифиза бедра и проксимального эпифиза большеберцовой кости',0.2,'84')
go
INSERT INTO BFX_IMPL.INJURY (CODE, DESCRIPTION, PAYMENT_PERCENTAGE, SUBGROUP_CODE) VALUES('85.1',N'Повреждение коленного сустава, повлекшее за собой: Отсутствие подвижности в колене (анкилоз). Под анкилозом понимается необратимое полное сращение и неподвижность сустава',0.3,'85')
go
INSERT INTO BFX_IMPL.INJURY (CODE, DESCRIPTION, PAYMENT_PERCENTAGE, SUBGROUP_CODE) VALUES('85.2',N'Повреждение коленного сустава, повлекшее за собой: «Болтающийся» коленный сустав (в результате резекции суставных поверхностей составляющих его костей)',0.4,'85')
go
INSERT INTO BFX_IMPL.INJURY (CODE, DESCRIPTION, PAYMENT_PERCENTAGE, SUBGROUP_CODE) VALUES('86.1',N'Перелом костей голени (за исключением области суставов): Малоберцовой кости',0.1,'86')
go
INSERT INTO BFX_IMPL.INJURY (CODE, DESCRIPTION, PAYMENT_PERCENTAGE, SUBGROUP_CODE) VALUES('86.2',N'Перелом костей голени (за исключением области суставов): Большеберцовой кости',0.15,'86')
go
INSERT INTO BFX_IMPL.INJURY (CODE, DESCRIPTION, PAYMENT_PERCENTAGE, SUBGROUP_CODE) VALUES('86.3',N'Перелом костей голени (за исключением области суставов): Обеих костей голени',0.2,'86')
go
INSERT INTO BFX_IMPL.INJURY (CODE, DESCRIPTION, PAYMENT_PERCENTAGE, SUBGROUP_CODE) VALUES('87.1',N'Травматическая ампутация или тяжелое повреждение, повлекшее за собой: Экзартикуляцию в коленном суставе',0.4,'87')
go
INSERT INTO BFX_IMPL.INJURY (CODE, DESCRIPTION, PAYMENT_PERCENTAGE, SUBGROUP_CODE) VALUES('87.2',N'Травматическая ампутация или тяжелое повреждение, повлекшее за собой: Ампутацию голени на любом уровне',0.45,'87')
go
INSERT INTO BFX_IMPL.INJURY (CODE, DESCRIPTION, PAYMENT_PERCENTAGE, SUBGROUP_CODE) VALUES('88.1',N'Повреждение области голеностопного сустава: Перелом лодыжки или края большеберцовой кости',0.03,'88')
go
INSERT INTO BFX_IMPL.INJURY (CODE, DESCRIPTION, PAYMENT_PERCENTAGE, SUBGROUP_CODE) VALUES('88.2',N'Повреждение области голеностопного сустава: Перелом обеих лодыжек, перелом лодыжки с краем большеберцовой кости, разрыв дистального межберцового синдесмоза',0.07,'88')
go
INSERT INTO BFX_IMPL.INJURY (CODE, DESCRIPTION, PAYMENT_PERCENTAGE, SUBGROUP_CODE) VALUES('88.3',N'Повреждение области голеностопного сустава: Перелом обеих лодыжек с краем большеберцовой кости, разрыв дистального межберцового синдесмоза с вывихом (подвывихом) ступни',0.15,'88')
go
INSERT INTO BFX_IMPL.INJURY (CODE, DESCRIPTION, PAYMENT_PERCENTAGE, SUBGROUP_CODE) VALUES('89.1',N'Повреждение голеностопного сустава, повлекшее за собой: Отсутствие подвижности сустава (анкилоз). Под анкилозом понимается необратимое полное сращение и неподвижность сустава',0.25,'89')
go
INSERT INTO BFX_IMPL.INJURY (CODE, DESCRIPTION, PAYMENT_PERCENTAGE, SUBGROUP_CODE) VALUES('89.2',N'Повреждение голеностопного сустава, повлекшее за собой: Экзартикуляцию в голеностопном суставе',0.3,'89')
go
INSERT INTO BFX_IMPL.INJURY (CODE, DESCRIPTION, PAYMENT_PERCENTAGE, SUBGROUP_CODE) VALUES('89.3',N'Повреждение голеностопного сустава, повлекшее за собой: «Болтающийся» голеностопный сустав (в результате резекции суставных поверхностей составляющих его костей)',0.35,'89')
go
INSERT INTO BFX_IMPL.INJURY (CODE, DESCRIPTION, PAYMENT_PERCENTAGE, SUBGROUP_CODE) VALUES('90',N'Разрыв ахиллова сухожилия',0.02,'89')
go
INSERT INTO BFX_IMPL.INJURY (CODE, DESCRIPTION, PAYMENT_PERCENTAGE, SUBGROUP_CODE) VALUES('91.1',N'Повреждение стопы: Перелом одной, двух костей',0.02,'91')
go
INSERT INTO BFX_IMPL.INJURY (CODE, DESCRIPTION, PAYMENT_PERCENTAGE, SUBGROUP_CODE) VALUES('91.2',N'Повреждение стопы: Перелом трех и более костей, пяточной кости',0.07,'91')
go
INSERT INTO BFX_IMPL.INJURY (CODE, DESCRIPTION, PAYMENT_PERCENTAGE, SUBGROUP_CODE) VALUES('92.1',N'Травматическая ампутация или тяжелое повреждение стопы, повлекшее за собой ее ампутацию на уровне: Плюснефаланговых суставов (отсутствие всех пальцев стопы)',0.2,'92')
go
INSERT INTO BFX_IMPL.INJURY (CODE, DESCRIPTION, PAYMENT_PERCENTAGE, SUBGROUP_CODE) VALUES('92.2',N'Травматическая ампутация или тяжелое повреждение стопы, повлекшее за собой ее ампутацию на уровне: Всех плюсневых костей',0.2,'92')
go
INSERT INTO BFX_IMPL.INJURY (CODE, DESCRIPTION, PAYMENT_PERCENTAGE, SUBGROUP_CODE) VALUES('92.3',N'Травматическая ампутация или тяжелое повреждение стопы, повлекшее за собой ее ампутацию на уровне: Предплюсны ',0.25,'92')
go
INSERT INTO BFX_IMPL.INJURY (CODE, DESCRIPTION, PAYMENT_PERCENTAGE, SUBGROUP_CODE) VALUES('92.4',N'Травматическая ампутация или тяжелое повреждение стопы, повлекшее за собой ее ампутацию на уровне: Таранной, пяточной костей, голеностопного сустава (потеря стопы)',0.35,'92')
go
INSERT INTO BFX_IMPL.INJURY (CODE, DESCRIPTION, PAYMENT_PERCENTAGE, SUBGROUP_CODE) VALUES('93.1',N'Переломы фаланг (фаланги), пальца (пальцев) одной стопы: Перелом одной фаланги, нескольких фаланг одного-двух пальцев',0.01,'93')
go
INSERT INTO BFX_IMPL.INJURY (CODE, DESCRIPTION, PAYMENT_PERCENTAGE, SUBGROUP_CODE) VALUES('93.2',N'Переломы фаланг (фаланги), пальца (пальцев) одной стопы: Перелом одной фаланги или нескольких фаланг, трех-пяти пальцев',0.05,'93')
go
INSERT INTO BFX_IMPL.INJURY (CODE, DESCRIPTION, PAYMENT_PERCENTAGE, SUBGROUP_CODE) VALUES('94.1',N'Травматическая ампутация или повреждение, повлекшее за собой ампутацию первого пальца:  На уровне ногтевой фаланги (потеря ногтевой фаланги)',0.02,'94')
go
INSERT INTO BFX_IMPL.INJURY (CODE, DESCRIPTION, PAYMENT_PERCENTAGE, SUBGROUP_CODE) VALUES('94.2',N'Травматическая ампутация или повреждение, повлекшее за собой ампутацию первого пальца:  На уровне основной фаланги (потеря пальца)',0.05,'94')
go
INSERT INTO BFX_IMPL.INJURY (CODE, DESCRIPTION, PAYMENT_PERCENTAGE, SUBGROUP_CODE) VALUES('94.3',N'Травматическая ампутация или повреждение, повлекшее за собой ампутацию первого пальца:  Одного-двух пальцев на уровне ногтевых или средних фаланг (Второго, третьего, четвертого, пятого пальцев)',0.01,'94')
go
INSERT INTO BFX_IMPL.INJURY (CODE, DESCRIPTION, PAYMENT_PERCENTAGE, SUBGROUP_CODE) VALUES('94.4',N'Травматическая ампутация или повреждение, повлекшее за собой ампутацию первого пальца:  Одного пальца на уровне основной фаланги (потеря пальца) - Второго, третьего, четвертого, пятого пальцев',0.02,'94')
go
INSERT INTO BFX_IMPL.INJURY (CODE, DESCRIPTION, PAYMENT_PERCENTAGE, SUBGROUP_CODE) VALUES('95',N'Повреждение, повлекшее за собой развитие посттравматического тромбофлебита, лимфостаза, остеомиелита, нарушение трофики',0.05,'95')
go
INSERT INTO BFX_IMPL.INJURY (CODE, DESCRIPTION, PAYMENT_PERCENTAGE, SUBGROUP_CODE) VALUES('96',N'Травматический шок или шок, развившийся вследствие острой кровопотери, связанной с травмой (геморрагический шок)',0.1,'96')
go

