-- Восстанови здоровье Лайт/Базовый/Оптима 2.0
delete from bfx_impl.declaration_medical_questions where id = '413C93BB-50F0-40E1-B880-0046935AB558'; insert into bfx_impl.declaration_medical_questions values ('413C93BB-50F0-40E1-B880-0046935AB558', N'является лицом в возрасте от 18 и до 60 полных лет (включительно) на дату заключения настоящего договора страхования');
delete from bfx_impl.declaration_medical_questions where id = '26F225F2-DD9C-4E6D-A3CB-108F8220721B'; insert into bfx_impl.declaration_medical_questions values ('26F225F2-DD9C-4E6D-A3CB-108F8220721B', N'является гражданином Российской Федерации');
delete from bfx_impl.declaration_medical_questions where id = '7FDDECB7-C642-49F8-90B4-184B88562358'; insert into bfx_impl.declaration_medical_questions values ('7FDDECB7-C642-49F8-90B4-184B88562358', N'не употребляет и не употреблял(а) ранее наркотики, токсичные, психотропные, сильнодействующие вещества без предписания квалифицированного врача, не страдает алкоголизмом, не состоит и не состоял(а) ранее на учете и не получает лечебно-консультативную помощь в наркологическом и психоневрологическом диспансерах');
delete from bfx_impl.declaration_medical_questions where id = 'C5425865-4646-4E20-997E-378F484D816B'; insert into bfx_impl.declaration_medical_questions values ('C5425865-4646-4E20-997E-378F484D816B', N'не имел(а), не обращался (не обращалась) за медицинской помощью по нижеперечисленным заболеваниям, не страдает ими в настоящее время, а также не проходит обследования и не ожидает результатов анализов и/или не проходит лечение по поводу:
- СПИД и другие заболевания, связанные с вирусом иммунодефицита человека (ВИЧ);
- заболевания дыхательной системы (обструктивная болезнь легких);
- заболевания сердечно-сосудистой системы – инсульт;
- травмы головы;
- заболевания головного мозга: энцефалит, менингит, травмы головного мозга, аноксического повреждения головного мозга вследствие перенесенного инсульта, заболевания спинного мозга: острый миелит, травмы спинного мозга и позвоночника в результате несчастного случая');
delete from bfx_impl.declaration_medical_questions where id = '309FD6FD-9584-4AA2-AFF7-42D995551940'; insert into bfx_impl.declaration_medical_questions values ('309FD6FD-9584-4AA2-AFF7-42D995551940', N'не проходит обследование или лечение, не ожидает результатов анализов по поводу Коронавирусной инфекции COVID-19, не имеет положительного теста на выявление РНК SARS-CoV-2');
delete from bfx_impl.declaration_medical_questions where id = '2EE8856D-0E57-4F8B-92AC-A949C640CA95'; insert into bfx_impl.declaration_medical_questions values ('2EE8856D-0E57-4F8B-92AC-A949C640CA95', N'не нуждается в постоянном уходе по состоянию здоровья');
delete from bfx_impl.declaration_medical_questions where id = 'A75D88B7-579E-47AD-BBBE-D0D4756C37FB'; insert into bfx_impl.declaration_medical_questions values ('A75D88B7-579E-47AD-BBBE-D0D4756C37FB', N'не находится под следствием и не является осужденным к лишению свободы.');


delete from bfx_impl.declaration_main_questions where id = '18520DB3-0E99-4C8C-B306-0A7AE40722D2'; insert into bfx_impl.declaration_main_questions values ('18520DB3-0E99-4C8C-B306-0A7AE40722D2', N'Страхователь в соответствии с Федеральным законом от 27.07.2006 № 152-ФЗ «О персональных данных» в отношении своих персональных данных и персональных данных Застрахованного, в интересах которого Страхователь действует, и при этом Страхователь гарантирует, что уполномочен Застрахованным на совершение вышеуказанных действий от его имени, свободно, своей волей и в своем интересе дает свое согласие Обществу с ограниченной ответственностью Страховая компания «Росгосстрах Жизнь» (121059, г. Москва, вн.тер.г. муниципальный округ Дорогомилово, ул. Киевская, д. 7, к. 1), Публичному акционерному обществу Страховая Компания «Росгосстрах» (140002, Московская область, г. Люберцы, ул. Парковая, д. 3), ассистанским компаниям (сервисным организациям) (Общество с ограниченной ответственностью «Глобал МедиклЕвразия Ассистанс» (место нахождения: 123610,115114, г. Москва, Краснопресненская набережная, дом 12, Офис 9261-ый Кожевнический переулок, д.6, стр.1, этаж 4, пом. VIII офис 3)) и архивным компаниям (Обществу с ограниченной ответственностью «ОСГ Рекордз Менеджмент» (115093, г. Москва, ул. Павловская, влд. 7, пом. 14Б)) на обработку их персональных данных (включая сбор, запись, систематизацию, накопление, хранение, уточнение (обновление, изменение)), извлечение, использование, передачу (предоставление, доступ), трансграничную передачу, в том числе в страны обеспечивающие и не обеспечивающие адекватную защиту прав субъектов персональных данных (США), обезличивание, блокирование, удаление, уничтожение) совершаемую с использованием средств автоматизации или без использования таких средств. Цель обработки персональных данных: заключение, сопровождение, исполнение, прекращение договора страхования и перестрахования, продвижение страховых услуг, проведение рекламных и маркетинговых акций, а также выполненияархивное хранение и выполнение требований законодательства Российской Федерации. Перечень персональных данных, на обработку которых дается согласие (при условии их раскрытия субъектом персональных данных): фамилия, имя, отчество; гражданство; дата рождения; пол; серия (при наличии) и номер документа, удостоверяющего личность субъекта персональных данных, дата выдачи документа, орган, выдавший документ; контактные номера телефонов (мобильного и/или домашнего); адреса электронной почты; информация о состоянии здоровья и диагнозах Застрахованного (в т. ч. составляющая врачебную тайну в соответствии со ст. 13, 19, 22 Федерального закона от 21.11.2011 № 323-ФЗ «Об основах охраны здоровья граждан в Российской Федерации»). Страховщик вправе поручить обработку персональных данных другому лицу, на основании заключаемого с этим лицом договора. Страховщик оставляет за собой право изменить перечень ассистанских компаний (сервисных организаций) / перестраховщиков / архивных компаний, а также список стран, в которые может быть осуществлена трансграничная передача в связи с указанными изменениями. Актуальный перечень ассистанских компаний (сервисных организаций) / перестраховщиков / архивных компаний / стран, в которые может быть осуществлена трансграничная передача, представлен на сайте Страховщика в разделе «Раскрытие информации» (www.rgsl.ru/info/). Согласие на обработку персональных данных начинает свое действие с момента заключения договора страхования и действует в течение всего срока действия договора страхования, а также в течение 5 (пяти) лет с даты его прекращения. Согласие может быть отозвано в любое время путем направления Страховщику письменного уведомления (путем направления заказного письма с уведомлением о вручении либо путем вручения лично под расписку уполномоченному представителю Страховщика).');
delete from bfx_impl.declaration_main_questions where id = 'B6685B8D-D161-44B8-BCC8-3694FACCA2EA'; insert into bfx_impl.declaration_main_questions values ('B6685B8D-D161-44B8-BCC8-3694FACCA2EA', N'Страхователь в отношении данных Застрахованного, в интересах которого Страхователь действует, и при этом Страхователь гарантирует, что уполномочен Застрахованным на совершение вышеуказанных действий от его имени, свободно, своей волей и в своем интересе дает свое согласие на получение Обществом с ограниченной ответственностью Страховая компания «Росгосстрах Жизнь» (121059, г. Москва, вн.тер.г. муниципальный округ Дорогомилово, ул. Киевская, д. 7, к. 1) / Общество с ограниченной ответственностью «Глобал МедиклЕвразия Ассистанс» (место нахождения:123610, 115114, г. Москва, Краснопресненская набережная, дом 12, Офис 9261-ый Кожевнический переулок, д.6, стр.1, этаж 4, пом. VIII офис 3)  в целях исполнения договора страхования и перестрахования: медицинской информации от любого врача (медицинского учреждения), у которого Застрахованный когда-либо консультировался и/или лечился, а также будет обращаться в последующем; на получение необходимой информации в правоохранительных, медицинских и других органах (учреждениях) для проверки предоставленной информации, а также для выяснения всех обстоятельств наступления страхового случая; на получение любой информации от страховых компаний, к которым Застрахованный обращался с заявлениями на страхование жизни. Данное согласие дано без ограничения срока действия.');
delete from bfx_impl.declaration_main_questions where id = '2B3821F2-6B8B-471C-B405-5CE211DF5979'; insert into bfx_impl.declaration_main_questions values ('2B3821F2-6B8B-471C-B405-5CE211DF5979', N'На основании положений Федерального закона от 21.11.2011 № 323-ФЗ «Об основах охраны здоровья граждан Российской Федерации» Страхователь в отношении данных Застрахованного, в интересах которого Страхователь действует, и при этом Страхователь  гарантирует, что уполномочен Застрахованным  на совершение вышеуказанных действий от его имени, свободно, своей волей и в своем интересе  разрешает медицинским и иным учреждениям предоставлять информацию о состоянии здоровья Застрахованного, о фактах обращения за оказанием медицинской помощи, диагнозе, иные сведения, полученные при медицинском обследовании и лечении Застрахованного, составляющие врачебную тайну, в том числе предоставление соответствующих копий документов, по запросу Общества с ограниченной ответственностью Страховая компания «Росгосстрах Жизнь» (121059, г. Москва, вн.тер.г. муниципальный округ Дорогомилово, ул. Киевская, д. 7, к. 1) / Общество с ограниченной ответственностью «Глобал МедиклЕвразия Ассистанс» (место нахождения:123610, 115114, г. Москва, Краснопресненская набережная, дом 12, Офис 926).1-ый Кожевнический переулок, д.6, стр.1, этаж 4, пом. VIII офис 3).');
delete from bfx_impl.declaration_main_questions where id = 'D7803117-24FF-46DA-A950-6D3BE614FC35'; insert into bfx_impl.declaration_main_questions values ('D7803117-24FF-46DA-A950-6D3BE614FC35', N'Страхователь дает свое согласие Страховщику и уполномоченному представителю Страховщика (ассистанская компания, сервисная организация и пр.) на использование адреса электронной почты, указанного при активации, с целью подключения услуги «Личный кабинет», в рамках которой предоставляется информация о текущем состоянии договора страхования. Данное согласие действует до даты прекращения настоящего договора страхования и может быть отозвано путем подачи соответствующего письменного уведомления, подписанного в присутствии уполномоченного представителя Страховщика, или путем передачи Страховщику отзыва настоящего согласия, подпись Страхователя на котором удостоверена нотариально. Страхователь обязуется незамедлительно уведомлять Страховщика о случаях несанкционированного использования зарегистрированных за Страхователем адреса электронной почты и пароля, не передавать пароль третьим лицам или использовать адреса электронной почты и пароли третьих лиц. Страхователь подтверждает, что осознает полную ответственность за сохранность информации о подключении услуги «Личный кабинет» (включая информацию об адресе электронной почты и пароле) и за все действия, которые будут произведены в «Личном кабинете» с использованием указанного выше адреса электронной почты и пароля к нему. Страхователь понимает, что информация, предоставленная в рамках услуги «Личный кабинет», носит информационно-справочный характер (не является публичной офертой); Страховщик не несет ответственности в случае возможного искажения информации в результате технических сбоев, действия несанкционированных (вредоносных) программ (вирусов), а также не несет ответственности за ущерб, который может быть причинен имуществу Страхователя (иному лицу) в результате таких событий.');
delete from bfx_impl.declaration_main_questions where id = 'A2829772-348E-421D-B2E1-9AB027FB70F4'; insert into bfx_impl.declaration_main_questions values ('A2829772-348E-421D-B2E1-9AB027FB70F4', N'Страхователь и Застрахованный с Правилами, расположенными на официальном сайте Страховщика (www.rgsl.ru), ознакомлены и согласны.');
delete from bfx_impl.declaration_main_questions where id = 'A3277657-7481-43BF-9403-A7AC4B1B723C'; insert into bfx_impl.declaration_main_questions values ('A3277657-7481-43BF-9403-A7AC4B1B723C', N'Страхователь подтверждает, что сведения, указанные в настоящем договоре страхования и приложениях к нему, являются правдивыми и содержат полную информацию. Информация, указанная в настоящем договоре страхования и приложениях к нему, признается сторонами существенной для определения вероятности наступления страхового случая.');
delete from bfx_impl.declaration_main_questions where id = '2B39EC23-A49D-4205-AB77-EC6ED74055AD'; insert into bfx_impl.declaration_main_questions values ('2B39EC23-A49D-4205-AB77-EC6ED74055AD', N'Страхователь в отношении своих данных и данных Застрахованного, в интересах которого Страхователь действует, и при этом Страхователь гарантирует, что уполномочен Застрахованным на совершение вышеуказанных действий от его имени, свободно, своей волей и в своем интересе дает свое согласие Обществу с ограниченной ответственностью Страховая компания «Росгосстрах Жизнь» (121059, г. Москва, вн.тер.г. муниципальный округ Дорогомилово, ул. Киевская, д. 7, к. 1), Публичному акционерному обществу Страховая Компания «Росгосстрах» (140002, Московская область, г. Люберцы, ул. Парковая, д. 3) на обработку и использование указанного в настоящем договоре страхования номера мобильного телефона, адреса электронной почты с целью оповещения/информирования об услугах и страховых продуктах Общества с ограниченной ответственностью Страховая компания «Росгосстрах Жизнь» (121059, г. Москва, вн.тер.г. муниципальный округ Дорогомилово, ул. Киевская, д. 7, к. 1), Публичного акционерного общества Страховая Компания «Росгосстрах» (140002, Московская область, г. Люберцы, ул. Парковая, д. 3), сообщения информации в отношении настоящего договора страхования, заключенного со Страхователем, и/или информации по страховому случаю, а также для поздравления с официальными праздниками и маркетинговых исследований. Согласие на получение информации по каналам связи дано без ограничения срока действия и может быть отозвано в любой момент времени путем направления письменного заявления Страховщику.');


-- Восстанови здоровье Лайт 2.0
delete from bfx_impl.declaration_medical where id = 'E32DB1A9-F18F-4650-81E1-121B3498D8F4'; insert into bfx_impl.declaration_medical values ('E32DB1A9-F18F-4650-81E1-121B3498D8F4', 'RHELIGHTOAS', '1', '413C93BB-50F0-40E1-B880-0046935AB558', 'underwriting');
delete from bfx_impl.declaration_medical where id = '09068486-8A4F-4B5D-B265-220029571D59'; insert into bfx_impl.declaration_medical values ('09068486-8A4F-4B5D-B265-220029571D59', 'RHELIGHTOAS', '2', '26F225F2-DD9C-4E6D-A3CB-108F8220721B', 'underwriting');
delete from bfx_impl.declaration_medical where id = 'DE9D5F70-7F46-44E3-8A11-359837D256C0'; insert into bfx_impl.declaration_medical values ('DE9D5F70-7F46-44E3-8A11-359837D256C0', 'RHELIGHTOAS', '3', '7FDDECB7-C642-49F8-90B4-184B88562358', 'underwriting');
delete from bfx_impl.declaration_medical where id = '9767E333-5667-4412-98ED-398A72E34B1B'; insert into bfx_impl.declaration_medical values ('9767E333-5667-4412-98ED-398A72E34B1B', 'RHELIGHTOAS', '4', 'C5425865-4646-4E20-997E-378F484D816B', 'underwriting');
delete from bfx_impl.declaration_medical where id = '1416D844-D2FF-4B8C-B79E-5B66D1B46A92'; insert into bfx_impl.declaration_medical values ('1416D844-D2FF-4B8C-B79E-5B66D1B46A92', 'RHELIGHTOAS', '5', '309FD6FD-9584-4AA2-AFF7-42D995551940', 'underwriting');
delete from bfx_impl.declaration_medical where id = '064EAE72-9A2A-438A-9FCF-7EABE5421F46'; insert into bfx_impl.declaration_medical values ('064EAE72-9A2A-438A-9FCF-7EABE5421F46', 'RHELIGHTOAS', '6', '2EE8856D-0E57-4F8B-92AC-A949C640CA95', 'underwriting');
delete from bfx_impl.declaration_medical where id = '5E256497-DFF8-4A8A-8C9D-99C716F27D6A'; insert into bfx_impl.declaration_medical values ('5E256497-DFF8-4A8A-8C9D-99C716F27D6A', 'RHELIGHTOAS', '7', 'A75D88B7-579E-47AD-BBBE-D0D4756C37FB', 'underwriting');

delete from bfx_impl.declaration_main where id = '04262155-53BC-4C30-A155-3A6AF74029FE'; insert into bfx_impl.declaration_main values ('04262155-53BC-4C30-A155-3A6AF74029FE', 'RHELIGHTOAS', '1', '18520DB3-0E99-4C8C-B306-0A7AE40722D2', 'legal');
delete from bfx_impl.declaration_main where id = 'B8ADE0DB-B222-4573-A39B-466C0963A9F6'; insert into bfx_impl.declaration_main values ('B8ADE0DB-B222-4573-A39B-466C0963A9F6', 'RHELIGHTOAS', '2', 'B6685B8D-D161-44B8-BCC8-3694FACCA2EA', 'block');
delete from bfx_impl.declaration_main where id = '026612C1-2465-4EAD-B321-67A2B0871FEB'; insert into bfx_impl.declaration_main values ('026612C1-2465-4EAD-B321-67A2B0871FEB', 'RHELIGHTOAS', '3', '2B3821F2-6B8B-471C-B405-5CE211DF5979', 'block');
delete from bfx_impl.declaration_main where id = '452465D5-64C8-4851-A0F2-7C724E854CB9'; insert into bfx_impl.declaration_main values ('452465D5-64C8-4851-A0F2-7C724E854CB9', 'RHELIGHTOAS', '4', 'D7803117-24FF-46DA-A950-6D3BE614FC35', 'legal');
delete from bfx_impl.declaration_main where id = 'A487C6EA-91E9-4A19-80BB-A89DB90D56A9'; insert into bfx_impl.declaration_main values ('A487C6EA-91E9-4A19-80BB-A89DB90D56A9', 'RHELIGHTOAS', '5', 'A2829772-348E-421D-B2E1-9AB027FB70F4', 'block');
delete from bfx_impl.declaration_main where id = 'F9135A90-C1B5-4C27-BA08-AE9871B40989'; insert into bfx_impl.declaration_main values ('F9135A90-C1B5-4C27-BA08-AE9871B40989', 'RHELIGHTOAS', '6', 'A3277657-7481-43BF-9403-A7AC4B1B723C', 'block');
delete from bfx_impl.declaration_main where id = 'FB5BE3BB-D8E5-41DB-B22A-CAA3E5954D84'; insert into bfx_impl.declaration_main values ('FB5BE3BB-D8E5-41DB-B22A-CAA3E5954D84', 'RHELIGHTOAS', '7', '2B39EC23-A49D-4205-AB77-EC6ED74055AD', 'legal');


-- Восстанови здоровье Базовый 2.0
delete from bfx_impl.declaration_medical where id = '170FC3ED-22F3-4D1E-9904-2F31CFC75A77'; insert into bfx_impl.declaration_medical values ('170FC3ED-22F3-4D1E-9904-2F31CFC75A77', 'RHEBASEOAS', '1', '413C93BB-50F0-40E1-B880-0046935AB558', 'underwriting');
delete from bfx_impl.declaration_medical where id = '8605FC43-B120-4D76-B7F1-48F0388E7C97'; insert into bfx_impl.declaration_medical values ('8605FC43-B120-4D76-B7F1-48F0388E7C97', 'RHEBASEOAS', '2', '26F225F2-DD9C-4E6D-A3CB-108F8220721B', 'underwriting');
delete from bfx_impl.declaration_medical where id = '5F6F5043-82DF-4147-BD7D-9896FADD9DAF'; insert into bfx_impl.declaration_medical values ('5F6F5043-82DF-4147-BD7D-9896FADD9DAF', 'RHEBASEOAS', '3', '7FDDECB7-C642-49F8-90B4-184B88562358', 'underwriting');
delete from bfx_impl.declaration_medical where id = '748CC5BC-3E3D-48DC-9AF7-AF4DB0D4F184'; insert into bfx_impl.declaration_medical values ('748CC5BC-3E3D-48DC-9AF7-AF4DB0D4F184', 'RHEBASEOAS', '4', 'C5425865-4646-4E20-997E-378F484D816B', 'underwriting');
delete from bfx_impl.declaration_medical where id = 'E6FB60F1-6AF1-4B33-8566-B7A308EC4E30'; insert into bfx_impl.declaration_medical values ('E6FB60F1-6AF1-4B33-8566-B7A308EC4E30', 'RHEBASEOAS', '5', '309FD6FD-9584-4AA2-AFF7-42D995551940', 'underwriting');
delete from bfx_impl.declaration_medical where id = '80E7A2DA-5792-43C2-9F32-C87B34782773'; insert into bfx_impl.declaration_medical values ('80E7A2DA-5792-43C2-9F32-C87B34782773', 'RHEBASEOAS', '6', '2EE8856D-0E57-4F8B-92AC-A949C640CA95', 'underwriting');
delete from bfx_impl.declaration_medical where id = '46FFA281-4B30-4576-B55C-ECDB47256BBD'; insert into bfx_impl.declaration_medical values ('46FFA281-4B30-4576-B55C-ECDB47256BBD', 'RHEBASEOAS', '7', 'A75D88B7-579E-47AD-BBBE-D0D4756C37FB', 'underwriting');

delete from bfx_impl.declaration_main where id = '2DB780A2-C0CB-4ED8-B15D-080EDD6FDF27'; insert into bfx_impl.declaration_main values ('2DB780A2-C0CB-4ED8-B15D-080EDD6FDF27', 'RHEBASEOAS', '1', '18520DB3-0E99-4C8C-B306-0A7AE40722D2', 'legal');
delete from bfx_impl.declaration_main where id = '44A3E20C-01AC-44C2-8EA1-33095C1BF12B'; insert into bfx_impl.declaration_main values ('44A3E20C-01AC-44C2-8EA1-33095C1BF12B', 'RHEBASEOAS', '2', 'B6685B8D-D161-44B8-BCC8-3694FACCA2EA', 'block');
delete from bfx_impl.declaration_main where id = 'A3AFE248-9F1F-49FA-8394-487160322D41'; insert into bfx_impl.declaration_main values ('A3AFE248-9F1F-49FA-8394-487160322D41', 'RHEBASEOAS', '3', '2B3821F2-6B8B-471C-B405-5CE211DF5979', 'block');
delete from bfx_impl.declaration_main where id = '926485AC-BE46-44A8-896D-5AE61FAA932D'; insert into bfx_impl.declaration_main values ('926485AC-BE46-44A8-896D-5AE61FAA932D', 'RHEBASEOAS', '4', 'D7803117-24FF-46DA-A950-6D3BE614FC35', 'legal');
delete from bfx_impl.declaration_main where id = '3DDC3FE3-B3D6-44DD-9E03-5C237FF9A67B'; insert into bfx_impl.declaration_main values ('3DDC3FE3-B3D6-44DD-9E03-5C237FF9A67B', 'RHEBASEOAS', '5', 'A2829772-348E-421D-B2E1-9AB027FB70F4', 'block');
delete from bfx_impl.declaration_main where id = '5490DF63-63D9-4EFF-89BD-7BE20F09077D'; insert into bfx_impl.declaration_main values ('5490DF63-63D9-4EFF-89BD-7BE20F09077D', 'RHEBASEOAS', '6', 'A3277657-7481-43BF-9403-A7AC4B1B723C', 'block');
delete from bfx_impl.declaration_main where id = 'FC288A8D-8240-4FBB-82F7-A1D3AEB4FD5E'; insert into bfx_impl.declaration_main values ('FC288A8D-8240-4FBB-82F7-A1D3AEB4FD5E', 'RHEBASEOAS', '7', '2B39EC23-A49D-4205-AB77-EC6ED74055AD', 'legal');


-- Восстанови здоровье Оптима 2.0
delete from bfx_impl.declaration_medical where id = '24E118AA-9502-4C7F-A3C7-1D78FD85E169'; insert into bfx_impl.declaration_medical values ('24E118AA-9502-4C7F-A3C7-1D78FD85E169', 'RHEOPTIMAOAS', '1', '413C93BB-50F0-40E1-B880-0046935AB558', 'underwriting');
delete from bfx_impl.declaration_medical where id = 'B7328CC6-161F-4DF8-95E3-35B4EDD5BC94'; insert into bfx_impl.declaration_medical values ('B7328CC6-161F-4DF8-95E3-35B4EDD5BC94', 'RHEOPTIMAOAS', '2', '26F225F2-DD9C-4E6D-A3CB-108F8220721B', 'underwriting');
delete from bfx_impl.declaration_medical where id = '49B9CC8C-D9BA-47DC-842A-3801640BE2A5'; insert into bfx_impl.declaration_medical values ('49B9CC8C-D9BA-47DC-842A-3801640BE2A5', 'RHEOPTIMAOAS', '3', '7FDDECB7-C642-49F8-90B4-184B88562358', 'underwriting');
delete from bfx_impl.declaration_medical where id = '66407C27-E376-4DA2-A134-85BDF63A4852'; insert into bfx_impl.declaration_medical values ('66407C27-E376-4DA2-A134-85BDF63A4852', 'RHEOPTIMAOAS', '4', 'C5425865-4646-4E20-997E-378F484D816B', 'underwriting');
delete from bfx_impl.declaration_medical where id = 'C87330D7-C576-43DA-829E-90A91A7259DC'; insert into bfx_impl.declaration_medical values ('C87330D7-C576-43DA-829E-90A91A7259DC', 'RHEOPTIMAOAS', '5', '309FD6FD-9584-4AA2-AFF7-42D995551940', 'underwriting');
delete from bfx_impl.declaration_medical where id = 'B7BE0DB2-0EE8-43E2-934B-E2715B59F518'; insert into bfx_impl.declaration_medical values ('B7BE0DB2-0EE8-43E2-934B-E2715B59F518', 'RHEOPTIMAOAS', '6', '2EE8856D-0E57-4F8B-92AC-A949C640CA95', 'underwriting');
delete from bfx_impl.declaration_medical where id = 'F1F2EB6F-8EA2-4E05-B3F1-FBB28A766F99'; insert into bfx_impl.declaration_medical values ('F1F2EB6F-8EA2-4E05-B3F1-FBB28A766F99', 'RHEOPTIMAOAS', '7', 'A75D88B7-579E-47AD-BBBE-D0D4756C37FB', 'underwriting');

delete from bfx_impl.declaration_main where id = '06B56F84-C0CC-41FC-A53E-0F56EEE5B6EF'; insert into bfx_impl.declaration_main values ('06B56F84-C0CC-41FC-A53E-0F56EEE5B6EF', 'RHEOPTIMAOAS', '1', '18520DB3-0E99-4C8C-B306-0A7AE40722D2', 'legal');
delete from bfx_impl.declaration_main where id = '46359A9D-6D0C-4204-9B01-50C6758591CE'; insert into bfx_impl.declaration_main values ('46359A9D-6D0C-4204-9B01-50C6758591CE', 'RHEOPTIMAOAS', '2', 'B6685B8D-D161-44B8-BCC8-3694FACCA2EA', 'block');
delete from bfx_impl.declaration_main where id = 'FBE3B9FE-F08B-41AC-919D-6328002C9090'; insert into bfx_impl.declaration_main values ('FBE3B9FE-F08B-41AC-919D-6328002C9090', 'RHEOPTIMAOAS', '3', '2B3821F2-6B8B-471C-B405-5CE211DF5979', 'block');
delete from bfx_impl.declaration_main where id = 'CE02AB52-03C6-4933-818E-79629EEF3549'; insert into bfx_impl.declaration_main values ('CE02AB52-03C6-4933-818E-79629EEF3549', 'RHEOPTIMAOAS', '4', 'D7803117-24FF-46DA-A950-6D3BE614FC35', 'legal');
delete from bfx_impl.declaration_main where id = 'A340544C-74B5-4FE7-BFF2-8E5BC48D230A'; insert into bfx_impl.declaration_main values ('A340544C-74B5-4FE7-BFF2-8E5BC48D230A', 'RHEOPTIMAOAS', '5', 'A2829772-348E-421D-B2E1-9AB027FB70F4', 'block');
delete from bfx_impl.declaration_main where id = 'ED2C3A0B-67F4-4CBD-A608-A2E0C3A6D4A0'; insert into bfx_impl.declaration_main values ('ED2C3A0B-67F4-4CBD-A608-A2E0C3A6D4A0', 'RHEOPTIMAOAS', '6', 'A3277657-7481-43BF-9403-A7AC4B1B723C', 'block');
delete from bfx_impl.declaration_main where id = '3BD40B77-02BA-4F5F-A153-EF9D522DE0D3'; insert into bfx_impl.declaration_main values ('3BD40B77-02BA-4F5F-A153-EF9D522DE0D3', 'RHEOPTIMAOAS', '7', '2B39EC23-A49D-4205-AB77-EC6ED74055AD', 'legal');