-- ОАС Надежный Капитал
delete from bfx_impl.declaration_medical_questions where id = '422A7849-5D34-4FC3-B036-0DDA5AF836CE'; insert into bfx_impl.declaration_medical_questions values ('422A7849-5D34-4FC3-B036-0DDA5AF836CE', N'не являюсь и не являлся (не являлась) ранее инвалидом;');
delete from bfx_impl.declaration_medical_questions where id = 'F94FB208-C3A6-4C80-A092-0E50042E9163'; insert into bfx_impl.declaration_medical_questions values ('F94FB208-C3A6-4C80-A092-0E50042E9163', N'не подавал(а) документы на освидетельствование для получения группы инвалидности и не имею оснований для присвоения группы инвалидности;');
delete from bfx_impl.declaration_medical_questions where id = 'E214F150-57EE-424B-A1C6-118C3B210B80'; insert into bfx_impl.declaration_medical_questions values ('E214F150-57EE-424B-A1C6-118C3B210B80', N'не употребляю и не употреблял(а) ранее наркотики, токсичные вещества, не страдаю алкоголизмом, не состою и не состоял(а) ранее на учете в наркологическом диспансере, психоневрологическом, туберкулезном диспансере, центрах профилактики борьбы со СПИДом;');
delete from bfx_impl.declaration_medical_questions where id = 'DA2FD225-2984-4DF4-BFB5-160FD4A9724C'; insert into bfx_impl.declaration_medical_questions values ('DA2FD225-2984-4DF4-BFB5-160FD4A9724C', N'не имел(а), не обращался (не обращалась) за медицинской помощью по нижеперечисленным заболеваниям и не страдаю ими в настоящее время:
- доброкачественные или злокачественные опухоли;
- заболевания, вызванные воздействием радиации;
- СПИД и другие заболевания, связанные с вирусом иммунодефицита человека;
- нервные или психические расстройства или заболевания (например: эпилепсия, паралич, болезнь Паркинсона, наркомания; токсикомания, алкоголизм); заболевания или травма головного, или спинного мозга;
- заболевания сердечно-сосудистой системы (например: гипертоническая болезнь II-III степени, ишемическая болезнь сердца, стенокардия, инфаркт миокарда, порок сердца, нарушения сердечного ритма, инсульт, тромбоз);
- заболевания дыхательной системы (например: хроническая обструктивная болезнь легких, саркоидоз, туберкулез легких, астма (бронхит), эмфизема, фиброз);
- заболевания крови и кроветворной системы;
- заболевания почек (например: хроническая почечная недостаточность, поликистоз почек, гломерулонефрит);
- заболевания печени (цирроз печени, гепатит В, С, D, E);
- заболевания желудочно-кишечного тракта (за исключением пищевых отравлений, гастрита);
- заболевания эндокринной системы (например: тиреотоксикоз, сахарный диабет I-II типа, заболевания гипофиза);
- заболевания опорно-двигательного аппарата (например: артрит, артроз, анкилоз, деформация суставов или конечностей, подагра, заболевания позвоночника, ревматизм и/или генерализированные заболевания и/или расстройства, включая ревматоидный артрит, волчанка);');
delete from bfx_impl.declaration_medical_questions where id = '4930A411-3BC1-415B-B826-185BC4C03860'; insert into bfx_impl.declaration_medical_questions values ('4930A411-3BC1-415B-B826-185BC4C03860', N'на протяжении последних 10 лет у меня отсутствовали следующие симптомы и/или изменения в состоянии здоровья: боли в груди, повышение артериального давления, повышение уровня холестерина в крови (требующее лечения от 3 недель и более), патологические изменения на ЭКГ, обмороки, потеря сознания, судорожные припадки, нарушение речи;');
delete from bfx_impl.declaration_medical_questions where id = 'DF539E4A-B83D-4D10-9D10-1D4FF8149F87'; insert into bfx_impl.declaration_medical_questions values ('DF539E4A-B83D-4D10-9D10-1D4FF8149F87', N'на протяжении последних 12 месяцев я не подвергался (не подвергалась) хирургическим вмешательствам или не был(а) госпитализирован(а), за исключением госпитализации по причине: беременности и родов, аппендэктомии, грыжесечения, тонзилэктомии, аденоидэктомии, пункций околоносовых пазух, септопластики, геморроидэктомии, пластических операций, стоматологических операций;');
delete from bfx_impl.declaration_medical_questions where id = '8DBBC9C8-833A-41C0-A233-21B12919229D'; insert into bfx_impl.declaration_medical_questions values ('8DBBC9C8-833A-41C0-A233-21B12919229D', N'не прохожу службу в вооруженных силах, не занят(а) в профессиональной или непрофессиональной авиации, в работах со взрывчатыми и радиоактивными веществами, подземных работах, не являюсь водолазом, пожарным, скалолазом, работником ядерной промышленности, нефтяником (за исключением офисных сотрудников), охранником и профессиональным спортсменом, не работаю с оружием;');
delete from bfx_impl.declaration_medical_questions where id = 'FBF6DFEF-0340-43D6-8D71-221F6C285539'; insert into bfx_impl.declaration_medical_questions values ('FBF6DFEF-0340-43D6-8D71-221F6C285539', N'не намереваюсь путешествовать на территории, на которой объявлено чрезвычайное положение или проводятся боевые действия;');
delete from bfx_impl.declaration_medical_questions where id = '8287E298-EB3C-4B38-8BE1-26BE9BCB9E76'; insert into bfx_impl.declaration_medical_questions values ('8287E298-EB3C-4B38-8BE1-26BE9BCB9E76', N'не нахожусь под следствием и не являюсь осужденным к лишению свободы.');

delete from bfx_impl.declaration_medical where id = '88F56A40-1966-400B-B227-2C7B850E01FD'; insert into bfx_impl.declaration_medical values ('88F56A40-1966-400B-B227-2C7B850E01FD', 'CAPCLRELOAS', '1', '422A7849-5D34-4FC3-B036-0DDA5AF836CE', 'underwriting');
delete from bfx_impl.declaration_medical where id = '735CD0C4-C911-4347-A0E4-3125506CC3BD'; insert into bfx_impl.declaration_medical values ('735CD0C4-C911-4347-A0E4-3125506CC3BD', 'CAPCLRELOAS', '2', 'F94FB208-C3A6-4C80-A092-0E50042E9163', 'underwriting');
delete from bfx_impl.declaration_medical where id = 'C3FFF790-3762-4AFB-A87E-39460005E1D6'; insert into bfx_impl.declaration_medical values ('C3FFF790-3762-4AFB-A87E-39460005E1D6', 'CAPCLRELOAS', '3', 'E214F150-57EE-424B-A1C6-118C3B210B80', 'underwriting');
delete from bfx_impl.declaration_medical where id = '0340A268-65A3-4C68-BB1A-3B60099EC11C'; insert into bfx_impl.declaration_medical values ('0340A268-65A3-4C68-BB1A-3B60099EC11C', 'CAPCLRELOAS', '4', 'DA2FD225-2984-4DF4-BFB5-160FD4A9724C', 'underwriting');
delete from bfx_impl.declaration_medical where id = 'D6FAD3C7-02BD-4C1B-96E4-41B2643FE4DC'; insert into bfx_impl.declaration_medical values ('D6FAD3C7-02BD-4C1B-96E4-41B2643FE4DC', 'CAPCLRELOAS', '5', '4930A411-3BC1-415B-B826-185BC4C03860', 'underwriting');
delete from bfx_impl.declaration_medical where id = '0ADCCE56-B0B7-4173-B4ED-4EE926DF5121'; insert into bfx_impl.declaration_medical values ('0ADCCE56-B0B7-4173-B4ED-4EE926DF5121', 'CAPCLRELOAS', '6', 'DF539E4A-B83D-4D10-9D10-1D4FF8149F87', 'underwriting');
delete from bfx_impl.declaration_medical where id = '702207BD-860D-4493-99F6-517EAE581D96'; insert into bfx_impl.declaration_medical values ('702207BD-860D-4493-99F6-517EAE581D96', 'CAPCLRELOAS', '7', '8DBBC9C8-833A-41C0-A233-21B12919229D', 'underwriting');
delete from bfx_impl.declaration_medical where id = '93B46101-17AD-4598-8323-54DDCE221037'; insert into bfx_impl.declaration_medical values ('93B46101-17AD-4598-8323-54DDCE221037', 'CAPCLRELOAS', '8', 'FBF6DFEF-0340-43D6-8D71-221F6C285539', 'underwriting');
delete from bfx_impl.declaration_medical where id = 'A789383E-B760-4F8F-B992-5F1560C6719C'; insert into bfx_impl.declaration_medical values ('A789383E-B760-4F8F-B992-5F1560C6719C', 'CAPCLRELOAS', '9', '8287E298-EB3C-4B38-8BE1-26BE9BCB9E76', 'underwriting');

delete from bfx_impl.declaration_medical where id = 'B23BF3AC-0A68-4E4D-ADAA-60CF2A99822F'; insert into bfx_impl.declaration_medical values ('B23BF3AC-0A68-4E4D-ADAA-60CF2A99822F', 'CAPCLRELBOXOAS', '1', '422A7849-5D34-4FC3-B036-0DDA5AF836CE', 'underwriting');
delete from bfx_impl.declaration_medical where id = '407695BC-7D6E-4022-83B6-62207375B7C5'; insert into bfx_impl.declaration_medical values ('407695BC-7D6E-4022-83B6-62207375B7C5', 'CAPCLRELBOXOAS', '2', 'F94FB208-C3A6-4C80-A092-0E50042E9163', 'underwriting');
delete from bfx_impl.declaration_medical where id = '0766782C-D205-4FB6-B1A2-62B8009E1592'; insert into bfx_impl.declaration_medical values ('0766782C-D205-4FB6-B1A2-62B8009E1592', 'CAPCLRELBOXOAS', '3', 'E214F150-57EE-424B-A1C6-118C3B210B80', 'underwriting');
delete from bfx_impl.declaration_medical where id = 'C9273B54-692D-41F7-9EDD-67C368B50E38'; insert into bfx_impl.declaration_medical values ('C9273B54-692D-41F7-9EDD-67C368B50E38', 'CAPCLRELBOXOAS', '4', 'DA2FD225-2984-4DF4-BFB5-160FD4A9724C', 'underwriting');
delete from bfx_impl.declaration_medical where id = 'BF7E1421-81BC-480C-AFCE-6AA82F7F6206'; insert into bfx_impl.declaration_medical values ('BF7E1421-81BC-480C-AFCE-6AA82F7F6206', 'CAPCLRELBOXOAS', '5', '4930A411-3BC1-415B-B826-185BC4C03860', 'underwriting');
delete from bfx_impl.declaration_medical where id = 'CB0AD712-454C-4016-BA9C-6AA892B74951'; insert into bfx_impl.declaration_medical values ('CB0AD712-454C-4016-BA9C-6AA892B74951', 'CAPCLRELBOXOAS', '6', 'DF539E4A-B83D-4D10-9D10-1D4FF8149F87', 'underwriting');
delete from bfx_impl.declaration_medical where id = '9DF342C3-8D85-4BC5-BBE5-7126FAF6A385'; insert into bfx_impl.declaration_medical values ('9DF342C3-8D85-4BC5-BBE5-7126FAF6A385', 'CAPCLRELBOXOAS', '7', '8DBBC9C8-833A-41C0-A233-21B12919229D', 'underwriting');
delete from bfx_impl.declaration_medical where id = 'D0381A97-9BC4-49BA-9EBA-7CAF1BDE3684'; insert into bfx_impl.declaration_medical values ('D0381A97-9BC4-49BA-9EBA-7CAF1BDE3684', 'CAPCLRELBOXOAS', '8', 'FBF6DFEF-0340-43D6-8D71-221F6C285539', 'underwriting');
delete from bfx_impl.declaration_medical where id = '2FE4EDF9-95B6-4DF3-8940-82322908A61E'; insert into bfx_impl.declaration_medical values ('2FE4EDF9-95B6-4DF3-8940-82322908A61E', 'CAPCLRELBOXOAS', '9', '8287E298-EB3C-4B38-8BE1-26BE9BCB9E76', 'underwriting');

delete from bfx_impl.declaration_main_questions where id = '181195EA-3097-4955-A595-01C78DDDE7EE'; insert into bfx_impl.declaration_main_questions values ('181195EA-3097-4955-A595-01C78DDDE7EE', N'Общая страховая сумма в отношении Застрахованного по всем договорам страхования ООО СК «Росгосстрах Жизнь» по продуктам накопительного, рискового и пенсионного страхования жизни, включая настоящий договор страхования, не превышает:
- 3 000 000 рублей в сумме по рискам «Смерть Застрахованного по любой причине», «Смерть Застрахованного по любой причине с отложенной страховой выплатой» и «Смерть Застрахованного по любой причине с освобождением от уплаты страховых взносов»;
- 1 800 000 рублей по риску «Смерть Застрахованного в результате несчастного случая»;
- 1 800 000 рублей по риску «Смерть Застрахованного в результате дорожно-транспортного происшествия»;
- 3 000 000 рублей в сумме по рискам, подразумевающим выплату в случае установления Застрахованному инвалидности;
- 3 000 000 рублей в сумме по рискам «Первичное диагностирование Застрахованному критического заболевания» и «Первичное диагностирование Застрахованному критического заболевания с освобождением от уплаты страховых взносов»;
- 1 800 000 рублей в сумме по рискам «Травма Застрахованного в результате несчастного случая» и «Тяжкие телесные повреждения Застрахованного в результате несчастного случая».');
delete from bfx_impl.declaration_main_questions where id = '92CA08A6-1AAD-47FF-B3F4-05E6F42C85A2'; insert into bfx_impl.declaration_main_questions values ('92CA08A6-1AAD-47FF-B3F4-05E6F42C85A2', N'Страхователь подтверждает, что страхование осуществляется в целях обеспечения защиты его интересов, за счет средств Страхователя.');
delete from bfx_impl.declaration_main_questions where id = '11123690-73C8-4C1F-98F0-0616D66956CB'; insert into bfx_impl.declaration_main_questions values ('11123690-73C8-4C1F-98F0-0616D66956CB', N'Страхователь подтверждает отсутствие у него: действующей профессиональной дисквалификации, непогашенной судимости или административного взыскания в соответствии с законодательством Российской Федерации, просроченной задолженности в кредитных организациях.');
delete from bfx_impl.declaration_main_questions where id = 'F11FF232-53E9-4EE0-8861-0A951EADEC41'; insert into bfx_impl.declaration_main_questions values ('F11FF232-53E9-4EE0-8861-0A951EADEC41', N'Страхователь не является иностранным публичным должностным лицом («иностранное публичное должностное лицо» означает любое назначаемое или избираемое лицо, занимающее какую-либо должность в законодательном, исполнительном, административном или судебном органе иностранного государства, и любое лицо, выполняющее какую-либо публичную функцию для иностранного государства, в том числе для публичного ведомства или публичного предприятия), должностным лицом публичных международных организаций («должностное лицо публичной международной организации» означает международного гражданского служащего или любое лицо, которое уполномочено такой организацией действовать от ее имени), российским публичным должностным лицом, лицом, замещающим (занимающим) государственные должности в Российской Федерации, должности членов Совета директоров Банка России, должности федеральной государственной службы, назначение на которые и освобождение от которых осуществляются Президентом Российской Федерации или Правительством Российской Федерации, должности в Банке России, государственных корпорациях и иных организациях, созданных Российской Федерацией на основании федеральных законов, включенные в перечни должностей, определяемые Президентом Российской Федерации, родственником кого-то из вышеперечисленных лиц (супругом, родителем, ребенком, дедушкой, бабушкой, внуком, полнородным и неполнородным (имеющим общих отца или мать) братом и сестрой, усыновителем и усыновленным) или представителем, действующим от его имени.');
delete from bfx_impl.declaration_main_questions where id = 'BE2871B6-A586-4FC9-8D0C-144967F58786'; insert into bfx_impl.declaration_main_questions values ('BE2871B6-A586-4FC9-8D0C-144967F58786', N'Страхователь подтверждает, что не принадлежит (не зарегистрирован, не проживает и не находится) к государству (территории): с высокой террористической или экстремистской активностью; в отношении которого (которой) применяются специальные экономические меры в соответствии с Федеральным законом «О специальных экономических мерах»; которое (которая) не выполняет рекомендации Группы разработки финансовых мер борьбы с отмыванием денег (ФАТФ), либо с использованием счета в банке, зарегистрированном в указанном государстве (на указанной территории) – ИР Иран, КНДР (включая международные неправительственные организации), к государствам (территориям) с повышенным уровнем коррупции и/или другой преступной деятельности; предоставляющему (предоставляющей) льготный режим налогообложения и/или не предусматривающему (предусматривающей) раскрытия и предоставления информации при проведении финансовых операций (офшорной зоны); не имеет открытого банковского счета, зарегистрированного в указанном государстве или на указанной территории.');
delete from bfx_impl.declaration_main_questions where id = '1C399305-7209-422A-98B6-1DE5A4DEB1E6'; insert into bfx_impl.declaration_main_questions values ('1C399305-7209-422A-98B6-1DE5A4DEB1E6', N'Страхователь подтверждает, что иное физическое лицо не имеет возможности контролировать действия Страхователя.');
delete from bfx_impl.declaration_main_questions where id = 'AD1F1CEB-DED7-4358-9E1A-201D75BBB65A'; insert into bfx_impl.declaration_main_questions values ('AD1F1CEB-DED7-4358-9E1A-201D75BBB65A', N'Страхователь подтверждает, что он не является налоговым резидентом США и не обладает ни одним из признаков налогового резидента США (не имеет гражданства США (в том числе в случае наличия двух и более гражданств) и разрешения на постоянное пребывание в США (форма I-551 Green Card); не соответствует критерию «Долгосрочное пребывание» на территории США; местом рождения Страхователя не является территория США; не имеет адреса проживания и/или почтового адреса, номера контактного телефона и/или факса на территории США; не имеет открытых счетов в кредитных организациях на территории США). (Физическое лицо соответствует критерию «Долгосрочное пребывание», если оно находилось на территории США не менее 31 дня в течение текущего календарного года и не менее 183 дней в течение 3 лет, включая текущий год и два непосредственно предшествующих года. При этом сумма дней, в течение которых физическое лицо присутствовало на территории США в текущем году, а также двух предшествующих годах, умножается на установленный коэффициент: коэффициент для текущего года равен 1 (т. е. учитываются все дни, проведенные в США в текущем году); коэффициент предшествующего года равен 1/3; коэффициент позапрошлого года – 1/6.).');
delete from bfx_impl.declaration_main_questions where id = '87ACB321-02AC-4EAE-A753-243F0446CF1E'; insert into bfx_impl.declaration_main_questions values ('87ACB321-02AC-4EAE-A753-243F0446CF1E', N'Страхователь подтверждает, что на момент заключения настоящего договора страхования, не является налоговым резидентом страны, отличной от Российской Федерации и не обладает ни одним из признаков иностранного налогового резидентства (не имеет иностранного адреса места фактического проживания или почтового адреса в иностранном государстве; не имеет номера телефона в иностранном государстве при отсутствии номера телефона в Российской Федерации; не имеет постоянного поручения на перечисление средств (за исключением банковского вклада) на счет или адрес в иностранном государстве; не имеет доверенности или права подписи, предоставленных лицу, проживающему в иностранном государстве; не имеет адреса до востребования в иностранной юрисдикции.');
delete from bfx_impl.declaration_main_questions where id = '71DCF676-265D-405C-BA95-262ED39F092C'; insert into bfx_impl.declaration_main_questions values ('71DCF676-265D-405C-BA95-262ED39F092C', N'Страхователь обязуется не реже одного раза в год и/или по мере изменения идентификационных данных, указанных в настоящем договоре страхования, направлять Страховщику обновленные персональные данные по форме, предложенной Страховщиком.
Непредставление соответствующей информации Страховщик вправе расценить как неизменность сведений о Страхователе, установленных при его идентификации, и обновить идентификационные сведения на основе данных, представленных Страхователем ранее в сроки, установленные Федеральным законом от 07.08.2001 N 115-ФЗ «О противодействии легализации (отмыванию) доходов, полученных преступным путем, и финансированию терроризма».');
delete from bfx_impl.declaration_main_questions where id = '2F6DB1D7-F21A-4F0B-A0D3-2C220368C79D'; insert into bfx_impl.declaration_main_questions values ('2F6DB1D7-F21A-4F0B-A0D3-2C220368C79D', N'Страхователь дает свое согласие Страховщику на использование адреса электронной почты, указанного в пункте I договора страхования, с целью подключения услуги «Личный кабинет», в рамках которой предоставляется информация о текущем состоянии договора страхования. Данное согласие действует до даты прекращения настоящего договора страхования и может быть отозвано путем подачи соответствующего письменного уведомления, подписанного в присутствии уполномоченного представителя Страховщика, или путем передачи Страховщику отзыва настоящего согласия, подпись Страхователя на котором удостоверена нотариально. Страхователь обязуется незамедлительно уведомлять Страховщика о случаях несанкционированного использования зарегистрированных за Страхователем адреса электронной почты и пароля, не передавать пароль третьим лицам или использовать адреса электронной почты и пароли третьих лиц. Страхователь подтверждает, что осознает полную ответственность за сохранность информации о подключении услуги «Личный кабинет» (включая информацию об адресе электронной почты и пароле) и за все действия, которые будут произведены в «Личном кабинете» с использованием указанного выше адреса электронной почты и пароля к нему. Страхователь понимает, что информация, предоставленная в рамках услуги «Личный кабинет», носит информационно-справочный характер (не является публичной офертой); Страховщик не несет ответственности в случае возможного искажения информации в результате технических сбоев, действия несанкционированных (вредоносных) программ (вирусов), а также не несет ответственности за ущерб, который может быть причинен имуществу Страхователя (иному лицу) в результате таких событий.');
delete from bfx_impl.declaration_main_questions where id = 'B19CFAEE-495F-4F91-A86F-2D448C5F6FBC'; insert into bfx_impl.declaration_main_questions values ('B19CFAEE-495F-4F91-A86F-2D448C5F6FBC', N'Застрахованный дает свое согласие на получение Обществом с ограниченной ответственностью Страховая компания «Росгосстрах Жизнь» (121059, г. Москва, вн.тер.г. муниципальный округ Дорогомилово, ул. Киевская, д. 7, к. 1) в целях исполнения договора страхования и перестрахования: медицинской информации от любого врача (медицинского учреждения), у которого он когда-либо консультировался и/или лечился, а также будет обращаться в последующем; на получение необходимой информации в правоохранительных, медицинских и других органах (учреждениях) для проверки предоставленной информации, а также для выяснения всех обстоятельств наступления страхового случая; на получение любой информации от страховых компаний, к которым Застрахованный обращался с заявлениями на страхование жизни. Данное согласие дано без ограничения срока действия.');
delete from bfx_impl.declaration_main_questions where id = '4498BC11-1F33-4437-AD67-485E7C89B8AF'; insert into bfx_impl.declaration_main_questions values ('4498BC11-1F33-4437-AD67-485E7C89B8AF', N'На основании положений Федерального закона от 21.11.2011 № 323-ФЗ «Об основах охраны здоровья граждан Российской Федерации» Застрахованный разрешает медицинским и иным учреждениям предоставлять информацию о состоянии его здоровья, о фактах обращения за оказанием медицинской помощи, диагнозе, иные сведения, полученные при медицинском обследовании и лечении Застрахованного, составляющие врачебную тайну, в том числе предоставление соответствующих копий документов, по запросу Страховщика.');
delete from bfx_impl.declaration_main_questions where id = 'B00A0B2A-6202-4AE5-8074-4924782F097D'; insert into bfx_impl.declaration_main_questions values ('B00A0B2A-6202-4AE5-8074-4924782F097D', N'Страхователь и Застрахованный в соответствии с Федеральным законом от 27.07.2006 № 152-ФЗ «О персональных данных» свободно, своей волей и в своем интересе дают свое согласие Обществу с ограниченной ответственностью Страховая компания «Росгосстрах Жизнь» (место нахождения: 121059, г. Москва, вн.тер.г. муниципальный округ Дорогомилово, ул. Киевская, д. 7, к. 1), Публичному акционерному обществу Страховая Компания «Росгосстрах» (место нахождения: 140002, Московская область, г. Люберцы, ул. Парковая, д. 3), перестраховщикам (Акционерное общество «Российская Национальная Перестраховочная Компания» (место нахождения: 125047, г. Москва, ул. Гашека, д. 6, Помещение XII)), архивным компаниям (Обществу с ограниченной ответственностью «ОСГ Рекордз Менеджмент» (место нахождения: 115093, г. Москва, ул. Павловская, влд. 7, пом. 14Б)) и ассистанским компаниям (сервисным организациям) (Общество с ограниченной ответственностью «Инновационные Сервисы» (место нахождения: 127055, г. Москва, Бутырский вал, д. 68/70, стр. 1; этаж 3; пом. I, ком. 5), Общество с ограниченной ответственностью «Медоблако» (место нахождения: 109518, г. Москва, ул. Грайвороновская, д. 23)) на обработку их персональных данных (включая сбор, запись, систематизацию, накопление, хранение, уточнение (обновление, изменение), извлечение, использование, передачу (предоставление, доступ), трансграничную передачу, в том числе в страны обеспечивающие и не обеспечивающие адекватную защиту прав субъектов персональных данных (США), обезличивание, блокирование, удаление, уничтожение) совершаемую с использованием средств автоматизации или без использования таких средств. Цель обработки персональных данных: заключение, сопровождение, исполнение, прекращение договора страхования и перестрахования, продвижение страховых услуг, проведение рекламных и маркетинговых акций, а также архивное хранение и выполнение требований законодательства Российской Федерации. Перечень персональных данных, на обработку которых дается согласие (при условии их раскрытия субъектом персональных данных): фамилия, имя, отчество; гражданство; дата рождения; место рождения; пол; серия (при наличии) и номер документа, удостоверяющего личность субъекта персональных данных, дата выдачи документа, орган, выдавший документ; адрес постоянной регистрации; почтовый адрес; контактные номера телефонов (мобильного и/или домашнего); адреса электронной почты; информация о состоянии здоровья и диагнозах Застрахованного (в т. ч. составляющая врачебную тайну в соответствии со ст. 13, 19, 22 Федерального закона от 21.11.2011 № 323-ФЗ «Об основах охраны здоровья граждан в Российской Федерации»). Страховщик вправе поручить обработку персональных данных другому лицу, на основании заключаемого с этим лицом договора. Страховщик оставляет за собой право изменить перечень ассистанских компаний (сервисных организаций) / перестраховщиков / архивных компаний, а также список стран, в которые может быть осуществлена трансграничная передача в связи с указанными изменениями. Актуальный перечень ассистанских компаний (сервисных организаций) / перестраховщиков / архивных компаний / стран, в которые может быть осуществлена трансграничная передача, представлен на сайте Страховщика в разделе «Раскрытие информации» (www.rgsl.ru/info/). Согласие на обработку персональных данных начинает свое действие с момента подписания договора страхования и действует в течение всего срока действия договора страхования, а также в течение 5 (пяти) лет с даты его прекращения. Согласие может быть отозвано в любое время путем направления Страховщику письменного уведомления (путем направления заказного письма с уведомлением о вручении либо путем вручения лично под расписку уполномоченному представителю Страховщика).');
delete from bfx_impl.declaration_main_questions where id = 'C7FAB86F-3D6A-4835-88DB-4C576F947D81'; insert into bfx_impl.declaration_main_questions values ('C7FAB86F-3D6A-4835-88DB-4C576F947D81', N'Страхователь и Застрахованный с Правилами, расположенными на официальном сайте Страховщика (www.rgsl.ru), ознакомлены и согласны.');
delete from bfx_impl.declaration_main_questions where id = 'A63E87AD-663A-4C21-8A50-51B8040879E7'; insert into bfx_impl.declaration_main_questions values ('A63E87AD-663A-4C21-8A50-51B8040879E7', N'Страхователь и Застрахованный дают свое согласие Обществу с ограниченной ответственностью Страховая компания «Росгосстрах Жизнь» (121059, г. Москва, вн.тер.г. муниципальный округ Дорогомилово, ул. Киевская, д. 7, к. 1), Публичному акционерному обществу Страховая Компания «Росгосстрах» (140002, Московская область, г. Люберцы, ул. Парковая, д. 3) на обработку и использование указанного в настоящем договоре страхования номера мобильного телефона, адреса электронной почты с целью оповещения/информирования об услугах и страховых продуктах Общества с ограниченной ответственностью Страховая компания «Росгосстрах Жизнь» (121059, г. Москва, вн.тер.г. муниципальный округ Дорогомилово, ул. Киевская, д. 7, к. 1), Публичного акционерного общества Страховая Компания «Росгосстрах» (140002, Московская область, г. Люберцы, ул. Парковая, д. 3), сообщения информации в отношении настоящего договора страхования, заключенного со Страхователем, и/или информации по страховому случаю, а также для поздравления с официальными праздниками и маркетинговых исследований. Согласие на получение информации по каналам связи дано без ограничения срока действия и может быть отозвано в любой момент времени путем направления Страховщику письменного заявления.');
delete from bfx_impl.declaration_main_questions where id = 'BBF76DD0-352A-4CCD-B4DD-540B38E0406B'; insert into bfx_impl.declaration_main_questions values ('BBF76DD0-352A-4CCD-B4DD-540B38E0406B', N'Страхователь и Застрахованный подтверждают, что сведения, указанные в настоящем договоре страхования и приложениях к нему, являются правдивыми и содержат полную информацию. Информация, указанная в настоящем договоре страхования и приложениях к нему, признается сторонами существенной для определения вероятности наступления страхового случая.');

delete from bfx_impl.declaration_main where id = 'CD1A489F-860E-4078-AD0A-5BA251EF8702'; insert into bfx_impl.declaration_main values ('CD1A489F-860E-4078-AD0A-5BA251EF8702', 'CAPCLRELOAS', '1', '181195EA-3097-4955-A595-01C78DDDE7EE', 'underwriting');
delete from bfx_impl.declaration_main where id = '6821EF1E-7DA2-4775-808C-6F8E3383F8C4'; insert into bfx_impl.declaration_main values ('6821EF1E-7DA2-4775-808C-6F8E3383F8C4', 'CAPCLRELOAS', '2', '92CA08A6-1AAD-47FF-B3F4-05E6F42C85A2', 'compliance');
delete from bfx_impl.declaration_main where id = '53458947-D3B6-4230-9B47-70D0D246DE0D'; insert into bfx_impl.declaration_main values ('53458947-D3B6-4230-9B47-70D0D246DE0D', 'CAPCLRELOAS', '3', '11123690-73C8-4C1F-98F0-0616D66956CB', 'compliance');
delete from bfx_impl.declaration_main where id = '992F657B-46F1-4C9A-8247-7A57F3F4128A'; insert into bfx_impl.declaration_main values ('992F657B-46F1-4C9A-8247-7A57F3F4128A', 'CAPCLRELOAS', '4', 'F11FF232-53E9-4EE0-8861-0A951EADEC41', 'compliance');
delete from bfx_impl.declaration_main where id = '025B73C2-8640-4CA1-84E6-7C366D5A0D63'; insert into bfx_impl.declaration_main values ('025B73C2-8640-4CA1-84E6-7C366D5A0D63', 'CAPCLRELOAS', '5', 'BE2871B6-A586-4FC9-8D0C-144967F58786', 'compliance');
delete from bfx_impl.declaration_main where id = '39C046A0-713D-4D0A-84C3-84C40815C6EF'; insert into bfx_impl.declaration_main values ('39C046A0-713D-4D0A-84C3-84C40815C6EF', 'CAPCLRELOAS', '6', '1C399305-7209-422A-98B6-1DE5A4DEB1E6', 'compliance');
delete from bfx_impl.declaration_main where id = '42B9F231-6FCB-4FD2-9515-892A61A90207'; insert into bfx_impl.declaration_main values ('42B9F231-6FCB-4FD2-9515-892A61A90207', 'CAPCLRELOAS', '7', 'AD1F1CEB-DED7-4358-9E1A-201D75BBB65A', 'compliance');
delete from bfx_impl.declaration_main where id = '285E2A11-22A9-4F93-B110-950F8952909B'; insert into bfx_impl.declaration_main values ('285E2A11-22A9-4F93-B110-950F8952909B', 'CAPCLRELOAS', '8', '87ACB321-02AC-4EAE-A753-243F0446CF1E', 'compliance');
delete from bfx_impl.declaration_main where id = '192CA9DF-8F1D-48EE-858B-990B5EAD118E'; insert into bfx_impl.declaration_main values ('192CA9DF-8F1D-48EE-858B-990B5EAD118E', 'CAPCLRELOAS', '9', '71DCF676-265D-405C-BA95-262ED39F092C', 'compliance');
delete from bfx_impl.declaration_main where id = 'B6249305-38A2-4D79-87CF-9F0CDBFF20A5'; insert into bfx_impl.declaration_main values ('B6249305-38A2-4D79-87CF-9F0CDBFF20A5', 'CAPCLRELOAS', '10', '2F6DB1D7-F21A-4F0B-A0D3-2C220368C79D', 'legal');
delete from bfx_impl.declaration_main where id = '2A8D1D37-94C8-46BF-A741-A9E3A1FCB025'; insert into bfx_impl.declaration_main values ('2A8D1D37-94C8-46BF-A741-A9E3A1FCB025', 'CAPCLRELOAS', '11', 'B19CFAEE-495F-4F91-A86F-2D448C5F6FBC', 'block');
delete from bfx_impl.declaration_main where id = '9E55F70B-5DA9-46B7-8E21-AD9FA5177278'; insert into bfx_impl.declaration_main values ('9E55F70B-5DA9-46B7-8E21-AD9FA5177278', 'CAPCLRELOAS', '12', '4498BC11-1F33-4437-AD67-485E7C89B8AF', 'block');
delete from bfx_impl.declaration_main where id = '8C012D3F-A3E3-4A0C-B065-B121719519E6'; insert into bfx_impl.declaration_main values ('8C012D3F-A3E3-4A0C-B065-B121719519E6', 'CAPCLRELOAS', '13', 'B00A0B2A-6202-4AE5-8074-4924782F097D', 'legal');
delete from bfx_impl.declaration_main where id = 'F1B65337-7857-4CAE-B1BB-B59488AD027D'; insert into bfx_impl.declaration_main values ('F1B65337-7857-4CAE-B1BB-B59488AD027D', 'CAPCLRELOAS', '14', 'C7FAB86F-3D6A-4835-88DB-4C576F947D81', 'block');
delete from bfx_impl.declaration_main where id = 'A33A42F2-03B8-4E7B-9A31-B62E7DC8678D'; insert into bfx_impl.declaration_main values ('A33A42F2-03B8-4E7B-9A31-B62E7DC8678D', 'CAPCLRELOAS', '15', 'A63E87AD-663A-4C21-8A50-51B8040879E7', 'legal');
delete from bfx_impl.declaration_main where id = '482BE8EB-CFB1-471E-B1B3-C1D65CA48787'; insert into bfx_impl.declaration_main values ('482BE8EB-CFB1-471E-B1B3-C1D65CA48787', 'CAPCLRELOAS', '16', 'BBF76DD0-352A-4CCD-B4DD-540B38E0406B', 'block');

delete from bfx_impl.declaration_main where id = '3B888D3D-FB6B-4ADF-8091-0E651F286860'; insert into bfx_impl.declaration_main values ('3B888D3D-FB6B-4ADF-8091-0E651F286860', 'CAPCLRELBOXOAS', '1', '181195EA-3097-4955-A595-01C78DDDE7EE', 'underwriting');
delete from bfx_impl.declaration_main where id = '4337925C-BFCB-4BD5-AD2F-0F73C92C3609'; insert into bfx_impl.declaration_main values ('4337925C-BFCB-4BD5-AD2F-0F73C92C3609', 'CAPCLRELBOXOAS', '2', '92CA08A6-1AAD-47FF-B3F4-05E6F42C85A2', 'compliance');
delete from bfx_impl.declaration_main where id = '4AE1E534-904E-464A-A87D-1B7322CA36D2'; insert into bfx_impl.declaration_main values ('4AE1E534-904E-464A-A87D-1B7322CA36D2', 'CAPCLRELBOXOAS', '3', '11123690-73C8-4C1F-98F0-0616D66956CB', 'compliance');
delete from bfx_impl.declaration_main where id = '6F6EC055-9EA9-4507-8193-243587D08BC5'; insert into bfx_impl.declaration_main values ('6F6EC055-9EA9-4507-8193-243587D08BC5', 'CAPCLRELBOXOAS', '4', 'F11FF232-53E9-4EE0-8861-0A951EADEC41', 'compliance');
delete from bfx_impl.declaration_main where id = '98690717-D678-4C4D-B83E-249430941B1F'; insert into bfx_impl.declaration_main values ('98690717-D678-4C4D-B83E-249430941B1F', 'CAPCLRELBOXOAS', '5', 'BE2871B6-A586-4FC9-8D0C-144967F58786', 'compliance');
delete from bfx_impl.declaration_main where id = '0C37498B-9D9A-466A-948A-30326688C46F'; insert into bfx_impl.declaration_main values ('0C37498B-9D9A-466A-948A-30326688C46F', 'CAPCLRELBOXOAS', '6', '1C399305-7209-422A-98B6-1DE5A4DEB1E6', 'compliance');
delete from bfx_impl.declaration_main where id = '05113630-98FB-4066-9509-35DB5F84900F'; insert into bfx_impl.declaration_main values ('05113630-98FB-4066-9509-35DB5F84900F', 'CAPCLRELBOXOAS', '7', 'AD1F1CEB-DED7-4358-9E1A-201D75BBB65A', 'compliance');
delete from bfx_impl.declaration_main where id = '24E62F13-5B02-47E6-9ADE-394DD18EDF67'; insert into bfx_impl.declaration_main values ('24E62F13-5B02-47E6-9ADE-394DD18EDF67', 'CAPCLRELBOXOAS', '8', '87ACB321-02AC-4EAE-A753-243F0446CF1E', 'compliance');
delete from bfx_impl.declaration_main where id = '1D96D870-9212-4B32-BD51-4FE6309C737D'; insert into bfx_impl.declaration_main values ('1D96D870-9212-4B32-BD51-4FE6309C737D', 'CAPCLRELBOXOAS', '9', '71DCF676-265D-405C-BA95-262ED39F092C', 'compliance');
delete from bfx_impl.declaration_main where id = '3865E91E-473A-4443-A444-523A6FEAE6FE'; insert into bfx_impl.declaration_main values ('3865E91E-473A-4443-A444-523A6FEAE6FE', 'CAPCLRELBOXOAS', '10', '2F6DB1D7-F21A-4F0B-A0D3-2C220368C79D', 'legal');
delete from bfx_impl.declaration_main where id = '28956150-1008-4670-92B9-6763B16B8E77'; insert into bfx_impl.declaration_main values ('28956150-1008-4670-92B9-6763B16B8E77', 'CAPCLRELBOXOAS', '11', 'B19CFAEE-495F-4F91-A86F-2D448C5F6FBC', 'block');
delete from bfx_impl.declaration_main where id = '4C75B543-B421-4C6A-8AB1-6C8FCDA8F71F'; insert into bfx_impl.declaration_main values ('4C75B543-B421-4C6A-8AB1-6C8FCDA8F71F', 'CAPCLRELBOXOAS', '12', '4498BC11-1F33-4437-AD67-485E7C89B8AF', 'block');
delete from bfx_impl.declaration_main where id = '5BC6DB00-1001-4BA6-862C-7082EAE51060'; insert into bfx_impl.declaration_main values ('5BC6DB00-1001-4BA6-862C-7082EAE51060', 'CAPCLRELBOXOAS', '13', 'B00A0B2A-6202-4AE5-8074-4924782F097D', 'legal');
delete from bfx_impl.declaration_main where id = 'F906F6AC-C9A8-46CC-9709-746C38759B3F'; insert into bfx_impl.declaration_main values ('F906F6AC-C9A8-46CC-9709-746C38759B3F', 'CAPCLRELBOXOAS', '14', 'C7FAB86F-3D6A-4835-88DB-4C576F947D81', 'block');
delete from bfx_impl.declaration_main where id = '540908FD-346C-490D-97EF-751E12927A29'; insert into bfx_impl.declaration_main values ('540908FD-346C-490D-97EF-751E12927A29', 'CAPCLRELBOXOAS', '15', 'A63E87AD-663A-4C21-8A50-51B8040879E7', 'legal');
delete from bfx_impl.declaration_main where id = '30258905-82B2-44E7-8EBA-75CC69E9A243'; insert into bfx_impl.declaration_main values ('30258905-82B2-44E7-8EBA-75CC69E9A243', 'CAPCLRELBOXOAS', '16', 'BBF76DD0-352A-4CCD-B4DD-540B38E0406B', 'block');

-- ОАС Детский капитал
delete from bfx_impl.declaration_medical_questions where id = 'BFE0CEDB-7397-4608-8579-03412EF841F8'; insert into bfx_impl.declaration_medical_questions values ('BFE0CEDB-7397-4608-8579-03412EF841F8', N'является лицом в возрасте от 0 и до 20 полных лет (включительно) на дату заключения настоящего договора страхования и до 25 полных лет (включительно) на дату окончания настоящего договора страхования;');
delete from bfx_impl.declaration_medical_questions where id = 'EE867977-D7F4-4480-9E36-03CC8ED0C899'; insert into bfx_impl.declaration_medical_questions values ('EE867977-D7F4-4480-9E36-03CC8ED0C899', N'не являюсь и не являлся (не являлась) ранее инвалидом;');
delete from bfx_impl.declaration_medical_questions where id = '0F69D614-6329-49BD-A56E-178BBD636B15'; insert into bfx_impl.declaration_medical_questions values ('0F69D614-6329-49BD-A56E-178BBD636B15', N'не подавал(а) документы на освидетельствование для получения группы инвалидности и не имею оснований для присвоения группы инвалидности;');
delete from bfx_impl.declaration_medical_questions where id = '0903D684-01A2-4E62-A1DE-19120581CCC4'; insert into bfx_impl.declaration_medical_questions values ('0903D684-01A2-4E62-A1DE-19120581CCC4', N'не употребляю и не употреблял(а) ранее наркотики, токсичные вещества, не страдаю алкоголизмом, не состою и не состоял(а) ранее на учете в наркологическом диспансере, психоневрологическом, туберкулезном диспансере, центрах профилактики борьбы со СПИДом;');
delete from bfx_impl.declaration_medical_questions where id = '272ABD34-4590-4C7A-B845-1A7C8802016E'; insert into bfx_impl.declaration_medical_questions values ('272ABD34-4590-4C7A-B845-1A7C8802016E', N'не имел(а), не обращался (не обращалась) за медицинской помощью по нижеперечисленным заболеваниям и не страдает ими в настоящее время:
- доброкачественные или злокачественные опухоли, кисты, дисплазии;
- заболевания, вызванные воздействием радиации;
- СПИД и другие заболевания, связанные с вирусом иммунодефицита человека;
- нервные или психические расстройства или заболевания (например: эпилепсия, паралич, болезнь Паркинсона, наркомания, токсикомания, алкоголизм и др.); заболевания или травма головного, или спинного мозга;
- заболевания сердечно-сосудистой системы (например: ишемическая болезнь сердца, стенокардия, инфаркт миокарда, порок сердца, нарушения сердечного ритма, инсульт и др.);
- заболевания легких (за исключением острой пневмонии);
- заболевания крови и кроветворной системы;
- заболевания почек (например: хроническая почечная недостаточность, поликистоз почек, гломерулонефрит, мочекаменная болезнь и др.);
- заболевания печени (цирроз печени, гепатит В, С, D, E и др.) или поджелудочной железы (например, панкреатит);
- сахарный диабет I-II типа;
- заболевания опорно-двигательного аппарата (например: артрит, артроз, анкилоз, деформация суставов или конечностей, подагра, заболевания позвоночника, болезнь Бехтерева и др.);
- заболевания органов зрения, слуха;');
delete from bfx_impl.declaration_medical_questions where id = '28B94755-498F-44F2-AABF-1EF4FB6C9DD8'; insert into bfx_impl.declaration_medical_questions values ('28B94755-498F-44F2-AABF-1EF4FB6C9DD8', N'у него отсутствовали следующие симптомы и/или изменения в состоянии здоровья: боли в груди, обмороки, потеря сознания, судорожные припадки, нарушение речи;');
delete from bfx_impl.declaration_medical_questions where id = 'B12E8FB0-C5FE-43FA-8135-220404539432'; insert into bfx_impl.declaration_medical_questions values ('B12E8FB0-C5FE-43FA-8135-220404539432', N'не проходит службу в вооруженных силах, не занят(а) в профессиональной или непрофессиональной авиации, в работах со взрывчатыми и радиоактивными веществами, подземных работах, не является водолазом, пожарным, скалолазом, работником ядерной промышленности, нефтяником (за исключением офисных сотрудников), охранником и профессиональным спортсменом, не работает с оружием, не связан(а) с высотными работами; не подвергался (не подвергалась) особому риску на работе, связанному со взрывами, излучением, ядами, токсичными веществами;');
delete from bfx_impl.declaration_medical_questions where id = '85C92D8D-0AAD-43E6-9E4A-2395C09253FF'; insert into bfx_impl.declaration_medical_questions values ('85C92D8D-0AAD-43E6-9E4A-2395C09253FF', N'не намеревается путешествовать на территории, на которой объявлено чрезвычайное положение или проводятся боевые действия;');
delete from bfx_impl.declaration_medical_questions where id = 'FA7192FE-0CE8-4F3C-8BEB-2C62BDBEC6E1'; insert into bfx_impl.declaration_medical_questions values ('FA7192FE-0CE8-4F3C-8BEB-2C62BDBEC6E1', N'не находится под следствием и не является осужденным к лишению свободы.');

delete from bfx_impl.declaration_medical where id = 'A0DA3E9B-1926-4F10-8918-2F12701ECD32'; insert into bfx_impl.declaration_medical values ('A0DA3E9B-1926-4F10-8918-2F12701ECD32', 'CAPCLCHILDOAS', '1', 'BFE0CEDB-7397-4608-8579-03412EF841F8', 'underwriting');
delete from bfx_impl.declaration_medical where id = '57F3F1F0-F8D1-4D00-933B-3B62FE9EE10D'; insert into bfx_impl.declaration_medical values ('57F3F1F0-F8D1-4D00-933B-3B62FE9EE10D', 'CAPCLCHILDOAS', '2', 'EE867977-D7F4-4480-9E36-03CC8ED0C899', 'underwriting');
delete from bfx_impl.declaration_medical where id = '9D035A0D-D043-4CB3-A624-4408A97421E7'; insert into bfx_impl.declaration_medical values ('9D035A0D-D043-4CB3-A624-4408A97421E7', 'CAPCLCHILDOAS', '3', '0F69D614-6329-49BD-A56E-178BBD636B15', 'underwriting');
delete from bfx_impl.declaration_medical where id = 'DA35AAC8-B9E1-46B0-8942-510F2C2A9846'; insert into bfx_impl.declaration_medical values ('DA35AAC8-B9E1-46B0-8942-510F2C2A9846', 'CAPCLCHILDOAS', '4', '0903D684-01A2-4E62-A1DE-19120581CCC4', 'underwriting');
delete from bfx_impl.declaration_medical where id = 'D7E1AF63-62C9-4C93-B22A-58C68CFBB1D4'; insert into bfx_impl.declaration_medical values ('D7E1AF63-62C9-4C93-B22A-58C68CFBB1D4', 'CAPCLCHILDOAS', '5', '272ABD34-4590-4C7A-B845-1A7C8802016E', 'underwriting');
delete from bfx_impl.declaration_medical where id = 'A635D218-7D82-499A-B300-59939E0CDFE5'; insert into bfx_impl.declaration_medical values ('A635D218-7D82-499A-B300-59939E0CDFE5', 'CAPCLCHILDOAS', '6', '28B94755-498F-44F2-AABF-1EF4FB6C9DD8', 'underwriting');
delete from bfx_impl.declaration_medical where id = 'EFC28C2B-5F0C-4BAE-90C2-5E892E6B1722'; insert into bfx_impl.declaration_medical values ('EFC28C2B-5F0C-4BAE-90C2-5E892E6B1722', 'CAPCLCHILDOAS', '7', 'B12E8FB0-C5FE-43FA-8135-220404539432', 'underwriting');
delete from bfx_impl.declaration_medical where id = '40D70EF5-81F6-423C-B403-5F81B41A0C7E'; insert into bfx_impl.declaration_medical values ('40D70EF5-81F6-423C-B403-5F81B41A0C7E', 'CAPCLCHILDOAS', '8', '85C92D8D-0AAD-43E6-9E4A-2395C09253FF', 'underwriting');
delete from bfx_impl.declaration_medical where id = '2CF51AE9-6187-4D81-B92D-630DBA093755'; insert into bfx_impl.declaration_medical values ('2CF51AE9-6187-4D81-B92D-630DBA093755', 'CAPCLCHILDOAS', '9', 'FA7192FE-0CE8-4F3C-8BEB-2C62BDBEC6E1', 'underwriting');

delete from bfx_impl.declaration_medical where id = 'ABA4B3F1-E149-4E0A-AE94-7B9E9AB64FBF'; insert into bfx_impl.declaration_medical values ('ABA4B3F1-E149-4E0A-AE94-7B9E9AB64FBF', 'CAPCLCHILDBOXOAS', '1', 'BFE0CEDB-7397-4608-8579-03412EF841F8', 'underwriting');
delete from bfx_impl.declaration_medical where id = 'ECC6CDA8-1343-4ABD-8B37-7F4CF7678918'; insert into bfx_impl.declaration_medical values ('ECC6CDA8-1343-4ABD-8B37-7F4CF7678918', 'CAPCLCHILDBOXOAS', '2', 'EE867977-D7F4-4480-9E36-03CC8ED0C899', 'underwriting');
delete from bfx_impl.declaration_medical where id = 'DBFBAEDD-500E-42A3-A178-859A28EBB729'; insert into bfx_impl.declaration_medical values ('DBFBAEDD-500E-42A3-A178-859A28EBB729', 'CAPCLCHILDBOXOAS', '3', '0F69D614-6329-49BD-A56E-178BBD636B15', 'underwriting');
delete from bfx_impl.declaration_medical where id = 'F2825088-544D-4060-97F8-88AFC4E6693E'; insert into bfx_impl.declaration_medical values ('F2825088-544D-4060-97F8-88AFC4E6693E', 'CAPCLCHILDBOXOAS', '4', '0903D684-01A2-4E62-A1DE-19120581CCC4', 'underwriting');
delete from bfx_impl.declaration_medical where id = 'F98776C5-99A8-4B7E-A542-9BB2696F48E1'; insert into bfx_impl.declaration_medical values ('F98776C5-99A8-4B7E-A542-9BB2696F48E1', 'CAPCLCHILDBOXOAS', '5', '272ABD34-4590-4C7A-B845-1A7C8802016E', 'underwriting');
delete from bfx_impl.declaration_medical where id = '7E0722EA-FD39-451B-8351-9E0ECC496FB2'; insert into bfx_impl.declaration_medical values ('7E0722EA-FD39-451B-8351-9E0ECC496FB2', 'CAPCLCHILDBOXOAS', '6', '28B94755-498F-44F2-AABF-1EF4FB6C9DD8', 'underwriting');
delete from bfx_impl.declaration_medical where id = '8E65DD1A-9B93-422D-9528-A1F29EEBB37D'; insert into bfx_impl.declaration_medical values ('8E65DD1A-9B93-422D-9528-A1F29EEBB37D', 'CAPCLCHILDBOXOAS', '7', 'B12E8FB0-C5FE-43FA-8135-220404539432', 'underwriting');
delete from bfx_impl.declaration_medical where id = '793C77D3-005C-40D7-9C93-A47E7BACA973'; insert into bfx_impl.declaration_medical values ('793C77D3-005C-40D7-9C93-A47E7BACA973', 'CAPCLCHILDBOXOAS', '8', '85C92D8D-0AAD-43E6-9E4A-2395C09253FF', 'underwriting');
delete from bfx_impl.declaration_medical where id = 'D1B17657-CF2E-40B4-B103-A4FB1983F40E'; insert into bfx_impl.declaration_medical values ('D1B17657-CF2E-40B4-B103-A4FB1983F40E', 'CAPCLCHILDBOXOAS', '9', 'FA7192FE-0CE8-4F3C-8BEB-2C62BDBEC6E1', 'underwriting');

delete from bfx_impl.declaration_medical_questions where id = 'BA523B4D-EE75-4DEF-B5E5-0A84D8C380B1'; insert into bfx_impl.declaration_medical_questions values ('BA523B4D-EE75-4DEF-B5E5-0A84D8C380B1', N'не являюсь и не являлся (не являлась) ранее инвалидом;');
delete from bfx_impl.declaration_medical_questions where id = 'AE90DCF8-2033-4C0F-9FEE-0CCB9C2B8293'; insert into bfx_impl.declaration_medical_questions values ('AE90DCF8-2033-4C0F-9FEE-0CCB9C2B8293', N'не подавал(а) документы на освидетельствование для получения группы инвалидности и не имею оснований для присвоения группы инвалидности;');
delete from bfx_impl.declaration_medical_questions where id = 'DC0CC891-AB24-45FF-A4C7-1F3C488B2439'; insert into bfx_impl.declaration_medical_questions values ('DC0CC891-AB24-45FF-A4C7-1F3C488B2439', N'не употребляю и не употреблял(а) ранее наркотики, токсичные вещества, не страдаю алкоголизмом, не состою и не состоял(а) ранее на учете в наркологическом диспансере, психоневрологическом, туберкулезном диспансере, центрах профилактики борьбы со СПИДом;');
delete from bfx_impl.declaration_medical_questions where id = 'D258E201-9CFF-4ECE-8AB1-23C62282C996'; insert into bfx_impl.declaration_medical_questions values ('D258E201-9CFF-4ECE-8AB1-23C62282C996', N'не имел(а), не обращался (не обращалась) за медицинской помощью по нижеперечисленным заболеваниям и не страдаю ими в настоящее время:
- доброкачественные или злокачественные опухоли;
- заболевания, вызванные воздействием радиации;
- СПИД и другие заболевания, связанные с вирусом иммунодефицита человека;
- нервные или психические расстройства или заболевания (например: эпилепсия, паралич, болезнь Паркинсона, наркомания; токсикомания, алкоголизм); заболевания или травма головного, или спинного мозга;
- заболевания сердечно-сосудистой системы (например: гипертоническая болезнь II-III степени, ишемическая болезнь сердца, стенокардия, инфаркт миокарда, порок сердца, нарушения сердечного ритма, инсульт, тромбоз);
- заболевания дыхательной системы (например: хроническая обструктивная болезнь легких, саркоидоз, туберкулез легких, астма (бронхит), эмфизема, фиброз);
- заболевания крови и кроветворной системы;
- заболевания почек (например: хроническая почечная недостаточность, поликистоз почек, гломерулонефрит);
- заболевания печени (цирроз печени, гепатит В, С, D, E);
- заболевания желудочно-кишечного тракта (за исключением пищевых отравлений, гастрита);
- заболевания эндокринной системы (например: тиреотоксикоз, сахарный диабет I-II типа, заболевания гипофиза);
- заболевания опорно-двигательного аппарата (например: артрит, артроз, анкилоз, деформация суставов или конечностей, подагра, заболевания позвоночника, ревматизм и/или генерализированные заболевания и/или расстройства, включая ревматоидный артрит, волчанка);');
delete from bfx_impl.declaration_medical_questions where id = 'CB9B856E-FC4A-4B33-8FD1-38AFFF2E078E'; insert into bfx_impl.declaration_medical_questions values ('CB9B856E-FC4A-4B33-8FD1-38AFFF2E078E', N'на протяжении последних 10 лет у меня отсутствовали следующие симптомы и/или изменения в состоянии здоровья: боли в груди, повышение артериального давления, повышение уровня холестерина в крови (требующее лечения от 3 недель и более), патологические изменения на ЭКГ, обмороки, потеря сознания, судорожные припадки, нарушение речи;');
delete from bfx_impl.declaration_medical_questions where id = 'BDE1E338-2715-4B75-AE0E-390DEE0B45B2'; insert into bfx_impl.declaration_medical_questions values ('BDE1E338-2715-4B75-AE0E-390DEE0B45B2', N'на протяжении последних 12 месяцев я не подвергался (не подвергалась) хирургическим вмешательствам или не был(а) госпитализирован(а), за исключением госпитализации по причине: беременности и родов, аппендэктомии, грыжесечения, тонзилэктомии, аденоидэктомии, пункций околоносовых пазух, септопластики, геморроидэктомии, пластических операций, стоматологических операций;');
delete from bfx_impl.declaration_medical_questions where id = '844FF636-F1FA-4FD0-8284-3F92ABB0ECBD'; insert into bfx_impl.declaration_medical_questions values ('844FF636-F1FA-4FD0-8284-3F92ABB0ECBD', N'не прохожу службу в вооруженных силах, не занят(а) в профессиональной или непрофессиональной авиации, в работах со взрывчатыми и радиоактивными веществами, подземных работах, не являюсь водолазом, пожарным, скалолазом, работником ядерной промышленности, нефтяником (за исключением офисных сотрудников), охранником и профессиональным спортсменом, не работаю с оружием;');
delete from bfx_impl.declaration_medical_questions where id = '6C78FF0C-0762-426B-B44A-44D3D8CF3D24'; insert into bfx_impl.declaration_medical_questions values ('6C78FF0C-0762-426B-B44A-44D3D8CF3D24', N'не намереваюсь путешествовать на территории, на которой объявлено чрезвычайное положение или проводятся боевые действия;');
delete from bfx_impl.declaration_medical_questions where id = '66D10AD8-A847-46C2-B4D2-52843A83E72E'; insert into bfx_impl.declaration_medical_questions values ('66D10AD8-A847-46C2-B4D2-52843A83E72E', N'не нахожусь под следствием и не являюсь осужденным к лишению свободы.');

delete from bfx_impl.declaration_medical where id = '2F22BD73-5637-486E-96D0-5B798BD54ED6'; insert into bfx_impl.declaration_medical values ('2F22BD73-5637-486E-96D0-5B798BD54ED6', 'CAPCLCHILDOAS2', '1', 'BA523B4D-EE75-4DEF-B5E5-0A84D8C380B1', 'underwriting');
delete from bfx_impl.declaration_medical where id = 'C0E9FD85-9256-4860-873D-5DD29C0366D2'; insert into bfx_impl.declaration_medical values ('C0E9FD85-9256-4860-873D-5DD29C0366D2', 'CAPCLCHILDOAS2', '2', 'AE90DCF8-2033-4C0F-9FEE-0CCB9C2B8293', 'underwriting');
delete from bfx_impl.declaration_medical where id = '6D118D8C-8664-495E-B391-6AC2ABA0589B'; insert into bfx_impl.declaration_medical values ('6D118D8C-8664-495E-B391-6AC2ABA0589B', 'CAPCLCHILDOAS2', '3', 'DC0CC891-AB24-45FF-A4C7-1F3C488B2439', 'underwriting');
delete from bfx_impl.declaration_medical where id = 'DE0A1091-0D63-4835-8C47-74A9B609645F'; insert into bfx_impl.declaration_medical values ('DE0A1091-0D63-4835-8C47-74A9B609645F', 'CAPCLCHILDOAS2', '4', 'D258E201-9CFF-4ECE-8AB1-23C62282C996', 'underwriting');
delete from bfx_impl.declaration_medical where id = '93DE0FDC-A55D-4229-9210-7841572964C2'; insert into bfx_impl.declaration_medical values ('93DE0FDC-A55D-4229-9210-7841572964C2', 'CAPCLCHILDOAS2', '5', 'CB9B856E-FC4A-4B33-8FD1-38AFFF2E078E', 'underwriting');
delete from bfx_impl.declaration_medical where id = '0AD06114-4500-4A59-9CBE-787FFD574266'; insert into bfx_impl.declaration_medical values ('0AD06114-4500-4A59-9CBE-787FFD574266', 'CAPCLCHILDOAS2', '6', 'BDE1E338-2715-4B75-AE0E-390DEE0B45B2', 'underwriting');
delete from bfx_impl.declaration_medical where id = '1C171714-063B-4357-BB0E-7A5951C32CC1'; insert into bfx_impl.declaration_medical values ('1C171714-063B-4357-BB0E-7A5951C32CC1', 'CAPCLCHILDOAS2', '7', '844FF636-F1FA-4FD0-8284-3F92ABB0ECBD', 'underwriting');
delete from bfx_impl.declaration_medical where id = '13FBBAB0-0592-47A4-9E8D-7DAA31FE7253'; insert into bfx_impl.declaration_medical values ('13FBBAB0-0592-47A4-9E8D-7DAA31FE7253', 'CAPCLCHILDOAS2', '8', '6C78FF0C-0762-426B-B44A-44D3D8CF3D24', 'underwriting');
delete from bfx_impl.declaration_medical where id = 'D0AE525B-A4AC-4994-B242-8A9EA2EC70D9'; insert into bfx_impl.declaration_medical values ('D0AE525B-A4AC-4994-B242-8A9EA2EC70D9', 'CAPCLCHILDOAS2', '9', '66D10AD8-A847-46C2-B4D2-52843A83E72E', 'underwriting');

delete from bfx_impl.declaration_medical where id = 'AD0CADE1-82C2-4D86-838C-8CB7CE3FAA1A'; insert into bfx_impl.declaration_medical values ('AD0CADE1-82C2-4D86-838C-8CB7CE3FAA1A', 'CAPCLCHILDBOXOAS2', '1', 'BA523B4D-EE75-4DEF-B5E5-0A84D8C380B1', 'underwriting');
delete from bfx_impl.declaration_medical where id = 'BF757F40-6F0C-4A1D-83C3-8E76ED654CF2'; insert into bfx_impl.declaration_medical values ('BF757F40-6F0C-4A1D-83C3-8E76ED654CF2', 'CAPCLCHILDBOXOAS2', '2', 'AE90DCF8-2033-4C0F-9FEE-0CCB9C2B8293', 'underwriting');
delete from bfx_impl.declaration_medical where id = '3C915FAA-DD6F-4816-A4C0-979B1140F3FE'; insert into bfx_impl.declaration_medical values ('3C915FAA-DD6F-4816-A4C0-979B1140F3FE', 'CAPCLCHILDBOXOAS2', '3', 'DC0CC891-AB24-45FF-A4C7-1F3C488B2439', 'underwriting');
delete from bfx_impl.declaration_medical where id = 'F9BAD003-7511-4A87-9906-9A25AE3AB00F'; insert into bfx_impl.declaration_medical values ('F9BAD003-7511-4A87-9906-9A25AE3AB00F', 'CAPCLCHILDBOXOAS2', '4', 'D258E201-9CFF-4ECE-8AB1-23C62282C996', 'underwriting');
delete from bfx_impl.declaration_medical where id = '113D4BFD-0664-40A3-84A2-A73AFF0BA1F2'; insert into bfx_impl.declaration_medical values ('113D4BFD-0664-40A3-84A2-A73AFF0BA1F2', 'CAPCLCHILDBOXOAS2', '5', 'CB9B856E-FC4A-4B33-8FD1-38AFFF2E078E', 'underwriting');
delete from bfx_impl.declaration_medical where id = '71B69BD8-5E87-4989-91A7-A8A3A9C79FA9'; insert into bfx_impl.declaration_medical values ('71B69BD8-5E87-4989-91A7-A8A3A9C79FA9', 'CAPCLCHILDBOXOAS2', '6', 'BDE1E338-2715-4B75-AE0E-390DEE0B45B2', 'underwriting');
delete from bfx_impl.declaration_medical where id = '2FE6A06A-B2EC-4D8F-98C7-AA7F2D1C9945'; insert into bfx_impl.declaration_medical values ('2FE6A06A-B2EC-4D8F-98C7-AA7F2D1C9945', 'CAPCLCHILDBOXOAS2', '7', '844FF636-F1FA-4FD0-8284-3F92ABB0ECBD', 'underwriting');
delete from bfx_impl.declaration_medical where id = '8F86582C-4B88-45A6-8AF6-B7C66970C0B2'; insert into bfx_impl.declaration_medical values ('8F86582C-4B88-45A6-8AF6-B7C66970C0B2', 'CAPCLCHILDBOXOAS2', '8', '6C78FF0C-0762-426B-B44A-44D3D8CF3D24', 'underwriting');
delete from bfx_impl.declaration_medical where id = '113135F4-F034-400C-A7A9-B7F69FDFC2BF'; insert into bfx_impl.declaration_medical values ('113135F4-F034-400C-A7A9-B7F69FDFC2BF', 'CAPCLCHILDBOXOAS2', '9', '66D10AD8-A847-46C2-B4D2-52843A83E72E', 'underwriting');

delete from bfx_impl.declaration_main_questions where id = '2D6BF9F3-E71E-42A1-B46C-05060F99A46F'; insert into bfx_impl.declaration_main_questions values ('2D6BF9F3-E71E-42A1-B46C-05060F99A46F', N'Общая страховая сумма в отношении Застрахованного 1 по всем договорам страхования ООО СК «Росгосстрах Жизнь» по продуктам накопительного, рискового и пенсионного страхования жизни, включая настоящий договор страхования, не превышает:
- 1 000 000 рублей по риску «Первичное диагностирование Застрахованному критического заболевания»;
- 750 000 рублей в сумме по рискам «Травма Застрахованного в результате несчастного случая» и «Хирургические вмешательства в организм Застрахованного в результате несчастного случая».');
delete from bfx_impl.declaration_main_questions where id = '6DC31573-E338-4530-804B-074EB19CF7F0'; insert into bfx_impl.declaration_main_questions values ('6DC31573-E338-4530-804B-074EB19CF7F0', N'Общая страховая сумма в отношении Страхователя (Застрахованного 2) по всем договорам страхования ООО СК «Росгосстрах Жизнь» по продуктам накопительного, рискового и пенсионного страхования жизни, включая настоящий договор страхования, не превышает 3 000 000 рублей в сумме по рискам «Смерть Застрахованного по любой причине», «Смерть Застрахованного по любой причине с отложенной страховой выплатой» и «Смерть Застрахованного по любой причине с освобождением от уплаты страховых взносов».');
delete from bfx_impl.declaration_main_questions where id = '72634ACF-3138-4F45-92E5-0D4C4C855382'; insert into bfx_impl.declaration_main_questions values ('72634ACF-3138-4F45-92E5-0D4C4C855382', N'Страхователь (Застрахованный 2) подтверждает, что страхование осуществляется в целях обеспечения защиты его интересов, за счет средств Страхователя (Застрахованного 2).');
delete from bfx_impl.declaration_main_questions where id = 'BB3E05E8-2BBC-4EB8-9396-15B38FAD055C'; insert into bfx_impl.declaration_main_questions values ('BB3E05E8-2BBC-4EB8-9396-15B38FAD055C', N'Страхователь (Застрахованный 2) подтверждает отсутствие у него: действующей профессиональной дисквалификации, непогашенной судимости или административного взыскания в соответствии с законодательством Российской Федерации, просроченной задолженности в кредитных организациях.');
delete from bfx_impl.declaration_main_questions where id = '0C4D6877-4B20-4F60-A5BD-1EC739A36AA5'; insert into bfx_impl.declaration_main_questions values ('0C4D6877-4B20-4F60-A5BD-1EC739A36AA5', N'Страхователь (Застрахованный 2) не является иностранным публичным должностным лицом («иностранное публичное должностное лицо» означает любое назначаемое или избираемое лицо, занимающее какую-либо должность в законодательном, исполнительном, административном или судебном органе иностранного государства, и любое лицо, выполняющее какую-либо публичную функцию для иностранного государства, в том числе для публичного ведомства или публичного предприятия), должностным лицом публичных международных организаций («должностное лицо публичной международной организации» означает международного гражданского служащего или любое лицо, которое уполномочено такой организацией действовать от ее имени), российским публичным должностным лицом, лицом, замещающим (занимающим) государственные должности в Российской Федерации, должности членов Совета директоров Банка России, должности федеральной государственной службы, назначение на которые и освобождение от которых осуществляются Президентом Российской Федерации или Правительством Российской Федерации, должности в Банке России, государственных корпорациях и иных организациях, созданных Российской Федерацией на основании федеральных законов, включенные в перечни должностей, определяемые Президентом Российской Федерации, родственником кого-то из вышеперечисленных лиц (супругом, родителем, ребенком, дедушкой, бабушкой, внуком, полнородным и неполнородным (имеющим общих отца или мать) братом и сестрой, усыновителем и усыновленным) или представителем, действующим от его имени.');
delete from bfx_impl.declaration_main_questions where id = '72A1F2A2-1763-4F26-A458-1EE2385BF954'; insert into bfx_impl.declaration_main_questions values ('72A1F2A2-1763-4F26-A458-1EE2385BF954', N'Страхователь (Застрахованный 2) подтверждает, что не принадлежит (не зарегистрирован, не проживает и не находится) к государству (территории): с высокой террористической или экстремистской активностью; в отношении которого (которой) применяются специальные экономические меры в соответствии с Федеральным законом «О специальных экономических мерах»; которое (которая) не выполняет рекомендации Группы разработки финансовых мер борьбы с отмыванием денег (ФАТФ), либо с использованием счета в банке, зарегистрированном в указанном государстве (на указанной территории) – ИР Иран, КНДР (включая международные неправительственные организации), к государствам (территориям) с повышенным уровнем коррупции и/или другой преступной деятельности; предоставляющему (предоставляющей) льготный режим налогообложения и/или не предусматривающему (предусматривающей) раскрытия и предоставления информации при проведении финансовых операций (офшорной зоны); не имеет открытого банковского счета, зарегистрированного в указанном государстве или на указанной территории.');
delete from bfx_impl.declaration_main_questions where id = 'A8FDA1FA-10A5-4AA1-B6CD-25E5D6901AC3'; insert into bfx_impl.declaration_main_questions values ('A8FDA1FA-10A5-4AA1-B6CD-25E5D6901AC3', N'Страхователь (Застрахованный 2) подтверждает, что иное физическое лицо не имеет возможности контролировать действия Страхователя (Застрахованного 2).');
delete from bfx_impl.declaration_main_questions where id = '245DCFC2-3D5E-4931-8510-2A70F66A1C2D'; insert into bfx_impl.declaration_main_questions values ('245DCFC2-3D5E-4931-8510-2A70F66A1C2D', N'Страхователь (Застрахованный 2) подтверждает, что он не является налоговым резидентом США и не обладает ни одним из признаков налогового резидента США (не имеет гражданства США (в том числе в случае наличия двух и более гражданств) и разрешения на постоянное пребывание в США (форма I-551 Green Card); не соответствует критерию «Долгосрочное пребывание» на территории США; местом рождения Страхователя (Застрахованного 2) не является территория США; не имеет адреса проживания и/или почтового адреса, номера контактного телефона и/или факса на территории США; не имеет открытых счетов в кредитных организациях на территории США). (Физическое лицо соответствует критерию «Долгосрочное пребывание», если оно находилось на территории США не менее 31 дня в течение текущего календарного года и не менее 183 дней в течение 3 лет, включая текущий год и два непосредственно предшествующих года. При этом сумма дней, в течение которых физическое лицо присутствовало на территории США в текущем году, а также двух предшествующих годах, умножается на установленный коэффициент: коэффициент для текущего года равен 1 (т. е. учитываются все дни, проведенные в США в текущем году); коэффициент предшествующего года равен 1/3; коэффициент позапрошлого года – 1/6.).');
delete from bfx_impl.declaration_main_questions where id = '16DEC0A3-6C33-4243-9A45-30C37EAA8B55'; insert into bfx_impl.declaration_main_questions values ('16DEC0A3-6C33-4243-9A45-30C37EAA8B55', N'Страхователь (Застрахованный 2) подтверждает, что на момент заключения настоящего договора страхования, не является налоговым резидентом страны, отличной от Российской Федерации и не обладает ни одним из признаков иностранного налогового резидентства (не имеет иностранного адреса места фактического проживания или почтового адреса в иностранном государстве; не имеет номера телефона в иностранном государстве при отсутствии номера телефона в Российской Федерации; не имеет постоянного поручения на перечисление средств (за исключением банковского вклада) на счет или адрес в иностранном государстве; не имеет доверенности или права подписи, предоставленных лицу, проживающему в иностранном государстве; не имеет адреса до востребования в иностранной юрисдикции.');
delete from bfx_impl.declaration_main_questions where id = 'A815BD22-C666-4902-BB47-30D700A4714B'; insert into bfx_impl.declaration_main_questions values ('A815BD22-C666-4902-BB47-30D700A4714B', N'Страхователь (Застрахованный 2) обязуется не реже одного раза в год и/или по мере изменения идентификационных данных, указанных в настоящем договоре страхования, направлять Страховщику обновленные персональные данные по форме, предложенной Страховщиком.
Непредставление соответствующей информации Страховщик вправе расценить как неизменность сведений о Страхователе (Застрахованном 2), установленных при его идентификации, и обновить идентификационные сведения на основе данных, представленных Страхователем (Застрахованным 2) ранее в сроки, установленные Федеральным законом от 07.08.2001 N 115-ФЗ «О противодействии легализации (отмыванию) доходов, полученных преступным путем, и финансированию терроризма».');
delete from bfx_impl.declaration_main_questions where id = 'A15C079F-8EDD-49BC-A6A7-35B41DEC1CCB'; insert into bfx_impl.declaration_main_questions values ('A15C079F-8EDD-49BC-A6A7-35B41DEC1CCB', N'Страхователь (Застрахованный 2) дает свое согласие Страховщику на использование адреса электронной почты, указанного в пункте I договора страхования, с целью подключения услуги «Личный кабинет», в рамках которой предоставляется информация о текущем состоянии договора страхования. Данное согласие действует до даты прекращения настоящего договора страхования и может быть отозвано путем подачи соответствующего письменного уведомления, подписанного в присутствии уполномоченного представителя Страховщика, или путем передачи Страховщику отзыва настоящего согласия, подпись Страхователя (Застрахованного 2) на котором удостоверена нотариально. Страхователь (Застрахованный 2) обязуется незамедлительно уведомлять Страховщика о случаях несанкционированного использования зарегистрированных за Страхователем адреса электронной почты и пароля, не передавать пароль третьим лицам или использовать адреса электронной почты и пароли третьих лиц. Страхователь подтверждает, что осознает полную ответственность за сохранность информации о подключении услуги «Личный кабинет» (включая информацию об адресе электронной почты и пароле) и за все действия, которые будут произведены в «Личном кабинете» с использованием указанного выше адреса электронной почты и пароля к нему. Страхователь (Застрахованный 2) понимает, что информация, предоставленная в рамках услуги «Личный кабинет», носит информационно-справочный характер (не является публичной офертой); Страховщик не несет ответственности в случае возможного искажения информации в результате технических сбоев, действия несанкционированных (вредоносных) программ (вирусов), а также не несет ответственности за ущерб, который может быть причинен имуществу Страхователя (Застрахованному 2) (иному лицу) в результате таких событий.');
delete from bfx_impl.declaration_main_questions where id = 'A5EA56DF-C307-4D1D-930C-388FEDF394C1'; insert into bfx_impl.declaration_main_questions values ('A5EA56DF-C307-4D1D-930C-388FEDF394C1', N'Страхователь (Застрахованный 2) и Застрахованный 1 / законный представитель Застрахованного 1 дают свое согласие на получение Обществом с ограниченной ответственностью Страховая компания «Росгосстрах Жизнь» (121059, г. Москва, вн.тер.г. муниципальный округ Дорогомилово, ул. Киевская, д. 7, к. 1) в целях исполнения договора страхования и перестрахования: медицинской информации от любого врача (медицинского учреждения), у которого Страхователь (застрахованный 2) и Застрахованный 1 когда-либо консультировались и/или лечились, а также будут обращаться в последующем; на получение необходимой информации в правоохранительных, медицинских и других органах (учреждениях) для проверки предоставленной информации, а также для выяснения всех обстоятельств наступления страхового случая; на получение любой информации от страховых компаний, к которым Страхователь (Застрахованный 2) и Застрахованный 1 обращались с заявлениями на страхование жизни. Данное согласие дано без ограничения срока действия.');
delete from bfx_impl.declaration_main_questions where id = 'C2B2E859-DDFA-48EA-BC26-3D17379A1703'; insert into bfx_impl.declaration_main_questions values ('C2B2E859-DDFA-48EA-BC26-3D17379A1703', N'На основании положений Федерального закона от 21.11.2011 № 323-ФЗ «Об основах охраны здоровья граждан Российской Федерации» Страхователь (Застрахованный 2) и Застрахованный 1 / законный представитель Застрахованного 1 разрешают медицинским и иным учреждениям предоставлять информацию о состоянии здоровья Страхователя (Застрахованного 2) и Застрахованного 1, о фактах их обращения за оказанием медицинской помощи, диагнозе, иные сведения, полученные при медицинском обследовании и лечении Страхователя (Застрахованного 2) и Застрахованного 1, составляющие врачебную тайну, в том числе предоставление соответствующих копий документов, по запросу Страховщика.');
delete from bfx_impl.declaration_main_questions where id = '9CF94135-56E4-4A46-83AA-3DBA6D0128B9'; insert into bfx_impl.declaration_main_questions values ('9CF94135-56E4-4A46-83AA-3DBA6D0128B9', N'Страхователь (Застрахованный 2) в отношении себя и Застрахованный 1 / законный представитель Застрахованного 1 в отношении себя и Застрахованного 1 в соответствии с Федеральным законом от 27.07.2006 № 152-ФЗ «О персональных данных» свободно, своей волей и в своем интересе дают свое согласие Обществу с ограниченной ответственностью Страховая компания «Росгосстрах Жизнь» (место нахождения: 121059, г. Москва, вн.тер.г. муниципальный округ Дорогомилово, ул. Киевская, д. 7, к. 1), Публичному акционерному обществу Страховая Компания «Росгосстрах» (место нахождения: 140002, Московская область, г. Люберцы, ул. Парковая, д. 3), перестраховщикам (Акционерное общество «Российская Национальная Перестраховочная Компания» (место нахождения: 125047, г. Москва, ул. Гашека, д. 6, Помещение XII)), архивным компаниям (Обществу с ограниченной ответственностью «ОСГ Рекордз Менеджмент» (место нахождения: 115093, г. Москва, ул. Павловская, влд. 7, пом. 14Б)) и ассистанским компаниям (сервисным организациям) (Общество с ограниченной ответственностью «Инновационные Сервисы» (место нахождения: 127055, г. Москва, Бутырский вал, д. 68/70, стр. 1; этаж 3; пом. I, ком. 5)) на обработку их персональных данных (включая сбор, запись, систематизацию, накопление, хранение, уточнение (обновление, изменение), извлечение, использование, передачу (предоставление, доступ), трансграничную передачу, в том числе в страны, обеспечивающие и не обеспечивающие адекватную защиту прав субъектов персональных данных (США), обезличивание, блокирование, удаление, уничтожение) совершаемую с использованием средств автоматизации или без использования таких средств. Цель обработки персональных данных: заключение, сопровождение, исполнение, прекращение договора страхования и перестрахования, продвижение страховых услуг, проведение рекламных и маркетинговых акций, а также архивное хранение и выполнение требований законодательства Российской Федерации. Перечень персональных данных, на обработку которых дается согласие (при условии их раскрытия субъектом персональных данных): фамилия, имя, отчество; гражданство; дата рождения; место рождения; пол; серия (при наличии) и номер документа, удостоверяющего личность субъекта персональных данных, дата выдачи документа, орган, выдавший документ; адрес постоянной регистрации; почтовый адрес; контактные номера телефонов (мобильного и/или домашнего); адреса электронной почты; информация о состоянии здоровья и диагнозах Страхователя (Застрахованного 2) и Застрахованного 1 (в т. ч. составляющая врачебную тайну в соответствии со ст. 13, 19, 22 Федерального закона от 21.11.2011 № 323-ФЗ «Об основах охраны здоровья граждан в Российской Федерации»). Страховщик вправе поручить обработку персональных данных другому лицу, на основании заключаемого с этим лицом договора. Страховщик оставляет за собой право изменить перечень ассистанских компаний (сервисных организаций) / перестраховщиков / архивных компаний, а также список стран, в которые может быть осуществлена трансграничная передача в связи с указанными изменениями. Актуальный перечень ассистанских компаний (сервисных организаций) / перестраховщиков / архивных компаний / стран, в которые может быть осуществлена трансграничная передача, представлен на сайте Страховщика в разделе «Раскрытие информации» (www.rgsl.ru/info/). Согласие на обработку персональных данных начинает свое действие с момента подписания договора страхования и действует в течение всего срока действия договора страхования, а также в течение 5 (пяти) лет с даты его прекращения. Согласие может быть отозвано в любое время путем направления Страховщику письменного уведомления (путем направления заказного письма с уведомлением о вручении либо путем вручения лично под расписку уполномоченному представителю Страховщика).');
delete from bfx_impl.declaration_main_questions where id = 'A38F5416-B0DD-4E51-B01D-41DBBAAC79AD'; insert into bfx_impl.declaration_main_questions values ('A38F5416-B0DD-4E51-B01D-41DBBAAC79AD', N'Страхователь (Застрахованный 2) и Застрахованный 1 / законный представитель Застрахованного 1 с Правилами, расположенными на официальном сайте Страховщика (www.rgsl.ru), ознакомлены и согласны.');
delete from bfx_impl.declaration_main_questions where id = '2C1BBA56-9320-4DDC-BD86-425A77300DC7'; insert into bfx_impl.declaration_main_questions values ('2C1BBA56-9320-4DDC-BD86-425A77300DC7', N'Страхователь (Застрахованный 2) и Застрахованный 1 / законный представитель Застрахованного 1 дают свое согласие Обществу с ограниченной ответственностью Страховая компания «Росгосстрах Жизнь» (121059, г. Москва, вн.тер.г. муниципальный округ Дорогомилово, ул. Киевская, д. 7, к. 1), Публичному акционерному обществу Страховая Компания «Росгосстрах» (140002, Московская область, г. Люберцы, ул. Парковая, д. 3) на обработку и использование указанного в настоящем договоре страхования номера мобильного телефона, адреса электронной почты с целью оповещения/информирования об услугах и страховых продуктах Общества с ограниченной ответственностью Страховая компания «Росгосстрах Жизнь» (121059, г. Москва, вн.тер.г. муниципальный округ Дорогомилово, ул. Киевская, д. 7, к. 1), Публичного акционерного общества Страховая Компания «Росгосстрах» (140002, Московская область, г. Люберцы, ул. Парковая, д. 3), сообщения информации в отношении настоящего договора страхования, заключенного со Страхователем (Застрахованным 2), и/или информации по страховому случаю, а также для поздравления с официальными праздниками и маркетинговых исследований. Согласие на получение информации по каналам связи дано без ограничения срока действия и может быть отозвано в любой момент времени путем направления Страховщику письменного заявления.');
delete from bfx_impl.declaration_main_questions where id = '72D0AF9D-AE4E-4689-A285-471BF486054B'; insert into bfx_impl.declaration_main_questions values ('72D0AF9D-AE4E-4689-A285-471BF486054B', N'Страхователь (Застрахованный 2) и Застрахованный 1 / законный представитель Застрахованного 1 подтверждают, что сведения, указанные в настоящем договоре страхования и приложениях к нему, являются правдивыми и содержат полную информацию. Информация, указанная в настоящем договоре страхования и приложениях к нему, признается сторонами существенной для определения вероятности наступления страхового случая.');

delete from bfx_impl.declaration_main where id = '8B369DEA-66C6-4DEC-9B14-4C77368F15B9'; insert into bfx_impl.declaration_main values ('8B369DEA-66C6-4DEC-9B14-4C77368F15B9', 'CAPCLCHILDOAS', '1', '2D6BF9F3-E71E-42A1-B46C-05060F99A46F', 'underwriting');
delete from bfx_impl.declaration_main where id = 'DF2E89AC-CA9C-4BC3-9D39-4F5E88565956'; insert into bfx_impl.declaration_main values ('DF2E89AC-CA9C-4BC3-9D39-4F5E88565956', 'CAPCLCHILDOAS', '2', '6DC31573-E338-4530-804B-074EB19CF7F0', 'underwriting');
delete from bfx_impl.declaration_main where id = '5A8461A6-9CA1-491C-B063-66F32B707C30'; insert into bfx_impl.declaration_main values ('5A8461A6-9CA1-491C-B063-66F32B707C30', 'CAPCLCHILDOAS', '3', '72634ACF-3138-4F45-92E5-0D4C4C855382', 'compliance');
delete from bfx_impl.declaration_main where id = '36035016-8C7E-4F78-9A1A-6B1E48D3505D'; insert into bfx_impl.declaration_main values ('36035016-8C7E-4F78-9A1A-6B1E48D3505D', 'CAPCLCHILDOAS', '4', 'BB3E05E8-2BBC-4EB8-9396-15B38FAD055C', 'compliance');
delete from bfx_impl.declaration_main where id = '455C096E-54B2-4C11-91A0-6C3D17180F52'; insert into bfx_impl.declaration_main values ('455C096E-54B2-4C11-91A0-6C3D17180F52', 'CAPCLCHILDOAS', '5', '0C4D6877-4B20-4F60-A5BD-1EC739A36AA5', 'compliance');
delete from bfx_impl.declaration_main where id = '022589EE-6AFB-4E48-9A40-6C5B6AA6B1B1'; insert into bfx_impl.declaration_main values ('022589EE-6AFB-4E48-9A40-6C5B6AA6B1B1', 'CAPCLCHILDOAS', '6', '72A1F2A2-1763-4F26-A458-1EE2385BF954', 'compliance');
delete from bfx_impl.declaration_main where id = 'D90F7F9B-E036-4090-830C-6E0D58010324'; insert into bfx_impl.declaration_main values ('D90F7F9B-E036-4090-830C-6E0D58010324', 'CAPCLCHILDOAS', '7', 'A8FDA1FA-10A5-4AA1-B6CD-25E5D6901AC3', 'compliance');
delete from bfx_impl.declaration_main where id = 'C434291E-880A-442A-83F1-782E37820B6D'; insert into bfx_impl.declaration_main values ('C434291E-880A-442A-83F1-782E37820B6D', 'CAPCLCHILDOAS', '8', '245DCFC2-3D5E-4931-8510-2A70F66A1C2D', 'compliance');
delete from bfx_impl.declaration_main where id = '5A964668-0D30-4882-9269-7AC70AAC7154'; insert into bfx_impl.declaration_main values ('5A964668-0D30-4882-9269-7AC70AAC7154', 'CAPCLCHILDOAS', '9', '16DEC0A3-6C33-4243-9A45-30C37EAA8B55', 'compliance');
delete from bfx_impl.declaration_main where id = 'CC18E4F4-0301-42A5-9AA3-7B208B666065'; insert into bfx_impl.declaration_main values ('CC18E4F4-0301-42A5-9AA3-7B208B666065', 'CAPCLCHILDOAS', '10', 'A815BD22-C666-4902-BB47-30D700A4714B', 'compliance');
delete from bfx_impl.declaration_main where id = 'DFB49E95-1EED-40CD-9FE6-80F31B58886D'; insert into bfx_impl.declaration_main values ('DFB49E95-1EED-40CD-9FE6-80F31B58886D', 'CAPCLCHILDOAS', '11', 'A15C079F-8EDD-49BC-A6A7-35B41DEC1CCB', 'legal');
delete from bfx_impl.declaration_main where id = '727A3FFD-6BE5-4CB4-92CE-988DF19E64AA'; insert into bfx_impl.declaration_main values ('727A3FFD-6BE5-4CB4-92CE-988DF19E64AA', 'CAPCLCHILDOAS', '12', 'A5EA56DF-C307-4D1D-930C-388FEDF394C1', 'block');
delete from bfx_impl.declaration_main where id = '5FABB0C8-F335-4713-A42C-9B7CE7D494AB'; insert into bfx_impl.declaration_main values ('5FABB0C8-F335-4713-A42C-9B7CE7D494AB', 'CAPCLCHILDOAS', '13', 'C2B2E859-DDFA-48EA-BC26-3D17379A1703', 'block');
delete from bfx_impl.declaration_main where id = 'E999DBC0-F757-4E5A-A469-AE20748C4212'; insert into bfx_impl.declaration_main values ('E999DBC0-F757-4E5A-A469-AE20748C4212', 'CAPCLCHILDOAS', '14', '9CF94135-56E4-4A46-83AA-3DBA6D0128B9', 'legal');
delete from bfx_impl.declaration_main where id = '5948D86F-E9A8-44F4-91B8-AF596A214CF0'; insert into bfx_impl.declaration_main values ('5948D86F-E9A8-44F4-91B8-AF596A214CF0', 'CAPCLCHILDOAS', '15', 'A38F5416-B0DD-4E51-B01D-41DBBAAC79AD', 'block');
delete from bfx_impl.declaration_main where id = '0AAF9BBD-18C3-490B-9D66-AFE6ECF3D672'; insert into bfx_impl.declaration_main values ('0AAF9BBD-18C3-490B-9D66-AFE6ECF3D672', 'CAPCLCHILDOAS', '16', '2C1BBA56-9320-4DDC-BD86-425A77300DC7', 'legal');
delete from bfx_impl.declaration_main where id = 'C98469E5-6847-48CA-910A-AFEB8E0D4EDE'; insert into bfx_impl.declaration_main values ('C98469E5-6847-48CA-910A-AFEB8E0D4EDE', 'CAPCLCHILDOAS', '17', '72D0AF9D-AE4E-4689-A285-471BF486054B', 'block');

delete from bfx_impl.declaration_main where id = 'A01BCF25-CB52-4545-9FD4-01A908B9C30F'; insert into bfx_impl.declaration_main values ('A01BCF25-CB52-4545-9FD4-01A908B9C30F', 'CAPCLCHILDBOXOAS', '1', '2D6BF9F3-E71E-42A1-B46C-05060F99A46F', 'underwriting');
delete from bfx_impl.declaration_main where id = 'E3E47C7D-4183-40C8-BBA7-0DD74C03C82E'; insert into bfx_impl.declaration_main values ('E3E47C7D-4183-40C8-BBA7-0DD74C03C82E', 'CAPCLCHILDBOXOAS', '2', '6DC31573-E338-4530-804B-074EB19CF7F0', 'underwriting');
delete from bfx_impl.declaration_main where id = '7A6AD2B6-ADB3-428C-A19C-1E2CE6B3F6CB'; insert into bfx_impl.declaration_main values ('7A6AD2B6-ADB3-428C-A19C-1E2CE6B3F6CB', 'CAPCLCHILDBOXOAS', '3', '72634ACF-3138-4F45-92E5-0D4C4C855382', 'compliance');
delete from bfx_impl.declaration_main where id = '17A50D62-4B68-43E9-AEFB-283FCB5C2956'; insert into bfx_impl.declaration_main values ('17A50D62-4B68-43E9-AEFB-283FCB5C2956', 'CAPCLCHILDBOXOAS', '4', 'BB3E05E8-2BBC-4EB8-9396-15B38FAD055C', 'compliance');
delete from bfx_impl.declaration_main where id = 'E3CF38E2-3C02-435E-B29D-349645EA1D34'; insert into bfx_impl.declaration_main values ('E3CF38E2-3C02-435E-B29D-349645EA1D34', 'CAPCLCHILDBOXOAS', '5', '0C4D6877-4B20-4F60-A5BD-1EC739A36AA5', 'compliance');
delete from bfx_impl.declaration_main where id = 'E105C269-36C9-4485-B192-3D6CE04D951C'; insert into bfx_impl.declaration_main values ('E105C269-36C9-4485-B192-3D6CE04D951C', 'CAPCLCHILDBOXOAS', '6', '72A1F2A2-1763-4F26-A458-1EE2385BF954', 'compliance');
delete from bfx_impl.declaration_main where id = 'A580E549-2417-402F-A805-42A8408F4713'; insert into bfx_impl.declaration_main values ('A580E549-2417-402F-A805-42A8408F4713', 'CAPCLCHILDBOXOAS', '7', 'A8FDA1FA-10A5-4AA1-B6CD-25E5D6901AC3', 'compliance');
delete from bfx_impl.declaration_main where id = '23887573-DAF1-4AFA-B7FB-4D68CD06C98C'; insert into bfx_impl.declaration_main values ('23887573-DAF1-4AFA-B7FB-4D68CD06C98C', 'CAPCLCHILDBOXOAS', '8', '245DCFC2-3D5E-4931-8510-2A70F66A1C2D', 'compliance');
delete from bfx_impl.declaration_main where id = '430C270A-6084-4153-9007-5051345A4688'; insert into bfx_impl.declaration_main values ('430C270A-6084-4153-9007-5051345A4688', 'CAPCLCHILDBOXOAS', '9', '16DEC0A3-6C33-4243-9A45-30C37EAA8B55', 'compliance');
delete from bfx_impl.declaration_main where id = '9F79F28B-632F-4D2F-9571-587AE02435B0'; insert into bfx_impl.declaration_main values ('9F79F28B-632F-4D2F-9571-587AE02435B0', 'CAPCLCHILDBOXOAS', '10', 'A815BD22-C666-4902-BB47-30D700A4714B', 'compliance');
delete from bfx_impl.declaration_main where id = '031FA204-9FF2-4561-8C4E-5C1FED85F014'; insert into bfx_impl.declaration_main values ('031FA204-9FF2-4561-8C4E-5C1FED85F014', 'CAPCLCHILDBOXOAS', '11', 'A15C079F-8EDD-49BC-A6A7-35B41DEC1CCB', 'legal');
delete from bfx_impl.declaration_main where id = '90D14E65-199A-4FB8-82EF-5C93C7D896FE'; insert into bfx_impl.declaration_main values ('90D14E65-199A-4FB8-82EF-5C93C7D896FE', 'CAPCLCHILDBOXOAS', '12', 'A5EA56DF-C307-4D1D-930C-388FEDF394C1', 'block');
delete from bfx_impl.declaration_main where id = '56030EE8-C821-47CB-BEEA-61FA609553C2'; insert into bfx_impl.declaration_main values ('56030EE8-C821-47CB-BEEA-61FA609553C2', 'CAPCLCHILDBOXOAS', '13', 'C2B2E859-DDFA-48EA-BC26-3D17379A1703', 'block');
delete from bfx_impl.declaration_main where id = '18CB374F-C467-4F66-8B15-630411822383'; insert into bfx_impl.declaration_main values ('18CB374F-C467-4F66-8B15-630411822383', 'CAPCLCHILDBOXOAS', '14', '9CF94135-56E4-4A46-83AA-3DBA6D0128B9', 'legal');
delete from bfx_impl.declaration_main where id = 'AD986305-161D-4C6C-8C25-69981168D4A3'; insert into bfx_impl.declaration_main values ('AD986305-161D-4C6C-8C25-69981168D4A3', 'CAPCLCHILDBOXOAS', '15', 'A38F5416-B0DD-4E51-B01D-41DBBAAC79AD', 'block');
delete from bfx_impl.declaration_main where id = '82EF8677-60D2-4717-8E5C-7E470E038564'; insert into bfx_impl.declaration_main values ('82EF8677-60D2-4717-8E5C-7E470E038564', 'CAPCLCHILDBOXOAS', '16', '2C1BBA56-9320-4DDC-BD86-425A77300DC7', 'legal');
delete from bfx_impl.declaration_main where id = '0E578949-F6FA-4285-B6E7-80885A328B7A'; insert into bfx_impl.declaration_main values ('0E578949-F6FA-4285-B6E7-80885A328B7A', 'CAPCLCHILDBOXOAS', '17', '72D0AF9D-AE4E-4689-A285-471BF486054B', 'block');

-- ОАС Достойный век
delete from bfx_impl.declaration_medical_questions where id = 'D6262BD7-1282-4FEE-9295-06F2D48F77BC'; insert into bfx_impl.declaration_medical_questions values ('D6262BD7-1282-4FEE-9295-06F2D48F77BC', N'не являюсь лицом моложе 30 и старше 75 лет (включительно) на момент заключения договора страхования;');
delete from bfx_impl.declaration_medical_questions where id = 'C85C2D33-F071-43A1-A426-0A84F9A30D0C'; insert into bfx_impl.declaration_medical_questions values ('C85C2D33-F071-43A1-A426-0A84F9A30D0C', N'не употребляю и не употреблял(а) ранее наркотики, токсичные вещества, не страдаю алкоголизмом, не состою и не состоял(а) ранее на учете в наркологическом диспансере, психоневрологическом;');
delete from bfx_impl.declaration_medical_questions where id = '26CD8B43-A1F9-41B8-905C-0B433A526F89'; insert into bfx_impl.declaration_medical_questions values ('26CD8B43-A1F9-41B8-905C-0B433A526F89', N'не имел(а), не обращался (не обращалась) за медицинской помощью по нижеперечисленным заболеваниям и не страдаю ими в настоящее время:
- нервные или психические расстройства или заболевания,
- заболевания опорно-двигательного аппарата (например: артрит, артроз, анкилоз, деформация суставов или конечностей, заболевания позвоночника);');
delete from bfx_impl.declaration_medical_questions where id = '7E7B4C91-99A8-40FE-8006-0C32AF993752'; insert into bfx_impl.declaration_medical_questions values ('7E7B4C91-99A8-40FE-8006-0C32AF993752', N'не намереваюсь путешествовать на территории, на которой объявлено чрезвычайное положение или проводятся боевые действия;');
delete from bfx_impl.declaration_medical_questions where id = '63BEAC74-7DCF-47E8-80BB-0D1A37F4B671'; insert into bfx_impl.declaration_medical_questions values ('63BEAC74-7DCF-47E8-80BB-0D1A37F4B671', N'не нахожусь под следствием и не являюсь осужденным к лишению свободы.');

delete from bfx_impl.declaration_medical where id = '9AF5A75E-32A9-46B9-811E-110FED991662'; insert into bfx_impl.declaration_medical values ('9AF5A75E-32A9-46B9-811E-110FED991662', 'WCENOAS', '1', 'D6262BD7-1282-4FEE-9295-06F2D48F77BC', 'underwriting');
delete from bfx_impl.declaration_medical where id = '024B0022-BE60-4E33-B210-112B0AA11A0B'; insert into bfx_impl.declaration_medical values ('024B0022-BE60-4E33-B210-112B0AA11A0B', 'WCENOAS', '2', 'C85C2D33-F071-43A1-A426-0A84F9A30D0C', 'underwriting');
delete from bfx_impl.declaration_medical where id = '3DA3E9B8-CE99-4E42-B8C4-1720A61B1F06'; insert into bfx_impl.declaration_medical values ('3DA3E9B8-CE99-4E42-B8C4-1720A61B1F06', 'WCENOAS', '3', '26CD8B43-A1F9-41B8-905C-0B433A526F89', 'underwriting');
delete from bfx_impl.declaration_medical where id = '3AB0497B-6114-4CE2-BCDA-18E9E4CF3E63'; insert into bfx_impl.declaration_medical values ('3AB0497B-6114-4CE2-BCDA-18E9E4CF3E63', 'WCENOAS', '4', '7E7B4C91-99A8-40FE-8006-0C32AF993752', 'underwriting');
delete from bfx_impl.declaration_medical where id = 'ED708B7F-847F-4ABD-A65D-217480718FA4'; insert into bfx_impl.declaration_medical values ('ED708B7F-847F-4ABD-A65D-217480718FA4', 'WCENOAS', '5', '63BEAC74-7DCF-47E8-80BB-0D1A37F4B671', 'underwriting');

delete from bfx_impl.declaration_main_questions where id = 'D9C6602E-01FC-411A-A700-21EE94C36314'; insert into bfx_impl.declaration_main_questions values ('D9C6602E-01FC-411A-A700-21EE94C36314', N'Общая страховая сумма в отношении Застрахованного по всем договорам страхования ООО СК «Росгосстрах жизнь», заключенным на основании Правил пожизненного страхования (в редакции от любого числа) с пожизненным сроком страхования, включая настоящий договор страхования не превышает:
- 1 000 000 рублей по каждому из рисков «Смерть Застрахованного по любой причине», «Смерть Застрахованного в результате дорожно-транспортного происшествия»;
- 250 000 рублей «Травма Застрахованного в результате несчастного случая».');
delete from bfx_impl.declaration_main_questions where id = 'BDD591F2-A367-4037-8EC8-23AB2F7F54ED'; insert into bfx_impl.declaration_main_questions values ('BDD591F2-A367-4037-8EC8-23AB2F7F54ED', N'Страхователь подтверждает, что страхование осуществляется в целях обеспечения защиты его интересов, за счет средств Страхователя.');
delete from bfx_impl.declaration_main_questions where id = '21998491-A959-49EF-A9A4-26411DD0C156'; insert into bfx_impl.declaration_main_questions values ('21998491-A959-49EF-A9A4-26411DD0C156', N'Страхователь подтверждает отсутствие у него: действующей профессиональной дисквалификации, непогашенной судимости или административного взыскания в соответствии с законодательством Российской Федерации, просроченной задолженности в кредитных организациях.');
delete from bfx_impl.declaration_main_questions where id = '5D25FA5C-F588-4F19-A760-3276554CB72A'; insert into bfx_impl.declaration_main_questions values ('5D25FA5C-F588-4F19-A760-3276554CB72A', N'Страхователь не является иностранным публичным должностным лицом («иностранное публичное должностное лицо» означает любое назначаемое или избираемое лицо, занимающее какую-либо должность в законодательном, исполнительном, административном или судебном органе иностранного государства, и любое лицо, выполняющее какую-либо публичную функцию для иностранного государства, в том числе для публичного ведомства или публичного предприятия), должностным лицом публичных международных организаций («должностное лицо публичной международной организации» означает международного гражданского служащего или любое лицо, которое уполномочено такой организацией действовать от ее имени), российским публичным должностным лицом, лицом, замещающим (занимающим) государственные должности в Российской Федерации, должности членов Совета директоров Банка России, должности федеральной государственной службы, назначение на которые и освобождение от которых осуществляются Президентом Российской Федерации или Правительством Российской Федерации, должности в Банке России, государственных корпорациях и иных организациях, созданных Российской Федерацией на основании федеральных законов, включенные в перечни должностей, определяемые Президентом Российской Федерации, родственником кого-то из вышеперечисленных лиц (супругом, родителем, ребенком, дедушкой, бабушкой, внуком, полнородным и неполнородным (имеющим общих отца или мать) братом и сестрой, усыновителем и усыновленным) или представителем, действующим от его имени.');
delete from bfx_impl.declaration_main_questions where id = '67CB3CE1-9326-4D1E-9FE9-38036F251CE0'; insert into bfx_impl.declaration_main_questions values ('67CB3CE1-9326-4D1E-9FE9-38036F251CE0', N'Страхователь подтверждает, что не принадлежит (не зарегистрирован, не проживает и не находится) к государству (территории): с высокой террористической или экстремистской активностью; в отношении которого (которой) применяются специальные экономические меры в соответствии с Федеральным законом «О специальных экономических мерах»; которое (которая) не выполняет рекомендации Группы разработки финансовых мер борьбы с отмыванием денег (ФАТФ), либо с использованием счета в банке, зарегистрированном в указанном государстве (на указанной территории) – ИР Иран, КНДР (включая международные неправительственные организации), к государствам (территориям) с повышенным уровнем коррупции и/или другой преступной деятельности; предоставляющему (предоставляющей) льготный режим налогообложения и/или не предусматривающему (предусматривающей) раскрытия и предоставления информации при проведении финансовых операций (офшорной зоны); не имеет открытого банковского счета, зарегистрированного в указанном государстве или на указанной территории.');
delete from bfx_impl.declaration_main_questions where id = 'C000E94B-34F5-4F45-933B-50B9F6AE8390'; insert into bfx_impl.declaration_main_questions values ('C000E94B-34F5-4F45-933B-50B9F6AE8390', N'Страхователь подтверждает, что иное физическое лицо не имеет возможности контролировать действия Страхователя.');
delete from bfx_impl.declaration_main_questions where id = '260BDD50-CDBB-4A9F-9EC7-51F67550D725'; insert into bfx_impl.declaration_main_questions values ('260BDD50-CDBB-4A9F-9EC7-51F67550D725', N'Страхователь подтверждает, что он не является налоговым резидентом США и не обладает ни одним из признаков налогового резидента США (не имеет гражданства США (в том числе в случае наличия двух и более гражданств) и разрешения на постоянное пребывание в США (форма I-551 Green Card); не соответствует критерию «Долгосрочное пребывание» на территории США; местом рождения Страхователя не является территория США; не имеет адреса проживания и/или почтового адреса, номера контактного телефона и/или факса на территории США; не имеет открытых счетов в кредитных организациях на территории США). (Физическое лицо соответствует критерию «Долгосрочное пребывание», если оно находилось на территории США не менее 31 дня в течение текущего календарного года и не менее 183 дней в течение 3 лет, включая текущий год и два непосредственно предшествующих года. При этом сумма дней, в течение которых физическое лицо присутствовало на территории США в текущем году, а также двух предшествующих годах, умножается на установленный коэффициент: коэффициент для текущего года равен 1 (т. е. учитываются все дни, проведенные в США в текущем году); коэффициент предшествующего года равен 1/3; коэффициент позапрошлого года – 1/6.).');
delete from bfx_impl.declaration_main_questions where id = '2C35F5CE-913D-4C46-A0D6-557EABE12707'; insert into bfx_impl.declaration_main_questions values ('2C35F5CE-913D-4C46-A0D6-557EABE12707', N'Страхователь подтверждает, что на момент заключения настоящего договора страхования, не является налоговым резидентом страны, отличной от Российской Федерации и не обладает ни одним из признаков иностранного налогового резидентства (не имеет иностранного адреса места фактического проживания или почтового адреса в иностранном государстве; не имеет номера телефона в иностранном государстве при отсутствии номера телефона в Российской Федерации; не имеет постоянного поручения на перечисление средств (за исключением банковского вклада) на счет или адрес в иностранном государстве; не имеет доверенности или права подписи, предоставленных лицу, проживающему в иностранном государстве; не имеет адреса до востребования в иностранной юрисдикции.');
delete from bfx_impl.declaration_main_questions where id = '49137941-21ED-477A-BA54-59353374C868'; insert into bfx_impl.declaration_main_questions values ('49137941-21ED-477A-BA54-59353374C868', N'Страхователь обязуется не реже одного раза в год и/или по мере изменения идентификационных данных, указанных в настоящем договоре страхования, направлять Страховщику обновленные персональные данные по форме, предложенной Страховщиком.
Непредставление соответствующей информации Страховщик вправе расценить как неизменность сведений о Страхователе, установленных при его идентификации, и обновить идентификационные сведения на основе данных, представленных Страхователем ранее в сроки, установленные Федеральным законом от 07.08.2001 N 115-ФЗ «О противодействии легализации (отмыванию) доходов, полученных преступным путем, и финансированию терроризма».');
delete from bfx_impl.declaration_main_questions where id = '05C4DF32-049D-4DF3-830D-65A94EA06070'; insert into bfx_impl.declaration_main_questions values ('05C4DF32-049D-4DF3-830D-65A94EA06070', N'Страхователь дает свое согласие Страховщику на использование адреса электронной почты, указанного в пункте I договора страхования, с целью подключения услуги «Личный кабинет», в рамках которой предоставляется информация о текущем состоянии договора страхования. Данное согласие действует до даты прекращения настоящего договора страхования и может быть отозвано путем подачи соответствующего письменного уведомления, подписанного в присутствии уполномоченного представителя Страховщика, или путем передачи Страховщику отзыва настоящего согласия, подпись Страхователя на котором удостоверена нотариально. Страхователь обязуется незамедлительно уведомлять Страховщика о случаях несанкционированного использования зарегистрированных за Страхователем адреса электронной почты и пароля, не передавать пароль третьим лицам или использовать адреса электронной почты и пароли третьих лиц. Страхователь подтверждает, что осознает полную ответственность за сохранность информации о подключении услуги «Личный кабинет» (включая информацию об адресе электронной почты и пароле) и за все действия, которые будут произведены в «Личном кабинете» с использованием указанного выше адреса электронной почты и пароля к нему. Страхователь понимает, что информация, предоставленная в рамках услуги «Личный кабинет», носит информационно-справочный характер (не является публичной офертой); Страховщик не несет ответственности в случае возможного искажения информации в результате технических сбоев, действия несанкционированных (вредоносных) программ (вирусов), а также не несет ответственности за ущерб, который может быть причинен имуществу Страхователя (иному лицу) в результате таких событий.');
delete from bfx_impl.declaration_main_questions where id = '79CCACF7-2038-4B59-ABCC-6DC31B2F0A8C'; insert into bfx_impl.declaration_main_questions values ('79CCACF7-2038-4B59-ABCC-6DC31B2F0A8C', N'Застрахованный дает свое согласие на получение Обществом с ограниченной ответственностью Страховая компания «Росгосстрах Жизнь» (121059, г. Москва, вн.тер.г. муниципальный округ Дорогомилово, ул. Киевская, д. 7, к. 1) в целях исполнения договора страхования и перестрахования: медицинской информации от любого врача (медицинского учреждения), у которого он когда-либо консультировался и/или лечился, а также будет обращаться в последующем; на получение необходимой информации в правоохранительных, медицинских и других органах (учреждениях) для проверки предоставленной информации, а также для выяснения всех обстоятельств наступления страхового случая; на получение любой информации от страховых компаний, к которым Застрахованный обращался с заявлениями на страхование жизни. Данное согласие дано без ограничения срока действия.');
delete from bfx_impl.declaration_main_questions where id = '64F571D1-272D-400E-BEF5-6EA4A1126CF0'; insert into bfx_impl.declaration_main_questions values ('64F571D1-272D-400E-BEF5-6EA4A1126CF0', N'На основании положений Федерального закона от 21.11.2011 № 323-ФЗ «Об основах охраны здоровья граждан Российской Федерации» Застрахованный разрешает медицинским и иным учреждениям предоставлять информацию о состоянии его здоровья, о фактах обращения за оказанием медицинской помощи, диагнозе, иные сведения, полученные при медицинском обследовании и лечении Застрахованного, составляющие врачебную тайну, в том числе предоставление соответствующих копий документов, по запросу Страховщика.');
delete from bfx_impl.declaration_main_questions where id = '1C38B693-DD24-4C43-910B-7079898AF71C'; insert into bfx_impl.declaration_main_questions values ('1C38B693-DD24-4C43-910B-7079898AF71C', N'Страхователь и Застрахованный в соответствии с Федеральным законом от 27.07.2006 № 152-ФЗ «О персональных данных» свободно, своей волей и в своем интересе дают свое согласие Обществу с ограниченной ответственностью Страховая компания «Росгосстрах Жизнь» (место нахождения: 121059, г. Москва, вн.тер.г. муниципальный округ Дорогомилово, ул. Киевская, д. 7, к. 1), Публичному акционерному обществу Страховая Компания «Росгосстрах» (место нахождения: 140002, Московская область, г. Люберцы, ул. Парковая, д. 3), перестраховщикам (Акционерное общество «Российская Национальная Перестраховочная Компания» (место нахождения: 125047, г. Москва, ул. Гашека, д. 6, Помещение XII)), архивным компаниям (Обществу с ограниченной ответственностью «ОСГ Рекордз Менеджмент» (место нахождения: 115093, г. Москва, ул. Павловская, влд. 7, пом14Б)) и ассистанским компаниям (сервисным организациям) (Общество с ограниченной ответственностью «Евразия Ассистанс» (место нахождения: 115114, г. Москва, 1-ый Кожевнический переулок, д.6, стр.1, этаж 4, пом. VIII офис 3)) на обработку их персональных данных (включая сбор, запись, систематизацию, накопление, хранение, уточнение (обновление, изменение), извлечение, использование, передачу (предоставление, доступ), трансграничную передачу, в том числе в страны, обеспечивающие и не обеспечивающие адекватную защиту прав субъектов персональных данных (США), обезличивание, блокирование, удаление, уничтожение) совершаемую с использованием средств автоматизации или без использования таких средств. Цель обработки персональных данных: заключение, сопровождение, исполнение, прекращение договора страхования и перестрахования, продвижение страховых услуг, проведение рекламных и маркетинговых акций, а также архивное хранение и выполнение требований законодательства Российской Федерации. Перечень персональных данных, на обработку которых дается согласие (при условии их раскрытия субъектом персональных данных): фамилия, имя, отчество; гражданство; дата рождения; место рождения; пол; серия (при наличии) и номер документа, удостоверяющего личность субъекта персональных данных, дата выдачи документа, орган, выдавший документ; адрес постоянной регистрации; почтовый адрес; контактные номера телефонов (мобильного и/или домашнего); адреса электронной почты; информация о состоянии здоровья и диагнозах Застрахованного (в т. ч. составляющая врачебную тайну в соответствии со ст. 13, 19, 22 Федерального закона от 21.11.2011 № 323-ФЗ «Об основах охраны здоровья граждан в Российской Федерации»). Страховщик вправе поручить обработку персональных данных другому лицу, на основании заключаемого с этим лицом договора. Страховщик оставляет за собой право изменить перечень ассистанских компаний (сервисных организаций) / перестраховщиков / архивных компаний, а также список стран, в которые может быть осуществлена трансграничная передача в связи с указанными изменениями. Актуальный перечень ассистанских компаний (сервисных организаций) / перестраховщиков / архивных компаний / стран, в которые может быть осуществлена трансграничная передача, представлен на сайте Страховщика в разделе «Раскрытие информации» (www.rgsl.ru/info/). Согласие на обработку персональных данных начинает свое действие с момента подписания договора страхования и действует в течение всего срока действия договора страхования, а также в течение 5 (пяти) лет с даты его прекращения. Согласие может быть отозвано в любое время путем направления Страховщику письменного уведомления (путем направления заказного письма с уведомлением о вручении либо путем вручения лично под расписку уполномоченному представителю Страховщика).');
delete from bfx_impl.declaration_main_questions where id = '203A2B22-9F7F-46C1-9003-71687548AA03'; insert into bfx_impl.declaration_main_questions values ('203A2B22-9F7F-46C1-9003-71687548AA03', N'Страхователь и Застрахованный с Правилами, расположенными на официальном сайте Страховщика (www.rgsl.ru), ознакомлены и согласны.');
delete from bfx_impl.declaration_main_questions where id = 'DCF60874-9FB1-4EDF-B837-75ADA8EFA85B'; insert into bfx_impl.declaration_main_questions values ('DCF60874-9FB1-4EDF-B837-75ADA8EFA85B', N'Страхователь присоединяется к Соглашению об электронном документообороте (в редакции действующей на дату заключения настоящего договора страхования) (далее – Соглашение) в соответствии со статьей 428 Гражданского кодекса Российской Федерации. Страхователь подтверждает, что ознакомился с условиями Соглашения, расположенного на официальном сайте Страховщика (www.rgsl.ru), понимает текст данного Соглашения, выражает свое согласие с ним и обязуется выполнять.');
delete from bfx_impl.declaration_main_questions where id = '0822AC00-D29D-442E-B09E-78D331938BA5'; insert into bfx_impl.declaration_main_questions values ('0822AC00-D29D-442E-B09E-78D331938BA5', N'Страхователь и Застрахованный дают свое согласие Обществу с ограниченной ответственностью Страховая компания «Росгосстрах Жизнь» (121059, г. Москва, вн.тер.г. муниципальный округ Дорогомилово, ул. Киевская, д. 7, к. 1), Публичному акционерному обществу Страховая Компания «Росгосстрах» (140002, Московская область, г. Люберцы, ул. Парковая, д. 3) на обработку и использование указанного в настоящем договоре страхования номера мобильного телефона, адреса электронной почты с целью оповещения/информирования об услугах и страховых продуктах Общества с ограниченной ответственностью Страховая компания «Росгосстрах Жизнь» (121059, г. Москва, вн.тер.г. муниципальный округ Дорогомилово, ул. Киевская, д. 7, к. 1), Публичного акционерного общества Страховая Компания «Росгосстрах» (140002, Московская область, г. Люберцы, ул. Парковая, д. 3), сообщения информации в отношении настоящего договора страхования, заключенного со Страхователем, и/или информации по страховому случаю, а также для поздравления с официальными праздниками и маркетинговых исследований. Согласие на получение информации по каналам связи дано без ограничения срока действия и может быть отозвано в любой момент времени путем направления Страховщику письменного заявления.');
delete from bfx_impl.declaration_main_questions where id = '832B926D-CD2B-4961-816F-8390A7009A6E'; insert into bfx_impl.declaration_main_questions values ('832B926D-CD2B-4961-816F-8390A7009A6E', N'Страхователь и Застрахованный подтверждают, что сведения, указанные в настоящем договоре страхования и приложениях к нему, являются правдивыми и содержат полную информацию. Информация, указанная в настоящем договоре страхования и приложениях к нему, признается сторонами существенной для определения вероятности наступления страхового случая.');

delete from bfx_impl.declaration_main where id = 'AF8F5D7B-2616-4A0A-9463-2112DEA0830E'; insert into bfx_impl.declaration_main values ('AF8F5D7B-2616-4A0A-9463-2112DEA0830E', 'WCENOAS', '1', 'D9C6602E-01FC-411A-A700-21EE94C36314', 'underwriting');
delete from bfx_impl.declaration_main where id = '23D2C4B0-B06E-4C1F-BAE1-245E1E721B8B'; insert into bfx_impl.declaration_main values ('23D2C4B0-B06E-4C1F-BAE1-245E1E721B8B', 'WCENOAS', '2', 'BDD591F2-A367-4037-8EC8-23AB2F7F54ED', 'compliance');
delete from bfx_impl.declaration_main where id = 'E42DD114-C80A-4221-9296-2C48929A2C70'; insert into bfx_impl.declaration_main values ('E42DD114-C80A-4221-9296-2C48929A2C70', 'WCENOAS', '3', '21998491-A959-49EF-A9A4-26411DD0C156', 'compliance');
delete from bfx_impl.declaration_main where id = '8EEA23D5-5CC9-4A39-B40D-326F87A7FBE6'; insert into bfx_impl.declaration_main values ('8EEA23D5-5CC9-4A39-B40D-326F87A7FBE6', 'WCENOAS', '4', '5D25FA5C-F588-4F19-A760-3276554CB72A', 'compliance');
delete from bfx_impl.declaration_main where id = 'A7397DCB-479B-4E88-A9D5-3436F8FA87DA'; insert into bfx_impl.declaration_main values ('A7397DCB-479B-4E88-A9D5-3436F8FA87DA', 'WCENOAS', '5', '67CB3CE1-9326-4D1E-9FE9-38036F251CE0', 'compliance');
delete from bfx_impl.declaration_main where id = 'B0CC0DB8-852F-493A-951A-34D25F106F25'; insert into bfx_impl.declaration_main values ('B0CC0DB8-852F-493A-951A-34D25F106F25', 'WCENOAS', '6', 'C000E94B-34F5-4F45-933B-50B9F6AE8390', 'compliance');
delete from bfx_impl.declaration_main where id = '2F43BB91-B28C-4AEA-BE69-3BD043D1B503'; insert into bfx_impl.declaration_main values ('2F43BB91-B28C-4AEA-BE69-3BD043D1B503', 'WCENOAS', '7', '260BDD50-CDBB-4A9F-9EC7-51F67550D725', 'compliance');
delete from bfx_impl.declaration_main where id = '13058434-B153-4637-89E6-3C5E80BD0A51'; insert into bfx_impl.declaration_main values ('13058434-B153-4637-89E6-3C5E80BD0A51', 'WCENOAS', '8', '2C35F5CE-913D-4C46-A0D6-557EABE12707', 'compliance');
delete from bfx_impl.declaration_main where id = '8CF79449-1C61-4F1A-B8C3-4E2D2650E4BC'; insert into bfx_impl.declaration_main values ('8CF79449-1C61-4F1A-B8C3-4E2D2650E4BC', 'WCENOAS', '9', '49137941-21ED-477A-BA54-59353374C868', 'compliance');
delete from bfx_impl.declaration_main where id = '373680E0-C219-4DCA-8EA0-53E501083C56'; insert into bfx_impl.declaration_main values ('373680E0-C219-4DCA-8EA0-53E501083C56', 'WCENOAS', '10', '05C4DF32-049D-4DF3-830D-65A94EA06070', 'legal');
delete from bfx_impl.declaration_main where id = '76548009-EE80-4404-B9DD-554F869C0286'; insert into bfx_impl.declaration_main values ('76548009-EE80-4404-B9DD-554F869C0286', 'WCENOAS', '11', '79CCACF7-2038-4B59-ABCC-6DC31B2F0A8C', 'block');
delete from bfx_impl.declaration_main where id = 'CBCCC0D9-8F4C-44C6-BA6F-5A323B4E261B'; insert into bfx_impl.declaration_main values ('CBCCC0D9-8F4C-44C6-BA6F-5A323B4E261B', 'WCENOAS', '12', '64F571D1-272D-400E-BEF5-6EA4A1126CF0', 'block');
delete from bfx_impl.declaration_main where id = 'FE5761E9-12CD-4A95-BCAD-636F3739B910'; insert into bfx_impl.declaration_main values ('FE5761E9-12CD-4A95-BCAD-636F3739B910', 'WCENOAS', '13', '1C38B693-DD24-4C43-910B-7079898AF71C', 'legal');
delete from bfx_impl.declaration_main where id = '9C397F9F-0C66-4018-ACA9-6528D2BB712F'; insert into bfx_impl.declaration_main values ('9C397F9F-0C66-4018-ACA9-6528D2BB712F', 'WCENOAS', '14', '203A2B22-9F7F-46C1-9003-71687548AA03', 'block');
delete from bfx_impl.declaration_main where id = 'A2F17F8D-AA4F-4972-B9EC-652E25F5D9AD'; insert into bfx_impl.declaration_main values ('A2F17F8D-AA4F-4972-B9EC-652E25F5D9AD', 'WCENOAS', '15', 'DCF60874-9FB1-4EDF-B837-75ADA8EFA85B', 'block');
delete from bfx_impl.declaration_main where id = 'B9C50400-22AB-42A4-8CB6-65CC2AF6F50B'; insert into bfx_impl.declaration_main values ('B9C50400-22AB-42A4-8CB6-65CC2AF6F50B', 'WCENOAS', '16', '0822AC00-D29D-442E-B09E-78D331938BA5', 'legal');
delete from bfx_impl.declaration_main where id = 'A9316015-DD87-45E4-A573-6DDBA07DC513'; insert into bfx_impl.declaration_main values ('A9316015-DD87-45E4-A573-6DDBA07DC513', 'WCENOAS', '17', '832B926D-CD2B-4961-816F-8390A7009A6E', 'block');
