ALTER TABLE BFX_IMPL.DECLARATION_MEDICAL
ALTER COLUMN ITEM_NUMBER NVARCHAR(MAX) NOT NULL

ALTER TABLE BFX_IMPL.DECLARATION_MAIN
ALTER COLUMN ITEM_NUMBER NVARCHAR(MAX) NOT NULL

delete from bfx_impl.declaration_medical_questions where id = '7ecb6de6-e8d5-44c0-a07a-04b769a22ab0'; insert into bfx_impl.declaration_medical_questions values ('7ecb6de6-e8d5-44c0-a07a-04b769a22ab0', N'является лицом от 18 полных лет на дату заключения договора страхования и до 70 полных лет (включительно) на дату окончания договора страхования');
delete from bfx_impl.declaration_medical_questions where id = '9e833063-9354-4ae4-9391-41c621c8324c'; insert into bfx_impl.declaration_medical_questions values ('9e833063-9354-4ae4-9391-41c621c8324c', N'у него не были диагностированы следующие заболевания: онкологические заболевания, порок сердца, нарушение сердечного ритма, ишемическая болезнь сердца (инфаркт миокарда, стенокардия), инсульт, кардиомиопатия, хроническая почечная недостаточность, цирроз печени, гепатит В или С, сахарный диабет I типа, туберкулез, болезнь, вызванная вирусом иммунодефицита человека (ВИЧ), психические расстройства и расстройства поведения');
delete from bfx_impl.declaration_medical_questions where id = '8f6275cc-98fd-48c0-8f16-479df3e8e5f0'; insert into bfx_impl.declaration_medical_questions values ('8f6275cc-98fd-48c0-8f16-479df3e8e5f0', N'у него не были диагностированы следующие заболевания: ишемическая болезнь сердца (инфаркт миокарда, стенокардия), инсульт, психические расстройства и расстройства поведения');
delete from bfx_impl.declaration_medical_questions where id = '826ae1d1-c5c4-4fec-b044-a0c3c97af53b'; insert into bfx_impl.declaration_medical_questions values ('826ae1d1-c5c4-4fec-b044-a0c3c97af53b', N'не является инвалидом I, II группы, а также не имеет действующее направление на медико-социальную экспертизу');
delete from bfx_impl.declaration_medical_questions where id = 'a37c550d-7b2f-473d-8208-ad27dca515e7'; insert into bfx_impl.declaration_medical_questions values ('a37c550d-7b2f-473d-8208-ad27dca515e7', N'не намеревается путешествовать на территории, на которой объявлено чрезвычайное положение или проводятся боевые действия');
delete from bfx_impl.declaration_medical_questions where id = '333fc4d4-df8d-4c9b-af25-d345c1f99f5f'; insert into bfx_impl.declaration_medical_questions values ('333fc4d4-df8d-4c9b-af25-d345c1f99f5f', N'не находится под следствием и не является осужденным к лишению свободы');

delete from bfx_impl.declaration_medical where id = '0a6d7767-7366-4ac3-a355-0ae38e7489c5'; insert into bfx_impl.declaration_medical values ('0a6d7767-7366-4ac3-a355-0ae38e7489c5', 'CACB', '101', '7ecb6de6-e8d5-44c0-a07a-04b769a22ab0', 'block');
delete from bfx_impl.declaration_medical where id = 'f4c3b5c3-3d4b-4d0e-9b8f-444bbd834a2d'; insert into bfx_impl.declaration_medical values ('f4c3b5c3-3d4b-4d0e-9b8f-444bbd834a2d', 'CACB', '102', '9e833063-9354-4ae4-9391-41c621c8324c', 'block');
delete from bfx_impl.declaration_medical where id = 'ee3afb4a-ff5e-4d56-b008-4c0da40c9cba'; insert into bfx_impl.declaration_medical values ('ee3afb4a-ff5e-4d56-b008-4c0da40c9cba', 'CACB', '103', '8f6275cc-98fd-48c0-8f16-479df3e8e5f0', 'block');
delete from bfx_impl.declaration_medical where id = 'f90df11f-3fa1-40f7-b375-4dc4f542a19b'; insert into bfx_impl.declaration_medical values ('f90df11f-3fa1-40f7-b375-4dc4f542a19b', 'CACB', '104', '826ae1d1-c5c4-4fec-b044-a0c3c97af53b', 'block');
delete from bfx_impl.declaration_medical where id = '7cf8e4fc-8a57-41ab-98d2-d3a50a09860e'; insert into bfx_impl.declaration_medical values ('7cf8e4fc-8a57-41ab-98d2-d3a50a09860e', 'CACB', '105', 'a37c550d-7b2f-473d-8208-ad27dca515e7', 'block');
delete from bfx_impl.declaration_medical where id = '032ee864-2820-42fe-be1e-db8ce237f046'; insert into bfx_impl.declaration_medical values ('032ee864-2820-42fe-be1e-db8ce237f046', 'CACB', '106', '333fc4d4-df8d-4c9b-af25-d345c1f99f5f', 'block');

delete from bfx_impl.declaration_main_questions where id = '6ad5dfd5-4729-4023-b82f-0f172b913a8a'; insert into bfx_impl.declaration_main_questions values ('6ad5dfd5-4729-4023-b82f-0f172b913a8a', N'Страхователь проинформирован о том, что настоящий договор страхования заключается между ним и ООО СК «Росгосстрах Жизнь».');
delete from bfx_impl.declaration_main_questions where id = 'eeb2ecea-ab8b-46ba-8afe-0f7f77867a2a'; insert into bfx_impl.declaration_main_questions values ('eeb2ecea-ab8b-46ba-8afe-0f7f77867a2a', N'Настоящий договор страхования заключается добровольно, является самостоятельной финансовой (страховой) услугой, заключение настоящего договора не является обязательным условием для предоставления каких-либо иных услуг или заключения каких-либо иных договоров.');
delete from bfx_impl.declaration_main_questions where id = '5552b7ec-d0b3-4dfa-a7d7-0f7fa90fdaa4'; insert into bfx_impl.declaration_main_questions values ('5552b7ec-d0b3-4dfa-a7d7-0f7fa90fdaa4', N'Страхователь проинформирован о том, что страхование является добровольным, договор страхования по его усмотрению может быть заключен с любой страховой компанией, имеющей действующую лицензию на соответствующие виды страхования, и его наличие не влияет на принятие банком решения о предоставлении ему кредита.');
delete from bfx_impl.declaration_main_questions where id = '2ed00d66-3485-4eda-bb56-3145f93f95de'; insert into bfx_impl.declaration_main_questions values ('2ed00d66-3485-4eda-bb56-3145f93f95de', N'Перед заключением договора страхования для принятия правильного решения Страхователь был ознакомлен с экземплярами типовых форм договора страхования для детального самостоятельного ознакомления, получения необходимых консультаций соответствующих специалистов (представителей) Страховщика, а также то, что для этого ему было предоставлено достаточно времени.');
delete from bfx_impl.declaration_main_questions where id = 'd3a42178-9f8e-4dcf-ac0d-3696aa3203c8'; insert into bfx_impl.declaration_main_questions values ('d3a42178-9f8e-4dcf-ac0d-3696aa3203c8', N'Страхователь с Правилами, расположенными на официальном сайте Страховщика (www.rgsl.ru), ознакомлен и согласен.');
delete from bfx_impl.declaration_main_questions where id = 'b62d4f5b-795a-45a3-bc51-38df39c389cf'; insert into bfx_impl.declaration_main_questions values ('b62d4f5b-795a-45a3-bc51-38df39c389cf', N'Страхователь понимает смысл, значение и юридические последствия заключения договора страхования, не находится под влиянием заблуждения, обмана, насилия, угрозы, не заключает договор вследствие стечения тяжелых обстоятельств на крайне невыгодных для него условиях, текст договора страхования перед подписанием Страхователем лично прочитан и проверен.');
delete from bfx_impl.declaration_main_questions where id = 'b2379ec9-2bb1-426a-a3c4-58607498fbc8'; insert into bfx_impl.declaration_main_questions values ('b2379ec9-2bb1-426a-a3c4-58607498fbc8', N'Страхователь согласен с тем, что ответственность Страховщика по настоящему договору страхования наступит только при условии уплаты им страховой премии в размере и порядке, указанном в п. 4 договора страхования.');
delete from bfx_impl.declaration_main_questions where id = '24304426-84e3-4422-a650-5b3865072e37'; insert into bfx_impl.declaration_main_questions values ('24304426-84e3-4422-a650-5b3865072e37', N'Страхователь в соответствии с Федеральным законом от 27.07.2006 № 152-ФЗ «О персональных данных» свободно, своей волей и в своем интересе дает свое согласие Обществу с ограниченной ответственностью Страховая компания «Росгосстрах Жизнь» (место нахождения: 121059, г. Москва, вн.тер.г. муниципальный округ Дорогомилово, ул. Киевская, д. 7, к. 1), Публичному акционерному обществу Страховая Компания «Росгосстрах» (место нахождения: 140002, Московская область, г. Люберцы, ул. Парковая, д. 3), Публичному акционерному обществу Банк «Финансовая Корпорация Открытие» (место нахождения: 115114, г. Москва, ул. Летниковская, д. 2, стр. 4) и архивным компаниям (Обществу с ограниченной ответственностью «ОСГ Рекордз Менеджмент» (место нахождения: 115093, г. Москва, ул. Павловская, влд. 7, пом. 14Б)) на обработку его персональных данных (включая сбор, запись, систематизацию, накопление, хранение, уточнение (обновление, изменение), извлечение, использование, передачу (предоставление, доступ), трансграничную передачу, в том числе в страны, обеспечивающие и не обеспечивающие адекватную защиту прав субъектов персональных данных (США), обезличивание, блокирование, удаление, уничтожение) совершаемую с использованием средств автоматизации или без использования таких средств. Цель обработки персональных данных: заключение, сопровождение, исполнение, прекращение договора страхования, продвижение страховых услуг, проведение рекламных и маркетинговых акций, а также архивное хранение и выполнение требований законодательства Российской Федерации. Перечень персональных данных, на обработку которых дается согласие (при условии их раскрытия субъектом персональных данных): фамилия, имя, отчество; гражданство; дата рождения; место рождения; пол; серия и номер документа, удостоверяющего личность субъекта персональных данных, дата выдачи документа, орган, выдавший документ; адрес постоянной регистрации; почтовый адрес; контактные номера телефонов (мобильного и/или домашнего); адреса электронной почты; информация о состоянии здоровья и диагнозах Застрахованного (в т. ч. составляющая врачебную тайну в соответствии со ст. 13, 19, 22 Федерального закона от 21.11.2011 № 323-ФЗ «Об основах охраны здоровья граждан в Российской Федерации»). Страховщик вправе поручить обработку персональных данных другому лицу, на основании заключаемого с этим лицом договора. Страховщик оставляет за собой право изменить перечень ассистанских компаний (сервисных организаций) / перестраховщиков / архивных компаний, а также список стран, в которые может быть осуществлена трансграничная передача в связи с указанными изменениями. Актуальный перечень ассистанских компаний (сервисных организаций) / перестраховщиков / архивных компаний / стран, в которые может быть осуществлена трансграничная передача, представлен на сайте Страховщика в разделе «Раскрытие информации» (www.rgsl.ru/info/). Согласие на обработку персональных данных начинает свое действие с момента подписания договора страхования и действует в течение всего срока действия договора страхования, а также в течение 5 (пяти) лет с даты его прекращения. Согласие может быть отозвано в любое время путем направления Страховщику письменного уведомления (путем направления заказного письма с уведомлением о вручении либо путем вручения лично под расписку уполномоченному представителю Страховщика).');
delete from bfx_impl.declaration_main_questions where id = '0ccf2a15-8f79-4c46-9bc0-66a79b77cbb6'; insert into bfx_impl.declaration_main_questions values ('0ccf2a15-8f79-4c46-9bc0-66a79b77cbb6', N'Страхователь уведомлен о том, что в случае назначения Выгодоприобретателем иного физического лица, Страхователь обязан получить его согласие на обработку Страховщиком его персональных данных.');
delete from bfx_impl.declaration_main_questions where id = '44c1af67-d032-43e8-ab0d-80501a2797e8'; insert into bfx_impl.declaration_main_questions values ('44c1af67-d032-43e8-ab0d-80501a2797e8', N'Страхователь, дает согласие на получение Обществом с ограниченной ответственностью Страховая компания «Росгосстрах Жизнь» (121059, г. Москва, вн.тер.г. муниципальный округ Дорогомилово, ул. Киевская, д. 7, к. 1) в целях исполнения договора страхования: медицинской информации от любого врача (медицинского учреждения), у которого он когда-либо консультировался и/или лечился, а также будет обращаться в последующем; на получение необходимой информации в правоохранительных, медицинских и других органах (учреждениях) для проверки предоставленной информации, а также для выяснения всех обстоятельств наступления страхового случая; на получение любой информации от страховых компаний, к которым он обращался с заявлениями на страхование жизни, данное согласие дано без ограничения срока действия.');
delete from bfx_impl.declaration_main_questions where id = '9e844efd-b1bb-4c8d-affb-81c45f4397db'; insert into bfx_impl.declaration_main_questions values ('9e844efd-b1bb-4c8d-affb-81c45f4397db', N'На основании положений Федерального закона от 21.11.2011 № 323-ФЗ «Об основах охраны здоровья граждан Российской Федерации» Страхователь разрешает медицинским и иным учреждениям предоставлять информацию о состоянии здоровья, о фактах обращения за оказанием медицинской помощи, диагнозе, иных сведений, полученных при его медицинском обследовании и лечении, составляющие врачебную тайну, в том числе предоставление соответствующих копий документов, по запросу Страховщика.');
delete from bfx_impl.declaration_main_questions where id = '37b8d0f4-bb36-43f5-a2bf-83ab1b9c91ab'; insert into bfx_impl.declaration_main_questions values ('37b8d0f4-bb36-43f5-a2bf-83ab1b9c91ab', N'Страхователь не является иностранным публичным должностным лицом («иностранное публичное должностное лицо» означает любое назначаемое или избираемое лицо, занимающее какую-либо должность в законодательном, исполнительном, административном или судебном органе иностранного государства, и любое лицо, выполняющее какую-либо публичную функцию для иностранного государства, в том числе для публичного ведомства или публичного предприятия), должностным лицом публичных международных организаций («должностное лицо публичной международной организации» означает международного гражданского служащего или любое лицо, которое уполномочено такой организацией действовать от ее имени), российским публичным должностным лицом, лицом, замещающим (занимающим) государственные должности в Российской Федерации, должности членов Совета директоров Банка России, должности федеральной государственной службы, назначение на которые и освобождение от которых осуществляется Президентом Российской Федерации или Правительством Российской Федерации, должности в Банке России, государственных корпорациях и иных организациях, созданных Российской Федерацией на основании федеральных законов, включенные в перечни должностей, определяемые Президентом Российской Федерации, родственником кого-то из вышеперечисленных лиц (супругом, родителем, ребенком, дедушкой, бабушкой, внуком, полнородным и неполнородным (имеющими общих отца или мать) братом и сестрой, усыновителем и усыновленным) или представителем, действующим от его имени.');
delete from bfx_impl.declaration_main_questions where id = 'fcdb8a67-5a0a-4498-a4bd-93224be42254'; insert into bfx_impl.declaration_main_questions values ('fcdb8a67-5a0a-4498-a4bd-93224be42254', N'Страхование осуществляется в целях обеспечения защиты его интересов, за счет средств Страхователя.');
delete from bfx_impl.declaration_main_questions where id = '6cadfb3a-d0da-4cc1-a526-99b6e3c59a54'; insert into bfx_impl.declaration_main_questions values ('6cadfb3a-d0da-4cc1-a526-99b6e3c59a54', N'У Страхователя отсутствует: действующая профессиональная дисквалификация, непогашенная судимость или административное взыскание в соответствии с законодательством Российской Федерации, просроченная задолженность в кредитных организациях.');
delete from bfx_impl.declaration_main_questions where id = '0227fabc-1e04-4e46-ade7-9ac6a0643427'; insert into bfx_impl.declaration_main_questions values ('0227fabc-1e04-4e46-ade7-9ac6a0643427', N'Страхователь не принадлежит (не зарегистрирован, не проживает и не находится) к государству (территории): с высокой террористической или экстремистской активностью; в отношении которого (которой) применяются специальные экономические меры в соответствии с Федеральным законом «О специальных экономических мерах»; которое (которая) не выполняет рекомендации Группы разработки финансовых мер борьбы с отмыванием денег (ФАТФ), либо с использованием счета в банке, зарегистрированном в указанном государстве (на указанной территории) – ИР Иран, КНДР (включая международные неправительственные организации), к государствам (территориям) с повышенным уровнем коррупции и/или другой преступной деятельности; предоставляющем льготный режим налогообложения и/или не предусматривающим (предусматривающей) раскрытия и предоставления информации при проведении финансовых операций (офшорной зоны); не имеет открытого банковского счета, зарегистрированного в указанном государстве или на указанной территории.');
delete from bfx_impl.declaration_main_questions where id = '22d620a1-4db1-4d5b-80b1-a47aab1f84e4'; insert into bfx_impl.declaration_main_questions values ('22d620a1-4db1-4d5b-80b1-a47aab1f84e4', N'Иное физическое лицо не имеет возможность контролировать действия Страхователя.');
delete from bfx_impl.declaration_main_questions where id = '729ed78e-c39a-469c-8baa-a9508689496c'; insert into bfx_impl.declaration_main_questions values ('729ed78e-c39a-469c-8baa-a9508689496c', N'Страхователь не является налоговым резидентом США и не обладает ни одним из признаков налогового резидента США (не имеет гражданства США (в том числе в случае наличия двух и более гражданств) и разрешения на постоянное пребывание в США (форма I-551 Green Card); не соответствует критерию «Долгосрочное пребывание» на территории США; местом рождения Страхователя не является территория США; не имеет адреса проживания и/или почтового адреса, номера контактного телефона и/или факса на территории США; не имеет открытых счетов в кредитных организациях на территории США). (Физическое лицо соответствует критерию «Долгосрочное пребывание», если оно находилось на территории США не менее 31 дня в течение текущего календарного года и не менее 183 дней в течение 3 лет, включая текущий год и два непосредственно предшествующих года. При этом сумма дней, в течение которых физическое лицо присутствовало на территории США в текущем году, а также двух предшествующих годах, умножается на установленный коэффициент: коэффициент для текущего года равен 1 (т.е. учитываются все дни, проведенные в США в текущем году); коэффициент предшествующего года равен 1/3; коэффициент позапрошлого года 1/6.).');
delete from bfx_impl.declaration_main_questions where id = 'bfaee04d-344a-4fe3-ab59-ae50d46da326'; insert into bfx_impl.declaration_main_questions values ('bfaee04d-344a-4fe3-ab59-ae50d46da326', N'Страхователь на момент заключения настоящего договора страхования, не является налоговым резидентом страны, отличной от Российской Федерации и не обладает ни одним из признаков иностранного налогового резидентства (не имеет иностранного адреса места фактического проживания или почтового адреса в иностранном государстве; не имеет номера телефона в иностранном государстве при отсутствии номера телефона в Российской Федерации; не имеет постоянного поручения на перечисление средств (за исключением банковского вклада) на счет или адрес в иностранном государстве; не имеет доверенности или права подписи, предоставленные лицу, проживающему в иностранном государстве; не имеет адреса до востребования в иностранной юрисдикции.');
delete from bfx_impl.declaration_main_questions where id = '897c2754-98d3-4999-9d81-c48642a62ee6'; insert into bfx_impl.declaration_main_questions values ('897c2754-98d3-4999-9d81-c48642a62ee6', N'Страхователь обязуется не реже одного раза в год и/или по мере изменения идентификационных данных, указанных в настоящем договоре страхования направлять Страховщику обновленные персональные данные по форме, предложенной Страховщиком. Непредставление соответствующей информации Страховщик вправе расценить как неизменность сведений о Страхователе, установленных при его идентификации, и обновить идентификационные сведения на основе данных, представленных Страхователем ранее в сроки, установленные Федеральным законом от 07.08.2001 N 115-ФЗ «О противодействии легализации (отмыванию) доходов, полученных преступным путем, и финансированию терроризма».');
delete from bfx_impl.declaration_main_questions where id = 'd2a0b2d4-b248-442c-a1f3-ed3ba0d6eb38'; insert into bfx_impl.declaration_main_questions values ('d2a0b2d4-b248-442c-a1f3-ed3ba0d6eb38', N'Страхователь дает свое согласие Страховщику на использование адреса электронной почты, указанного в п. 1 договора страхования, с целью подключения услуги «Личный кабинет», в рамках которой предоставляется информация о текущем состоянии договора страхования. Данное согласие действует до даты прекращения настоящего договора страхования и может быть отозвано путем подачи соответствующего письменного уведомления, подписанного в присутствии уполномоченного представителя Страховщика, или путем передачи Страховщику отзыва настоящего согласия, подпись Страхователя на котором удостоверена нотариально. Страхователь обязуется незамедлительно уведомлять Страховщика о случаях несанкционированного использования зарегистрированных за Страхователем адреса электронной почты и пароля, не передавать пароль третьим лицам или использовать адреса электронной почты и пароли третьих лиц. Страхователь подтверждает, что осознает полную ответственность за сохранность информации о подключении услуги «Личный кабинет» (включая информацию об адресе электронной почты и пароле) и за все действия, которые будут произведены в «Личном кабинете» с использованием указанного выше адреса электронной почты и пароля к нему. Страхователь понимает, что информация, предоставленная в рамках услуги «Личный кабинет», носит информационно-справочный характер (не является публичной офертой), Страховщик не несет ответственности в случае возможного искажения информации в результате технических сбоев, действия несанкционированных (вредоносных) программ (вирусов), а также не несет ответственности за ущерб, который может быть причинен имуществу Страхователя (иному лицу) в результате таких событий.');
delete from bfx_impl.declaration_main_questions where id = 'bcbde398-1f46-462b-b565-f82af6fe9341'; insert into bfx_impl.declaration_main_questions values ('bcbde398-1f46-462b-b565-f82af6fe9341', N'Страхователь дает согласие Обществу с ограниченной ответственностью Страховая компания «Росгосстрах Жизнь» (121059, г. Москва, вн.тер.г. муниципальный округ Дорогомилово, ул. Киевская, д. 7, к. 1), Публичному акционерному обществу Страховая Компания «Росгосстрах» (140002, Московская область, г. Люберцы, ул. Парковая, д. 3) на обработку и использование указанного в настоящем договоре страхование номера мобильного телефона, адреса электронной почты с целью оповещения/информирования об услугах и страховых продуктах Общества с ограниченной ответственностью Страховая компания «Росгосстрах Жизнь» (121059, г. Москва, вн. тер.г. муниципальный округ Дорогомилово. ул. Киевская, д. 7, к. 1.), Публичного акционерного общества Страховая Компания «Росгосстрах» (140002, Московская область, г. Люберцы, ул. Парковая, д. 3), сообщения информации в отношении настоящего договора страхования, заключенного со Страхователем, и/или информации по страховому случаю. Согласие на получение информации по каналам связи дано без ограничения срока действия и может быть отозвано в любой момент времени путем направления Страховщику письменного заявления.');
delete from bfx_impl.declaration_main_questions where id = 'a946d5da-4ed0-4943-9779-fd58774221db'; insert into bfx_impl.declaration_main_questions values ('a946d5da-4ed0-4943-9779-fd58774221db', N'Сведения, указанные в настоящем договоре страхования, являются правдивыми и содержат полную информацию. Информация, указанная в настоящем договоре страхования и приложениях к нему, признается сторонами существенной для определения вероятности наступления страхового случая.');

delete from bfx_impl.declaration_main where id = '5e792ef1-7dbd-417a-9e0b-02503a821b4e'; insert into bfx_impl.declaration_main values ('5e792ef1-7dbd-417a-9e0b-02503a821b4e', 'CACB', '101', '6ad5dfd5-4729-4023-b82f-0f172b913a8a', 'block');
delete from bfx_impl.declaration_main where id = '70bf99d2-595b-481c-89ab-2da3c19f1f38'; insert into bfx_impl.declaration_main values ('70bf99d2-595b-481c-89ab-2da3c19f1f38', 'CACB', '102', 'eeb2ecea-ab8b-46ba-8afe-0f7f77867a2a', 'block');
delete from bfx_impl.declaration_main where id = '1f4fd800-4466-45a6-a7d1-620bbf24506d'; insert into bfx_impl.declaration_main values ('1f4fd800-4466-45a6-a7d1-620bbf24506d', 'CACB', '103', '5552b7ec-d0b3-4dfa-a7d7-0f7fa90fdaa4', 'block');
delete from bfx_impl.declaration_main where id = 'c008bfc7-ea4d-4eba-9ea7-62cb274a7287'; insert into bfx_impl.declaration_main values ('c008bfc7-ea4d-4eba-9ea7-62cb274a7287', 'CACB', '104', '2ed00d66-3485-4eda-bb56-3145f93f95de', 'block');
delete from bfx_impl.declaration_main where id = '02876ada-22db-4fc0-a529-7343624da488'; insert into bfx_impl.declaration_main values ('02876ada-22db-4fc0-a529-7343624da488', 'CACB', '105', 'd3a42178-9f8e-4dcf-ac0d-3696aa3203c8', 'block');
delete from bfx_impl.declaration_main where id = 'ab9aba27-eb8f-4399-a08b-7b1d3383ed07'; insert into bfx_impl.declaration_main values ('ab9aba27-eb8f-4399-a08b-7b1d3383ed07', 'CACB', '106', 'b62d4f5b-795a-45a3-bc51-38df39c389cf', 'block');
delete from bfx_impl.declaration_main where id = '3f979ebe-1d1f-45c3-877f-8b85a075663d'; insert into bfx_impl.declaration_main values ('3f979ebe-1d1f-45c3-877f-8b85a075663d', 'CACB', '107', 'b2379ec9-2bb1-426a-a3c4-58607498fbc8', 'block');
delete from bfx_impl.declaration_main where id = '20f2e8e4-5256-4765-a084-910b33831a4a'; insert into bfx_impl.declaration_main values ('20f2e8e4-5256-4765-a084-910b33831a4a', 'CACB', '108', '24304426-84e3-4422-a650-5b3865072e37', 'block');
delete from bfx_impl.declaration_main where id = 'fb50f82d-9af2-49b5-b5f4-9b47bbb770da'; insert into bfx_impl.declaration_main values ('fb50f82d-9af2-49b5-b5f4-9b47bbb770da', 'CACB', '109', '0ccf2a15-8f79-4c46-9bc0-66a79b77cbb6', 'block');
delete from bfx_impl.declaration_main where id = '0d2d0ad5-06bf-45e9-845c-9de8fe682499'; insert into bfx_impl.declaration_main values ('0d2d0ad5-06bf-45e9-845c-9de8fe682499', 'CACB', '110', '44c1af67-d032-43e8-ab0d-80501a2797e8', 'block');
delete from bfx_impl.declaration_main where id = '969508e2-44da-4446-8c55-ab8bb7bca9ee'; insert into bfx_impl.declaration_main values ('969508e2-44da-4446-8c55-ab8bb7bca9ee', 'CACB', '111', '9e844efd-b1bb-4c8d-affb-81c45f4397db', 'block');
delete from bfx_impl.declaration_main where id = '6dc0b1de-ac01-4d63-b474-b01b31a10c55'; insert into bfx_impl.declaration_main values ('6dc0b1de-ac01-4d63-b474-b01b31a10c55', 'CACB', '112', '37b8d0f4-bb36-43f5-a2bf-83ab1b9c91ab', 'block');
delete from bfx_impl.declaration_main where id = 'f36daf4d-99a0-4ed3-9cb4-c3f561fd1987'; insert into bfx_impl.declaration_main values ('f36daf4d-99a0-4ed3-9cb4-c3f561fd1987', 'CACB', '113', 'fcdb8a67-5a0a-4498-a4bd-93224be42254', 'block');
delete from bfx_impl.declaration_main where id = '130de47d-7555-4c96-813e-ce0d47bcf9d4'; insert into bfx_impl.declaration_main values ('130de47d-7555-4c96-813e-ce0d47bcf9d4', 'CACB', '114', '6cadfb3a-d0da-4cc1-a526-99b6e3c59a54', 'block');
delete from bfx_impl.declaration_main where id = '8c37b79a-d1ce-4b91-bfb6-ceb59c74bbeb'; insert into bfx_impl.declaration_main values ('8c37b79a-d1ce-4b91-bfb6-ceb59c74bbeb', 'CACB', '115', '0227fabc-1e04-4e46-ade7-9ac6a0643427', 'block');
delete from bfx_impl.declaration_main where id = '7021ee1b-b79d-40e0-b4a5-cf05db138c1d'; insert into bfx_impl.declaration_main values ('7021ee1b-b79d-40e0-b4a5-cf05db138c1d', 'CACB', '116', '22d620a1-4db1-4d5b-80b1-a47aab1f84e4', 'block');
delete from bfx_impl.declaration_main where id = 'd95cbe67-1d1a-4e59-8afb-cf966060b244'; insert into bfx_impl.declaration_main values ('d95cbe67-1d1a-4e59-8afb-cf966060b244', 'CACB', '117', '729ed78e-c39a-469c-8baa-a9508689496c', 'block');
delete from bfx_impl.declaration_main where id = 'c9a7976e-5852-4633-8c4d-d065765b9062'; insert into bfx_impl.declaration_main values ('c9a7976e-5852-4633-8c4d-d065765b9062', 'CACB', '118', 'bfaee04d-344a-4fe3-ab59-ae50d46da326', 'block');
delete from bfx_impl.declaration_main where id = 'dd07505d-1f21-461f-9d37-d6924c64e79e'; insert into bfx_impl.declaration_main values ('dd07505d-1f21-461f-9d37-d6924c64e79e', 'CACB', '119', '897c2754-98d3-4999-9d81-c48642a62ee6', 'block');
delete from bfx_impl.declaration_main where id = 'b04796a3-d83c-490a-8805-d8f4f7727570'; insert into bfx_impl.declaration_main values ('b04796a3-d83c-490a-8805-d8f4f7727570', 'CACB', '120', 'd2a0b2d4-b248-442c-a1f3-ed3ba0d6eb38', 'block');
delete from bfx_impl.declaration_main where id = '7d0d5c19-785a-4245-8931-e5d27a75a089'; insert into bfx_impl.declaration_main values ('7d0d5c19-785a-4245-8931-e5d27a75a089', 'CACB', '121', 'bcbde398-1f46-462b-b565-f82af6fe9341', 'block');
delete from bfx_impl.declaration_main where id = '40d49dc4-6cb9-4ffc-9945-f9eb95146392'; insert into bfx_impl.declaration_main values ('40d49dc4-6cb9-4ffc-9945-f9eb95146392', 'CACB', '122', 'a946d5da-4ed0-4943-9779-fd58774221db', 'block');
