--12 point 
delete from bfx_impl.declaration_medical_questions where id = '677be647-5100-431e-9bc8-11fd98e6b4c3'; insert into bfx_impl.declaration_medical_questions values ('677be647-5100-431e-9bc8-11fd98e6b4c3', N'Не являюсь и не являлся (не являлась) инвалидом и не подавал(а) документы на освидетельствование для получения группы инвалидности, не имел(а), не проходил(а) лечения и не страдаю в настоящее время от онкологических заболеваний, болезней сердечно-сосудистой системы (инфаркт миокарда, инсульт, стенокардия, тромбоз, сердечно-сосудистая недостаточность), каких-либо заболеваний головного мозга, печени (гепатит В или С, цирроз печени), сахарного диабета I типа; неврологических или психических расстройств (эпилепсия, паралич, алкоголизм, наркомания), СПИД или ВИЧ-инфекции.');
delete from bfx_impl.declaration_medical_questions where id = '7dd4dd8a-ef2d-443e-897b-663b5079d9a2'; insert into bfx_impl.declaration_medical_questions values ('7dd4dd8a-ef2d-443e-897b-663b5079d9a2', N'Не являюсь и не являлся (не являлась) инвалидом и не подавал(а) документы на освидетельствование для получения группы инвалидности, не имел(а), не проходил(а) лечения и не страдаю в настоящее время от онкологических заболеваний, болезней сердечно-сосудистой системы (инфаркт миокарда, инсульт, стенокардия, тромбоз, сердечно-сосудистая недостаточность), каких-либо заболеваний головного мозга, печени (гепатит В или С, цирроз печени), сахарного диабета I типа; неврологических или психических расстройств (эпилепсия, паралич, алкоголизм, наркомания), СПИД или ВИЧ-инфекции.');
--13 point
delete from bfx_impl.declaration_main_questions where id = '7FF9AC12-87FC-45C7-BDD4-893707EFBA66'
insert into bfx_impl.declaration_main_questions values ('7FF9AC12-87FC-45C7-BDD4-893707EFBA66', N'Страхователь и Застрахованный в соответствии с Федеральным законом от 27.07.2006 № 152-ФЗ «О персональных данных» свободно, своей волей и в своем интересе дают свое согласие Обществу с ограниченной ответственностью Страховая компания «Росгосстрах Жизнь» (место нахождения: 121059, г. Москва, вн.тер.г. муниципальный округ Дорогомилово, ул. Киевская, д. 7, к. 1), Публичному акционерному обществу Страховая Компания «Росгосстрах» (место нахождения: 140002, Московская область, г. Люберцы, ул. Парковая, д. 3), перестраховщикам (Акционерное общество «Российская Национальная Перестраховочная Компания» (место нахождения: 125047, г. Москва, ул. Гашека, д. 6, Помещение XII)) на обработку их персональных данных (включая сбор, запись, систематизацию, накопление, хранение, уточнение (обновление, изменение), извлечение, использование, передачу (предоставление, доступ), трансграничную передачу, в том числе в страны обеспечивающие и не обеспечивающие адекватную защиту прав субъектов персональных данных (США), обезличивание, блокирование, удаление, уничтожение) совершаемую с использованием средств автоматизации или без использования таких средств. Цель обработки персональных данных: заключение, сопровождение, исполнение, прекращение договора страхования и перестрахования, продвижение страховых услуг, проведение рекламных и маркетинговых акций, а также выполнение требований законодательства Российской Федерации. Перечень персональных данных, на обработку которых дается согласие (при условии их раскрытия субъектом персональных данных): фамилия, имя, отчество; гражданство; дата рождения; место рождения; пол; серия (при наличии) и номер документа, удостоверяющего личность субъекта персональных данных, дата выдачи документа, орган, выдавший документ; адрес постоянной регистрации; почтовый адрес; контактные номера телефонов (мобильного и/или домашнего); адреса электронной почты; информация о состоянии здоровья и диагнозах Застрахованного (в т. ч. составляющая врачебную тайну в соответствии со ст. 13, 19, 22 Федерального закона от 21.11.2011 № 323-ФЗ «Об основах охраны здоровья граждан в Российской Федерации»). Страховщик вправе поручить обработку персональных данных другому лицу, на основании заключаемого с этим лицом договора. Страховщик оставляет за собой право изменить перечень ассистанских компаний (сервисных организаций) / перестраховщиков, а также список стран, в которые может быть осуществлена трансграничная передача в связи с указанными изменениями. Актуальный перечень ассистанских компаний (сервисных организаций) / перестраховщиков / стран, в которые может быть осуществлена трансграничная передача, представлен на сайте Страховщика в разделе «Раскрытие информации» (www.rgsl.ru/info/). Согласие на обработку персональных данных начинает свое действие с момента подписания договора страхования и действует в течение всего срока действия договора страхования, а также в течение 5 (пяти) лет с даты его прекращения. Согласие может быть отозвано в любое время путем направления Страховщику письменного уведомления (путем направления заказного письма с уведомлением о вручении либо путем вручения лично под расписку уполномоченному представителю Страховщика).');
delete from bfx_impl.declaration_main where id = '6BACF183-CE97-4BC9-9271-A0701891CDE7'; insert into bfx_impl.declaration_main values ('6BACF183-CE97-4BC9-9271-A0701891CDE7', 'IBG5BFKO', '13', '7FF9AC12-87FC-45C7-BDD4-893707EFBA66', 'legal');
delete from bfx_impl.declaration_main where id = '920EA109-4460-4D48-AEDE-B93697F02617'; insert into bfx_impl.declaration_main values ('920EA109-4460-4D48-AEDE-B93697F02617', 'IBG3BFKO', '13', '7FF9AC12-87FC-45C7-BDD4-893707EFBA66', 'legal');
--20 point
delete from bfx_impl.declaration_main_questions where id = '3a897433-0855-475a-bf71-6a226942a795'; insert into bfx_impl.declaration_main_questions values ('3a897433-0855-475a-bf71-6a226942a795', N'Застрахованный дает свое согласие на получение Обществом с ограниченной ответственностью Страховая компания «Росгосстрах Жизнь» (121059, г. Москва, вн.тер.г. муниципальный округ Дорогомилово, ул. Киевская, д. 7, к. 1) в целях исполнения договора страхования и перестрахования: медицинской информации от любого врача (медицинского учреждения), у которого он когда-либо консультировался и/или лечился, а также будет обращаться в последующем; на получение необходимой информации в правоохранительных, медицинских и других органах (учреждениях) для проверки предоставленной информации, а также для выяснения всех обстоятельств наступления страхового случая; на получение любой информации от страховых компаний, к которым Застрахованный обращался с заявлениями на страхование жизни. Данное согласие дано без ограничения срока действия.');
delete from bfx_impl.declaration_main_questions where id = '29eb4a38-8403-4d46-aedf-76b2eb9f9554'; insert into bfx_impl.declaration_main_questions values ('29eb4a38-8403-4d46-aedf-76b2eb9f9554', N'Страхователь и Застрахованный в соответствии с Федеральным законом от 27.07.2006 № 152-ФЗ «О персональных данных» свободно, своей волей и в своем интересе дают свое согласие Обществу с ограниченной ответственностью Страховая компания «Росгосстрах Жизнь» (место нахождения: 121059, г. Москва, вн.тер.г. муниципальный округ Дорогомилово, ул. Киевская, д. 7, к. 1), Публичному акционерному обществу Страховая Компания «Росгосстрах» (место нахождения: 140002, Московская область, г. Люберцы, ул. Парковая, д. 3), перестраховщикам (Акционерное общество «Российская Национальная Перестраховочная Компания» (место нахождения: 125047, г. Москва, ул. Гашека, д. 6, Помещение XII)) и ассистанским компаниям (сервисным организациям) (Общество с ограниченной ответственностью «Инновационные Сервисы» (место нахождения: 127055, г. Москва, Бутырский вал, д. 68/70, стр. 1; этаж 3; пом. I, ком. 5), Madanes Advanced Healthcare Services Ltd. (место нахождения: 67060, Израиль, Тель-Авив, ул. Хашлоша, д. 2)) на обработку их персональных данных (включая сбор, запись, систематизацию, накопление, хранение, уточнение (обновление, изменение), извлечение, использование, передачу (предоставление, доступ), трансграничную передачу, в том числе в страны обеспечивающие и не обеспечивающие адекватную защиту прав субъектов персональных данных (Израиль, США), обезличивание, блокирование, удаление, уничтожение) совершаемую с использованием средств автоматизации или без использования таких средств. Цель обработки персональных данных: заключение, сопровождение, исполнение, прекращение договора страхования и перестрахования, продвижение страховых услуг, проведение рекламных и маркетинговых акций, а также выполнение требований законодательства Российской Федерации. Перечень персональных данных, на обработку которых дается согласие (при условии их раскрытия субъектом персональных данных): фамилия, имя, отчество; гражданство; дата рождения; место рождения; пол; серия (при наличии) и номер документа, удостоверяющего личность субъекта персональных данных, дата выдачи документа, орган, выдавший документ; адрес постоянной регистрации; почтовый адрес; контактные номера телефонов (мобильного и/или домашнего); адреса электронной почты; информация о состоянии здоровья и диагнозах Застрахованного (в т. ч. составляющая врачебную тайну в соответствии со ст. 13, 19, 22 Федерального закона от 21.11.2011 № 323-ФЗ «Об основах охраны здоровья граждан в Российской Федерации»). Страховщик вправе поручить обработку персональных данных другому лицу, на основании заключаемого с этим лицом договора. Страховщик оставляет за собой право изменить перечень ассистанских компаний (сервисных организаций) / перестраховщиков, а также список стран, в которые может быть осуществлена трансграничная передача в связи с указанными изменениями. Актуальный перечень ассистанских компаний (сервисных организаций) / перестраховщиков / стран, в которые может быть осуществлена трансграничная передача, представлен на сайте Страховщика в разделе «Раскрытие информации» (www.rgsl.ru/info/). Согласие на обработку персональных данных начинает свое действие с момента подписания договора страхования и действует в течение всего срока действия договора страхования, а также в течение 5 (пяти) лет с даты его прекращения. Согласие может быть отозвано в любое время путем направления Страховщику письменного уведомления (путем направления заказного письма с уведомлением о вручении либо путем вручения лично под расписку уполномоченному представителю Страховщика).');
delete from bfx_impl.declaration_main_questions where id = '69a3608a-13c2-4140-bbff-da23df8ab6b8'; insert into bfx_impl.declaration_main_questions values ('69a3608a-13c2-4140-bbff-da23df8ab6b8', N'Страхователь и Застрахованный дают свое согласие Обществу с ограниченной ответственностью Страховая компания «Росгосстрах Жизнь» (121059, г. Москва, вн.тер.г. муниципальный округ Дорогомилово, ул. Киевская, д. 7, к. 1), Публичному акционерному обществу Страховая Компания «Росгосстрах» (140002, Московская область, г. Люберцы, ул. Парковая, д. 3) на обработку и использование указанного в настоящем договоре страхования номера мобильного телефона, адреса электронной почты с целью оповещения/информирования об услугах и страховых продуктах Общества с ограниченной ответственностью Страховая компания «Росгосстрах Жизнь» (121059, г. Москва, вн.тер.г. муниципальный округ Дорогомилово, ул. Киевская, д. 7, к. 1), Публичного акционерного общества Страховая Компания «Росгосстрах» (140002, Московская область, г. Люберцы, ул. Парковая, д. 3), сообщения информации в отношении настоящего договора страхования, заключенного со Страхователем, и/или информации по страховому случаю, а также для поздравления с официальными праздниками и маркетинговых исследований. Согласие на получение информации по каналам связи дано без ограничения срока действия и может быть отозвано в любой момент времени путем направления Страховщику письменного заявления.');
--19 point
delete from bfx_impl.declaration_medical_questions where id = 'E615C8C8-BBA4-4A7E-AC38-C94F790A9791';
insert into bfx_impl.declaration_medical_questions values ('E615C8C8-BBA4-4A7E-AC38-C94F790A9791', N'не нахожусь под следствием и не являюсь осужденным к лишению свободы');
delete from bfx_impl.declaration_medical where id = '97F76528-7376-4886-93F9-D6CA0AF0B176'; insert into bfx_impl.declaration_medical values ('97F76528-7376-4886-93F9-D6CA0AF0B176', 'EFRBFKO', '8', 'E615C8C8-BBA4-4A7E-AC38-C94F790A9791', 'underwriting');


delete from bfx_impl.declaration_medical_questions
 where id in (
'790366D0-679A-4108-BFE4-822E4807AD31',
'68BFDC5D-377E-4B01-9BF5-5702CAD1EBC6',
'5890A2EC-6433-417E-9325-95DDACC7B61C',
'5AC7B6B2-E1BB-468B-9843-F12EF7BA34E6',
'1B7CB821-783D-4D02-92C5-27FC0E1E36EC',
'1DA2816D-26A6-4904-9E16-4C7387296C8B',
'5079F2AA-DB44-4FD9-B75D-DF3573A33D50',
'674CAB27-38C3-47FB-9D80-1DF3635BAFC3',
'EF24CECA-170B-4A80-9C17-171F38977FF0',
'EAB47236-5AF2-401A-BD73-809D0C40F777',
'51A536C6-6D08-4312-B529-F0558FC05D5D',
'4D0C4812-F565-4E50-8936-274A5BAFB369'
)
delete from bfx_impl.declaration_medical
 where id in (
'0679E68C-97C4-4BFA-B532-1AC5022F2587',
'B71E66F2-C11F-4730-B481-7C3A7CA414E4',
'3528ED34-F6E6-4B63-9E2D-8717C65E96EE',
'9AE48341-0C03-48D5-92B7-3C3ADDE59824',
'1DA2816D-26A6-4904-9E16-4C7387296C8B',
'5A7E0DE2-1FAE-42C7-9A30-FA2EE10DF949',
'077EEF6B-89D9-4703-93BA-1203210783CA',
'894579DC-1FD6-4C8C-B1A8-8B2C64A1FD0C',
'1D56A2A2-C1EF-4257-A16B-EEC3922A7D80',
'4F9145E3-AD88-402D-8030-491AC9742321',
'E36859EA-3790-449B-9556-E792D1EBFA9F'
)
insert into bfx_impl.declaration_medical_questions values ('790366D0-679A-4108-BFE4-822E4807AD31', N'мне не проводились хирургические операции, и я не находился на стационарном лечении в связи с увеличением груди, трансплантацией органов, пересадкой костного мозга');
insert into bfx_impl.declaration_medical values ('0679E68C-97C4-4BFA-B532-1AC5022F2587', 'EFRBFKO', '9', '790366D0-679A-4108-BFE4-822E4807AD31', 'underwriting');
insert into bfx_impl.declaration_medical_questions values ('68BFDC5D-377E-4B01-9BF5-5702CAD1EBC6', N'у меня никогда не было продолжительного повышения температуры (более 7 дней подряд) в связи с заболеваниями, кроме гриппа');
insert into bfx_impl.declaration_medical values ('B71E66F2-C11F-4730-B481-7C3A7CA414E4', 'EFRBFKO', '10', '68BFDC5D-377E-4B01-9BF5-5702CAD1EBC6', 'underwriting');
insert into bfx_impl.declaration_medical_questions values ('5890A2EC-6433-417E-9325-95DDACC7B61C', N'у меня никогда не диагностировали вирус папилломы человека, вирус Эпштейна-Барра, вирус герпеса человека 8-го типа, Хеликобактер пилори, вирусы гепатита, вирус иммунодефицита человека (ВИЧ)');
insert into bfx_impl.declaration_medical values ('3528ED34-F6E6-4B63-9E2D-8717C65E96EE', 'EFRBFKO', '11', '5890A2EC-6433-417E-9325-95DDACC7B61C', 'underwriting');
insert into bfx_impl.declaration_medical_questions values ('5AC7B6B2-E1BB-468B-9843-F12EF7BA34E6', N'не находился на больничном более 14 дней подряд, кроме как в связи с гриппом, и у меня нет проблем со здоровьем, в связи с которыми предоставляется право на сокращенный рабочий день или частичную занятость');
insert into bfx_impl.declaration_medical values ('9AE48341-0C03-48D5-92B7-3C3ADDE59824', 'EFRBFKO', '12', '5AC7B6B2-E1BB-468B-9843-F12EF7BA34E6', 'underwriting');
insert into bfx_impl.declaration_medical_questions values ('1B7CB821-783D-4D02-92C5-27FC0E1E36EC', N'на протяжении последних 10 лет у меня отсутствовали следующие симптомы и/или изменения в состоянии здоровья: боли в груди, повышение артериального давления, шумы в сердце, учащенное сердцебиение, патологические изменения на ЭКГ, повышение уровня холестерина в крови, обмороки, потеря сознания, судорожные припадки, нарушение речи, желудочно-кишечное кровотечение, кровь или белок, или сахар в моче, я не получал травмы, которые привели к постоянной или временной недееспособности');
insert into bfx_impl.declaration_medical values ('1DA2816D-26A6-4904-9E16-4C7387296C8B', 'EFRBFKO', '13', '1B7CB821-783D-4D02-92C5-27FC0E1E36EC', 'underwriting');
insert into bfx_impl.declaration_medical_questions values ('5079F2AA-DB44-4FD9-B75D-DF3573A33D50', N'у меня не было и нет заболеваний половых и/или репродуктивных органов, включая грудь, неменструальное вагинальное кровотечение, миому матки, бесплодие (включая мужчин), дефектные яички, варикоцеле');
insert into bfx_impl.declaration_medical values ('5A7E0DE2-1FAE-42C7-9A30-FA2EE10DF949', 'EFRBFKO', '14', '5079F2AA-DB44-4FD9-B75D-DF3573A33D50', 'underwriting');
insert into bfx_impl.declaration_medical_questions values ('674CAB27-38C3-47FB-9D80-1DF3635BAFC3', N'за последние 12 месяцев у меня не было непреднамеренного снижения веса более чем на 10%');
insert into bfx_impl.declaration_medical values ('077EEF6B-89D9-4703-93BA-1203210783CA', 'EFRBFKO', '15', '674CAB27-38C3-47FB-9D80-1DF3635BAFC3', 'underwriting');
insert into bfx_impl.declaration_medical_questions values ('EF24CECA-170B-4A80-9C17-171F38977FF0', N'мне не известно о каких-либо результатах онкологических или иных анализов, требующих дополнительных исследований или лечения');
insert into bfx_impl.declaration_medical values ('894579DC-1FD6-4C8C-B1A8-8B2C64A1FD0C', 'EFRBFKO', '16', 'EF24CECA-170B-4A80-9C17-171F38977FF0', 'underwriting');
insert into bfx_impl.declaration_medical_questions values ('EAB47236-5AF2-401A-BD73-809D0C40F777', N'не выкуриваю более 20 сигарет/электронных сигарет в день или не курю ежедневно сигары, трубки, кальян/наргиле, или другие никотиновые заменители и не употребляю алкоголь более чем 5 единиц в день (одна единица = 300 мл пива или 100 мл вина или 20 мл спирта)');
insert into bfx_impl.declaration_medical values ('1D56A2A2-C1EF-4257-A16B-EEC3922A7D80', 'EFRBFKO', '17', 'EAB47236-5AF2-401A-BD73-809D0C40F777', 'underwriting');
insert into bfx_impl.declaration_medical_questions values ('51A536C6-6D08-4312-B529-F0558FC05D5D', N'на момент заключения договора страхования ни один из моих ближайших родственников (отец, мать, дети, братья и сестры) никогда не диагностировали рак, предраковые состояния или сердечно-сосудистое заболевание в возрасте до 60 лет, а также семейный аденоматозный полипоз');
insert into bfx_impl.declaration_medical values ('4F9145E3-AD88-402D-8030-491AC9742321', 'EFRBFKO', '18', '51A536C6-6D08-4312-B529-F0558FC05D5D', 'underwriting');
insert into bfx_impl.declaration_medical_questions values ('4D0C4812-F565-4E50-8936-274A5BAFB369', N'на момент заключения договора страхования у меня нет договора страхования, заключенного с ООО СК «Росгосстрах Жизнь» в отношении меня, предусматривающего страхование на случай диагностирования онкологического или критического заболевания с осуществлением выплаты в виде организации и оплаты медицинских и иных услуг, связанных с лечением данного заболевания.');
insert into bfx_impl.declaration_medical values ('E36859EA-3790-449B-9556-E792D1EBFA9F', 'EFRBFKO', '19', '4D0C4812-F565-4E50-8936-274A5BAFB369', 'underwriting');