delete from bfx_impl.declaration_medical_questions where id = 'DCB15C6A-C178-4142-859B-4693890DD709'; insert into bfx_impl.declaration_medical_questions values ('DCB15C6A-C178-4142-859B-4693890DD709', N'не являюсь и не являлся (не являлась) ранее инвалидом I-II группы');
delete from bfx_impl.declaration_medical_questions where id = 'A60DFF9E-2995-49BF-8610-6CA65BE8D8E4'; insert into bfx_impl.declaration_medical_questions values ('A60DFF9E-2995-49BF-8610-6CA65BE8D8E4', N'не подавал(а) документы на освидетельствование для получения группы инвалидности и не имею оснований для присвоения группы инвалидности');
delete from bfx_impl.declaration_medical_questions where id = 'DAB54214-F626-42A0-BA90-7CB04B6DCE41'; insert into bfx_impl.declaration_medical_questions values ('DAB54214-F626-42A0-BA90-7CB04B6DCE41', N'не употребляю и не употреблял(а) ранее наркотики, токсичные вещества, не страдаю алкоголизмом, не состою и не состоял(а) ранее на учете в наркологическом диспансере, психоневрологическом, туберкулезном диспансере, центрах профилактики борьбы со СПИДом');
delete from bfx_impl.declaration_medical_questions where id = '2D0EF3FD-84C8-416B-A91A-24E5A8F9C255'; insert into bfx_impl.declaration_medical_questions values ('2D0EF3FD-84C8-416B-A91A-24E5A8F9C255', N'не имел(а), не обращался (не обращалась) за медицинской помощью по нижеперечисленным заболеваниям и не страдаю ими в настоящее время:
- доброкачественные или злокачественные опухоли;
- заболевания, вызванные воздействием радиации;
- СПИД и другие заболевания, связанные с вирусом иммунодефицита человека;
- нервные или психические расстройства или заболевания (например: эпилепсия, паралич, болезнь Паркинсона);
- заболевания сердечно-сосудистой системы (ишемическая болезнь сердца, стенокардия, инфаркт миокарда, порок сердца, нарушения сердечного ритма, инсульт, тромбоз);
- заболевания печени (цирроз печени, гепатит В, С, D, E);
- сахарный диабет I типа');
delete from bfx_impl.declaration_medical_questions where id = 'A2EF5863-B4AA-4B80-AC6E-44CB26C05929'; insert into bfx_impl.declaration_medical_questions values ('A2EF5863-B4AA-4B80-AC6E-44CB26C05929', N'не прохожу службу в вооруженных силах, не занят(а) в профессиональной или непрофессиональной авиации, в работах со взрывчатыми и радиоактивными веществами, подземных работах, не являюсь водолазом, пожарным, скалолазом, работником ядерной промышленности, нефтяником (за исключением офисных сотрудников), охранником и профессиональным спортсменом, не работаю с оружием');
delete from bfx_impl.declaration_medical_questions where id = '0D5D32FF-5F05-4D78-97F1-BFD0A616839E'; insert into bfx_impl.declaration_medical_questions values ('0D5D32FF-5F05-4D78-97F1-BFD0A616839E', N'не намереваюсь путешествовать на территории, на которой объявлено чрезвычайное положение или проводятся боевые действия');
delete from bfx_impl.declaration_medical_questions where id = 'CCACC55D-69FC-4913-9956-2878343FD1BA'; insert into bfx_impl.declaration_medical_questions values ('CCACC55D-69FC-4913-9956-2878343FD1BA', N'не нахожусь под следствием и не являюсь осужденным к лишению свободы.');


delete from bfx_impl.declaration_main_questions where id = '08D73B9C-AB00-49FF-A626-11A809B71B6E'; insert into bfx_impl.declaration_main_questions values ('08D73B9C-AB00-49FF-A626-11A809B71B6E', N'Общая страховая сумма в отношении Застрахованного по всем договорам страхования, заключенным с ООО СК «Росгосстрах Жизнь», включая настоящий договор страхования, не превышает:
- 10 500 000 рублей в сумме по рискам «Смерть Застрахованного по любой причине», «Смерть Застрахованного по любой причине с отложенной страховой выплатой» и «Смерть Застрахованного по любой причине с освобождением от уплаты страховых взносов»;
- 10 000 000 рублей для Застрахованных в возрасте от 18 до 70 полных лет (включительно) на дату заключения договора страхования (1 000 000 рублей для Застрахованных в возрасте от 71 года до 80 полных лет (включительно) на дату заключения договора страхования) по риску «Смерть Застрахованного в результате несчастного случая».');
delete from bfx_impl.declaration_main_questions where id = 'D80159B0-1526-4752-BB3B-120593725933'; insert into bfx_impl.declaration_main_questions values ('D80159B0-1526-4752-BB3B-120593725933', N'Страхователь подтверждает, что страхование осуществляется в целях обеспечения защиты его интересов, за счет средств Страхователя.');
delete from bfx_impl.declaration_main_questions where id = 'EFD2DC80-3A2A-4456-A702-2B3D0A176021'; insert into bfx_impl.declaration_main_questions values ('EFD2DC80-3A2A-4456-A702-2B3D0A176021', N'Страхователь подтверждает отсутствие у него: действующей профессиональной дисквалификации, непогашенной судимости или административного взыскания в соответствии с законодательством Российской Федерации, просроченной задолженности в кредитных организациях.');
delete from bfx_impl.declaration_main_questions where id = 'E90372EB-FCC6-4861-9B4B-43ABD8A84ABE'; insert into bfx_impl.declaration_main_questions values ('E90372EB-FCC6-4861-9B4B-43ABD8A84ABE', N'Страхователь не является иностранным публичным должностным лицом («иностранное публичное должностное лицо» означает любое назначаемое или избираемое лицо, занимающее какую-либо должность в законодательном, исполнительном, административном или судебном органе иностранного государства, и любое лицо, выполняющее какую-либо публичную функцию для иностранного государства, в том числе для публичного ведомства или публичного предприятия), должностным лицом публичных международных организаций («должностное лицо публичной международной организации» означает международного гражданского служащего или любое лицо, которое уполномочено такой организацией действовать от ее имени), российским публичным должностным лицом, лицом, замещающим (занимающим) государственные должности в Российской Федерации, должности членов Совета директоров Банка России, должности федеральной государственной службы, назначение на которые и освобождение от которых осуществляются Президентом Российской Федерации или Правительством Российской Федерации, должности в Банке России, государственных корпорациях и иных организациях, созданных Российской Федерацией на основании федеральных законов, включенные в перечни должностей, определяемые Президентом Российской Федерации, родственником кого-то из вышеперечисленных лиц (супругом, родителем, ребенком, дедушкой, бабушкой, внуком, полнородным и неполнородным (имеющим общих отца или мать) братом и сестрой, усыновителем и усыновленным) или представителем, действующим от его имени.');
delete from bfx_impl.declaration_main_questions where id = '4028AE15-F7FB-479B-8530-5EB89D22F20B'; insert into bfx_impl.declaration_main_questions values ('4028AE15-F7FB-479B-8530-5EB89D22F20B', N'Страхователь подтверждает, что не принадлежит (не зарегистрирован, не проживает и не находится) к государству (территории): с высокой террористической или экстремистской активностью; в отношении которого (которой) применяются специальные экономические меры в соответствии с Федеральным законом «О специальных экономических мерах»; которое (которая) не выполняет рекомендации Группы разработки финансовых мер борьбы с отмыванием денег (ФАТФ), либо с использованием счета в банке, зарегистрированном в указанном государстве (на указанной территории) – ИР Иран, КНДР (включая международные неправительственные организации), к государствам (территориям) с повышенным уровнем коррупции и/или другой преступной деятельности; предоставляющему (предоставляющей) льготный режим налогообложения и/или не предусматривающему (предусматривающей) раскрытия и предоставления информации при проведении финансовых операций (офшорной зоны); не имеет открытого банковского счета, зарегистрированного в указанном государстве или на указанной территории.');
delete from bfx_impl.declaration_main_questions where id = '8098DB90-FF10-4E5C-A5A5-8393C2AF3664'; insert into bfx_impl.declaration_main_questions values ('8098DB90-FF10-4E5C-A5A5-8393C2AF3664', N'Страхователь подтверждает, что иное физическое лицо не имеет возможности контролировать действия Страхователя.');
delete from bfx_impl.declaration_main_questions where id = '6922391F-4705-4E97-B5A5-8D79862970AD'; insert into bfx_impl.declaration_main_questions values ('6922391F-4705-4E97-B5A5-8D79862970AD', N'Страхователь подтверждает, что он не является налоговым резидентом США и не обладает ни одним из признаков налогового резидента США (не имеет гражданства США (в том числе в случае наличия двух и более гражданств) и разрешения на постоянное пребывание в США (форма I-551 Green Card); не соответствует критерию «Долгосрочное пребывание» на территории США; местом рождения Страхователя не является территория США; не имеет адреса проживания и/или почтового адреса, номера контактного телефона и/или факса на территории США; не имеет открытых счетов в кредитных организациях на территории США). (Физическое лицо соответствует критерию «Долгосрочное пребывание», если оно находилось на территории США не менее 31 дня в течение текущего календарного года и не менее 183 дней в течение 3 лет, включая текущий год и два непосредственно предшествующих года. При этом сумма дней, в течение которых физическое лицо присутствовало на территории США в текущем году, а также двух предшествующих годах, умножается на установленный коэффициент: коэффициент для текущего года равен 1 (т. е. учитываются все дни, проведенные в США в текущем году); коэффициент предшествующего года равен 1/3; коэффициент позапрошлого года – 1/6.).');
delete from bfx_impl.declaration_main_questions where id = '70124683-004C-464C-B385-9795D5AFC4C3'; insert into bfx_impl.declaration_main_questions values ('70124683-004C-464C-B385-9795D5AFC4C3', N'Страхователь подтверждает, что на момент заключения настоящего договора страхования, не является налоговым резидентом страны, отличной от Российской Федерации и не обладает ни одним из признаков иностранного налогового резидентства (не имеет иностранного адреса места фактического проживания или почтового адреса в иностранном государстве; не имеет номера телефона в иностранном государстве при отсутствии номера телефона в Российской Федерации; не имеет постоянного поручения на перечисление средств (за исключением банковского вклада) на счет или адрес в иностранном государстве; не имеет доверенности или права подписи, предоставленных лицу, проживающему в иностранном государстве; не имеет адреса до востребования в иностранной юрисдикции.');
delete from bfx_impl.declaration_main_questions where id = '0CFCA772-9E72-40C7-B06C-A5357D4C078A'; insert into bfx_impl.declaration_main_questions values ('0CFCA772-9E72-40C7-B06C-A5357D4C078A', N'Страхователь обязуется не реже одного раза в год и/или по мере изменения идентификационных данных, указанных в настоящем договоре страхования, направлять Страховщику обновленные персональные данные по форме, предложенной Страховщиком. Непредставление соответствующей информации Страховщик вправе расценить как неизменность сведений о Страхователе, установленных при его идентификации, и обновить идентификационные сведения на основе данных, представленных Страхователем ранее в сроки, установленные Федеральным законом от 07.08.2001 N 115-ФЗ «О противодействии легализации (отмыванию) доходов, полученных преступным путем, и финансированию терроризма».');
delete from bfx_impl.declaration_main_questions where id = '021B1AB0-777A-424B-BBE0-A8BF14A7898A'; insert into bfx_impl.declaration_main_questions values ('021B1AB0-777A-424B-BBE0-A8BF14A7898A', N'Страхователь дает свое согласие Страховщику на использование адреса электронной почты, указанного в пункте I договора страхования, с целью подключения услуги «Личный кабинет», в рамках которой предоставляется информация о текущем состоянии договора страхования. Данное согласие действует до даты прекращения настоящего договора страхования и может быть отозвано путем подачи соответствующего письменного уведомления, подписанного в присутствии уполномоченного представителя Страховщика, или путем передачи Страховщику отзыва настоящего согласия, подпись Страхователя на котором удостоверена нотариально. Страхователь обязуется незамедлительно уведомлять Страховщика о случаях несанкционированного использования зарегистрированных за Страхователем адреса электронной почты и пароля, не передавать пароль третьим лицам или использовать адреса электронной почты и пароли третьих лиц. Страхователь подтверждает, что осознает полную ответственность за сохранность информации о подключении услуги «Личный кабинет» (включая информацию об адресе электронной почты и пароле) и за все действия, которые будут произведены в «Личном кабинете» с использованием указанного выше адреса электронной почты и пароля к нему. Страхователь понимает, что информация, предоставленная в рамках услуги «Личный кабинет», носит информационно-справочный характер (не является публичной офертой); Страховщик не несет ответственности в случае возможного искажения информации в результате технических сбоев, действия несанкционированных (вредоносных) программ (вирусов), а также не несет ответственности за ущерб, который может быть причинен имуществу Страхователя (иному лицу) в результате таких событий.');
delete from bfx_impl.declaration_main_questions where id = 'A2C22BBA-3483-4306-8568-B18978A13841'; insert into bfx_impl.declaration_main_questions values ('A2C22BBA-3483-4306-8568-B18978A13841', N'Застрахованный дает свое согласие на получение Обществом с ограниченной ответственностью Страховая компания «Росгосстрах Жизнь» (121059, г. Москва, вн.тер.г. муниципальный округ Дорогомилово, ул. Киевская, д. 7, к. 1) в целях исполнения договора страхования и перестрахования: медицинской информации от любого врача (медицинского учреждения), у которого он когда-либо консультировался и/или лечился, а также будет обращаться в последующем; на получение необходимой информации в правоохранительных, медицинских и других органах (учреждениях) для проверки предоставленной информации, а также для выяснения всех обстоятельств наступления страхового случая; на получение любой информации от страховых компаний, к которым Застрахованный обращался с заявлениями на страхование жизни. Данное согласие дано без ограничения срока действия.');
delete from bfx_impl.declaration_main_questions where id = '6B62C3A2-869D-4492-9826-D221AD3A3079'; insert into bfx_impl.declaration_main_questions values ('6B62C3A2-869D-4492-9826-D221AD3A3079', N'На основании положений Федерального закона от 21.11.2011 № 323-ФЗ «Об основах охраны здоровья граждан Российской Федерации» Застрахованный разрешает медицинским и иным учреждениям предоставлять информацию о состоянии его здоровья, о фактах обращения за оказанием медицинской помощи, диагнозе, иные сведения, полученные при медицинском обследовании и лечении Застрахованного, составляющие врачебную тайну, в том числе предоставление соответствующих копий документов, по запросу Страховщика.');
delete from bfx_impl.declaration_main_questions where id = '4736FB26-12EF-4420-9358-E27851A60D18'; insert into bfx_impl.declaration_main_questions values ('4736FB26-12EF-4420-9358-E27851A60D18', N'Страхователь и Застрахованный в соответствии с Федеральным законом от 27.07.2006 № 152-ФЗ «О персональных данных» свободно, своей волей и в своем интересе дают свое согласие Обществу с ограниченной ответственностью Страховая компания «Росгосстрах Жизнь» (место нахождения: 121059, г. Москва, вн.тер.г. муниципальный округ Дорогомилово, ул. Киевская, д. 7, к. 1), Публичному акционерному обществу Страховая Компания «Росгосстрах» (место нахождения: 140002, Московская область, г. Люберцы, ул. Парковая, д. 3), перестраховщикам (Акционерное общество «Российская Национальная Перестраховочная Компания» (место нахождения: 125047, г. Москва, ул. Гашека, д. 6, Помещение XII)) и ассистанским компаниям (сервисным организациям) (Общество с ограниченной ответственностью «Квантум-Финанс» (место нахождения: 123022, г. Москва, ул. Трехгорный Вал, д. 12, стр.2, пом. 3н.)) и архивным компаниям (Общество с ограниченной ответственностью «ОСГ Рекордз Менеджмент» (место нахождения: 115093, г. Москва, ул. Павловская, влд. 7, пом. 14Б)) на обработку их персональных данных (включая сбор, запись, систематизацию, накопление, хранение, уточнение (обновление, изменение), извлечение, использование, передачу (предоставление, доступ), трансграничную передачу, в том числе в страны, обеспечивающие и не обеспечивающие адекватную защиту прав субъектов персональных данных (США), обезличивание, блокирование, удаление, уничтожение) совершаемую с использованием средств автоматизации или без использования таких средств. Цель обработки персональных данных: заключение, сопровождение, исполнение, прекращение договора страхования и перестрахования, продвижение страховых услуг, проведение рекламных и маркетинговых акций, а также архивное хранение и выполнение требований законодательства Российской Федерации. Перечень персональных данных, на обработку которых дается согласие (при условии их раскрытия субъектом персональных данных): фамилия, имя, отчество; гражданство; дата рождения; место рождения; пол; серия (при наличии) и номер документа, удостоверяющего личность субъекта персональных данных, дата выдачи документа, орган, выдавший документ; адрес постоянной регистрации; почтовый адрес; контактные номера телефонов (мобильного и/или домашнего); адреса электронной почты; информация о состоянии здоровья и диагнозах Застрахованного (в т. ч. составляющая врачебную тайну в соответствии со ст. 13, 19, 22 Федерального закона от 21.11.2011 № 323-ФЗ «Об основах охраны здоровья граждан в Российской Федерации»). Страховщик вправе поручить обработку персональных данных другому лицу, на основании заключаемого с этим лицом договора. Страховщик оставляет за собой право изменить перечень ассистанских компаний (сервисных организаций) / перестраховщиков / архивных компаний, а также список стран, в которые может быть осуществлена трансграничная передача в связи с указанными изменениями. Актуальный перечень ассистанских компаний (сервисных организаций) / перестраховщиков / архивных компаний / стран, в которые может быть осуществлена трансграничная передача, представлен на сайте Страховщика в разделе «Раскрытие информации» (www.rgsl.ru/info/). Согласие на обработку персональных данных начинает свое действие с момента подписания договора страхования и действует в течение всего срока действия договора страхования, а также в течение 5 (пяти) лет с даты его прекращения. Согласие может быть отозвано в любое время путем направления Страховщику письменного уведомления (путем направления заказного письма с уведомлением о вручении либо путем вручения лично под расписку уполномоченному представителю Страховщика).');
delete from bfx_impl.declaration_main_questions where id = '6018838E-103F-43BE-B810-E32828B6E828'; insert into bfx_impl.declaration_main_questions values ('6018838E-103F-43BE-B810-E32828B6E828', N'Страхователь и Застрахованный с Правилами, расположенными на официальном сайте Страховщика (www.rgsl.ru), ознакомлены и согласны.');
delete from bfx_impl.declaration_main_questions where id = '73584EE9-962E-4968-83F3-E50FD981FDE3'; insert into bfx_impl.declaration_main_questions values ('73584EE9-962E-4968-83F3-E50FD981FDE3', N'Страхователь присоединяется к Соглашению об электронном документообороте (в редакции действующей на дату заключения настоящего договора страхования) (далее – Соглашение) в соответствии со статьей 428 Гражданского кодекса Российской Федерации. Страхователь подтверждает, что ознакомился с условиями Соглашения, расположенного на официальном сайте Страховщика (www.rgsl.ru), понимает текст данного Соглашения, выражает свое согласие с ним и обязуется выполнять.');
delete from bfx_impl.declaration_main_questions where id = '6E9A54A0-2900-4594-986F-F1052E7DC469'; insert into bfx_impl.declaration_main_questions values ('6E9A54A0-2900-4594-986F-F1052E7DC469', N'Страхователь и Застрахованный дают свое согласие Обществу с ограниченной ответственностью Страховая компания «Росгосстрах Жизнь» (121059, г. Москва, вн.тер.г. муниципальный округ Дорогомилово, ул. Киевская, д. 7, к. 1), Публичному акционерному обществу Страховая Компания «Росгосстрах» (140002, Московская область, г. Люберцы, ул. Парковая, д. 3) на обработку и использование указанного в настоящем договоре страхования номера мобильного телефона, адреса электронной почты с целью оповещения/информирования об услугах и страховых продуктах Общества с ограниченной ответственностью Страховая компания «Росгосстрах Жизнь» (121059, г. Москва, вн.тер.г. муниципальный округ Дорогомилово, ул. Киевская, д. 7, к. 1), Публичного акционерного общества Страховая Компания «Росгосстрах» (140002, Московская область, г. Люберцы, ул. Парковая, д. 3), сообщения информации в отношении настоящего договора страхования, заключенного со Страхователем, и/или информации по страховому случаю, а также для поздравления с официальными праздниками и маркетинговых исследований. Согласие на получение информации по каналам связи дано без ограничения срока действия и может быть отозвано в любой момент времени путем направления Страховщику письменного заявления.');
delete from bfx_impl.declaration_main_questions where id = 'EDB25625-4BB6-4A77-AC74-F2E6A4DE1BE9'; insert into bfx_impl.declaration_main_questions values ('EDB25625-4BB6-4A77-AC74-F2E6A4DE1BE9', N'Страхователь и Застрахованный подтверждают, что сведения, указанные в настоящем договоре страхования и приложениях к нему, являются правдивыми и содержат полную информацию. Информация, указанная в настоящем договоре страхования и приложениях к нему, признается сторонами существенной для определения вероятности наступления страхового случая.');


delete from bfx_impl.declaration_medical where id = 'D396DD13-2B15-4E0D-95EC-0A588CE079EC'; insert into bfx_impl.declaration_medical values ('D396DD13-2B15-4E0D-95EC-0A588CE079EC', 'EBMGMINBANK', '1', 'DCB15C6A-C178-4142-859B-4693890DD709', 'underwriting');
delete from bfx_impl.declaration_medical where id = 'D67EB4DE-09E7-4EFC-941F-55E3317B4158'; insert into bfx_impl.declaration_medical values ('D67EB4DE-09E7-4EFC-941F-55E3317B4158', 'EBMGMINBANK', '2', 'A60DFF9E-2995-49BF-8610-6CA65BE8D8E4', 'underwriting');
delete from bfx_impl.declaration_medical where id = '7484E7CC-9415-4630-89D9-594A228F8BE1'; insert into bfx_impl.declaration_medical values ('7484E7CC-9415-4630-89D9-594A228F8BE1', 'EBMGMINBANK', '3', 'DAB54214-F626-42A0-BA90-7CB04B6DCE41', 'underwriting');
delete from bfx_impl.declaration_medical where id = 'FDBC3DEC-BB05-4727-BAB4-6089A20F9EF1'; insert into bfx_impl.declaration_medical values ('FDBC3DEC-BB05-4727-BAB4-6089A20F9EF1', 'EBMGMINBANK', '4', '2D0EF3FD-84C8-416B-A91A-24E5A8F9C255', 'underwriting');
delete from bfx_impl.declaration_medical where id = 'C09DEFD4-B9B6-4A51-B105-78F8E022ACB7'; insert into bfx_impl.declaration_medical values ('C09DEFD4-B9B6-4A51-B105-78F8E022ACB7', 'EBMGMINBANK', '5', 'A2EF5863-B4AA-4B80-AC6E-44CB26C05929', 'underwriting');
delete from bfx_impl.declaration_medical where id = 'B32FB74D-E983-44C2-96DD-9BCDCA31BDF7'; insert into bfx_impl.declaration_medical values ('B32FB74D-E983-44C2-96DD-9BCDCA31BDF7', 'EBMGMINBANK', '6', '0D5D32FF-5F05-4D78-97F1-BFD0A616839E', 'underwriting');
delete from bfx_impl.declaration_medical where id = '4A7865A1-EA96-4F4A-886F-FFC0CF3ADCB8'; insert into bfx_impl.declaration_medical values ('4A7865A1-EA96-4F4A-886F-FFC0CF3ADCB8', 'EBMGMINBANK', '7', 'CCACC55D-69FC-4913-9956-2878343FD1BA', 'underwriting');

delete from bfx_impl.declaration_main where id = '6C0A3F79-44C0-4201-A322-0DAABE108978'; insert into bfx_impl.declaration_main values ('6C0A3F79-44C0-4201-A322-0DAABE108978', 'EBMGMINBANK', '1', '08D73B9C-AB00-49FF-A626-11A809B71B6E', 'underwriting');
delete from bfx_impl.declaration_main where id = 'AE912746-28BB-4136-A07E-1050E08D25A7'; insert into bfx_impl.declaration_main values ('AE912746-28BB-4136-A07E-1050E08D25A7', 'EBMGMINBANK', '2', 'D80159B0-1526-4752-BB3B-120593725933', 'compliance');
delete from bfx_impl.declaration_main where id = '23A250B4-A8C9-4CF1-AB68-1539CC670DC1'; insert into bfx_impl.declaration_main values ('23A250B4-A8C9-4CF1-AB68-1539CC670DC1', 'EBMGMINBANK', '3', 'EFD2DC80-3A2A-4456-A702-2B3D0A176021', 'compliance');
delete from bfx_impl.declaration_main where id = 'D77BA6A4-91FF-4E62-8E21-1D4290711066'; insert into bfx_impl.declaration_main values ('D77BA6A4-91FF-4E62-8E21-1D4290711066', 'EBMGMINBANK', '4', 'E90372EB-FCC6-4861-9B4B-43ABD8A84ABE', 'compliance');
delete from bfx_impl.declaration_main where id = '4F01C955-E117-46AA-91E6-5289A81DD871'; insert into bfx_impl.declaration_main values ('4F01C955-E117-46AA-91E6-5289A81DD871', 'EBMGMINBANK', '5', '4028AE15-F7FB-479B-8530-5EB89D22F20B', 'compliance');
delete from bfx_impl.declaration_main where id = 'BF81F226-4D33-4C4D-AB91-5E902ED23259'; insert into bfx_impl.declaration_main values ('BF81F226-4D33-4C4D-AB91-5E902ED23259', 'EBMGMINBANK', '6', '8098DB90-FF10-4E5C-A5A5-8393C2AF3664', 'compliance');
delete from bfx_impl.declaration_main where id = 'DDAFA3E8-EF30-4D80-BBA6-6D78AF78BFBD'; insert into bfx_impl.declaration_main values ('DDAFA3E8-EF30-4D80-BBA6-6D78AF78BFBD', 'EBMGMINBANK', '7', '6922391F-4705-4E97-B5A5-8D79862970AD', 'compliance');
delete from bfx_impl.declaration_main where id = '40086887-1E75-46AD-92B8-6F16784F2C44'; insert into bfx_impl.declaration_main values ('40086887-1E75-46AD-92B8-6F16784F2C44', 'EBMGMINBANK', '8', '70124683-004C-464C-B385-9795D5AFC4C3', 'compliance');
delete from bfx_impl.declaration_main where id = '7F7B42CF-E647-4974-9485-7A2436506B04'; insert into bfx_impl.declaration_main values ('7F7B42CF-E647-4974-9485-7A2436506B04', 'EBMGMINBANK', '9', '0CFCA772-9E72-40C7-B06C-A5357D4C078A', 'compliance');
delete from bfx_impl.declaration_main where id = '682EF1EB-C4CE-4635-8ED4-8355D86EA4A9'; insert into bfx_impl.declaration_main values ('682EF1EB-C4CE-4635-8ED4-8355D86EA4A9', 'EBMGMINBANK', '10', '021B1AB0-777A-424B-BBE0-A8BF14A7898A', 'legal');
delete from bfx_impl.declaration_main where id = 'A9260D4C-B0B5-410C-9456-84A39CA1E0A2'; insert into bfx_impl.declaration_main values ('A9260D4C-B0B5-410C-9456-84A39CA1E0A2', 'EBMGMINBANK', '11', 'A2C22BBA-3483-4306-8568-B18978A13841', 'block');
delete from bfx_impl.declaration_main where id = '36EC3371-0BF2-4987-92E1-891A3137E584'; insert into bfx_impl.declaration_main values ('36EC3371-0BF2-4987-92E1-891A3137E584', 'EBMGMINBANK', '12', '6B62C3A2-869D-4492-9826-D221AD3A3079', 'block');
delete from bfx_impl.declaration_main where id = 'D70355BC-6C5C-4816-A374-8F5205596FAD'; insert into bfx_impl.declaration_main values ('D70355BC-6C5C-4816-A374-8F5205596FAD', 'EBMGMINBANK', '13', '4736FB26-12EF-4420-9358-E27851A60D18', 'legal');
delete from bfx_impl.declaration_main where id = '8B30C908-A6D5-4C23-AF60-9230E556967D'; insert into bfx_impl.declaration_main values ('8B30C908-A6D5-4C23-AF60-9230E556967D', 'EBMGMINBANK', '14', '6018838E-103F-43BE-B810-E32828B6E828', 'block');
delete from bfx_impl.declaration_main where id = '3239DE56-BEF9-46D8-B0B6-DF0441593472'; insert into bfx_impl.declaration_main values ('3239DE56-BEF9-46D8-B0B6-DF0441593472', 'EBMGMINBANK', '15', '73584EE9-962E-4968-83F3-E50FD981FDE3', 'block');
delete from bfx_impl.declaration_main where id = '76822090-77FE-4EED-8AD5-DF9DBAAAA88F'; insert into bfx_impl.declaration_main values ('76822090-77FE-4EED-8AD5-DF9DBAAAA88F', 'EBMGMINBANK', '16', '6E9A54A0-2900-4594-986F-F1052E7DC469', 'legal');
delete from bfx_impl.declaration_main where id = 'BF0FEFCB-D958-49E4-AF71-E7BE3E845E2E'; insert into bfx_impl.declaration_main values ('BF0FEFCB-D958-49E4-AF71-E7BE3E845E2E', 'EBMGMINBANK', '17', 'EDB25625-4BB6-4A77-AC74-F2E6A4DE1BE9', 'block');


-- products
delete from bfx_impl.products
where code in ('EBMGMINBANK')
insert into bfx_impl.products
(id, code, product_group, description)
values
('C581F7EE-9746-4BD5-AE34-A45EA855BAA0', N'EBMGMINBANK', N'endowment', N'Стратегия на пять. Гарант')

-- risk product relation
delete from bfx_impl.risk_product_relation
 where product_code in ('EBMGMINBANK')
insert into bfx_impl.risk_product_relation
(id, risk_code, product_code, is_replaceable, parent_risk, conditions_function, relation_type_code, risk_order, risk_program, risk_person)
values
-- Стратегия на пять. Гарант
('C61D5583-E0EC-42D1-B7C7-335D34652799', N'E36404', N'EBMGMINBANK', '0', NULL, NULL, N'01', 1, 'main', 'insuredPerson'),
('BB36D4B1-D614-4C47-85F2-CA926AAD5C85', N'DLPVV36404', N'EBMGMINBANK', '0', NULL, NULL, N'01', 2, 'main', 'insuredPerson'),
('40FB3013-27F7-43E1-BE3D-1C5332C6DC2B', N'DNSVV36404', N'EBMGMINBANK', '0', NULL, NULL, N'01', 3, 'main', 'insuredPerson')