--INVEST
--bfx_impl.declaration_medical_questions
delete from bfx_impl.declaration_medical_questions where id = '158c2e45-165b-4f8e-812f-0a888b35fc80'; insert into bfx_impl.declaration_medical_questions values ('158c2e45-165b-4f8e-812f-0a888b35fc80', N'Являюсь лицом в возрасте от 18 и до 65 полных лет на дату заключения договора страхования.');
delete from bfx_impl.declaration_medical_questions where id = 'd067eee8-9bd2-4379-94b0-0ced26615d07'; insert into bfx_impl.declaration_medical_questions values ('d067eee8-9bd2-4379-94b0-0ced26615d07', N'Являюсь лицом в возрасте от 18 и до 80 полных лет на дату заключения договора страхования.');
delete from bfx_impl.declaration_medical_questions where id = '677be647-5100-431e-9bc8-11fd98e6b4c3'; insert into bfx_impl.declaration_medical_questions values ('677be647-5100-431e-9bc8-11fd98e6b4c3', N'Не являюсь и не являлся (не являлась) инвалидом и не подавал(а) документы на освидетельствование для получения группы инвалидности, не имел(а), не проходил(а) лечения и не страдаю в настоящее время от онкологических заболеваний, болезней сердечно-сосудистой системы (инфаркт миокарда, инсульт, стенокардия, тромбоз, сердечно-сосудистая недостаточность), каких-либо заболеваний головного мозга, печени (гепатит В или С, цирроз печени), сахарного диабета I типа,; неврологических или психических расстройств (эпилепсия, паралич, алкоголизм, наркомания), СПИД или ВИЧ-инфекции. ');
delete from bfx_impl.declaration_medical_questions where id = 'cc6794e3-990d-4de0-9d8c-1422117b1bf1'; insert into bfx_impl.declaration_medical_questions values ('cc6794e3-990d-4de0-9d8c-1422117b1bf1', N'Не являюсь и не являлся (не являлась) инвалидом I группы и не подавал(а) документы на освидетельствование для получения группы инвалидности, не имел(а), не проходил(а) лечения и не страдаю в настоящее время от онкологических заболеваний, болезней сердечно-сосудистой системы (инфаркт миокарда, инсульт, стенокардия, тромбоз, сердечно-сосудистая недостаточность), каких-либо заболеваний головного мозга, печени (гепатит В или С, цирроз печени), сахарного диабета I типа; неврологических или психических расстройств (эпилепсия, паралич, алкоголизм, наркомания), СПИД или ВИЧ-инфекции. ');
delete from bfx_impl.declaration_medical_questions where id = '0ad4c2a4-f2f0-4965-a450-185b043d2a9d'; insert into bfx_impl.declaration_medical_questions values ('0ad4c2a4-f2f0-4965-a450-185b043d2a9d', N'На протяжении последних 12 месяцев не подвергался (не подвергалась) хирургическим вмешательствам на головном мозге, а также на органах грудной и брюшной полости (за исключением аппендэктомии).');
delete from bfx_impl.declaration_medical_questions where id = 'dff4a4a9-522e-4be0-99ff-2592f9862d01'; insert into bfx_impl.declaration_medical_questions values ('dff4a4a9-522e-4be0-99ff-2592f9862d01', N'Не употребляю и не употреблял(а) ранее наркотики, токсические вещества, не страдаю алкоголизмом, не состою и не состоял (не состояла) ранее на учете в наркологическом, психоневрологическом диспансере, центрах профилактики борьбы со СПИДом.');
delete from bfx_impl.declaration_medical_questions where id = '2eca4949-b613-4ba6-bc4d-3017c960ea0d'; insert into bfx_impl.declaration_medical_questions values ('2eca4949-b613-4ba6-bc4d-3017c960ea0d', N'Не прохожу службу в вооруженных силах, не работаю с оружием, не занят(а) в работах со взрывчатыми веществами, подземных, подводных или высотных работах, не являюсь пожарным, альпинистом, профессиональным спортсменом, работником нефтяной промышленности, непосредственно задействованным в добыче, транспортировке и переработке нефти и/или природного газа, не занят (не занята) профессионально или непрофессионально авиацией (за исключением пилотов пассажирских авиалиний).');
delete from bfx_impl.declaration_medical_questions where id = '8dc0f2af-d5db-43a8-9a25-35bcbd3c72e6'; insert into bfx_impl.declaration_medical_questions values ('8dc0f2af-d5db-43a8-9a25-35bcbd3c72e6', N'Не намереваюсь путешествовать на территории, на которой объявлено чрезвычайное положение или проводятся боевые действия.');
--IBI3Y
delete from bfx_impl.declaration_medical where id = 'dd3aa932-302b-4bb3-aa6d-047828c6aa4e'; insert into bfx_impl.declaration_medical values ('dd3aa932-302b-4bb3-aa6d-047828c6aa4e', 'IBI3Y', '1', 'd067eee8-9bd2-4379-94b0-0ced26615d07', 'underwriting');
delete from bfx_impl.declaration_medical where id = '3db7b3df-9882-4c43-b360-06907f94b43b'; insert into bfx_impl.declaration_medical values ('3db7b3df-9882-4c43-b360-06907f94b43b', 'IBI3Y', '2', '677be647-5100-431e-9bc8-11fd98e6b4c3', 'underwriting');
delete from bfx_impl.declaration_medical where id = '46c020d8-23f9-4052-bde7-14275b17b5d4'; insert into bfx_impl.declaration_medical values ('46c020d8-23f9-4052-bde7-14275b17b5d4', 'IBI3Y', '3', '0ad4c2a4-f2f0-4965-a450-185b043d2a9d', 'underwriting');
delete from bfx_impl.declaration_medical where id = '8295554d-7cfc-4ed7-a0f9-15526707d99f'; insert into bfx_impl.declaration_medical values ('8295554d-7cfc-4ed7-a0f9-15526707d99f', 'IBI3Y', '4', 'dff4a4a9-522e-4be0-99ff-2592f9862d01', 'underwriting');
delete from bfx_impl.declaration_medical where id = 'db35e688-39e6-416f-88ae-19c8de584c60'; insert into bfx_impl.declaration_medical values ('db35e688-39e6-416f-88ae-19c8de584c60', 'IBI3Y', '5', '2eca4949-b613-4ba6-bc4d-3017c960ea0d', 'underwriting');
delete from bfx_impl.declaration_medical where id = 'b69750be-8447-423d-8eb9-27bbb146d101'; insert into bfx_impl.declaration_medical values ('b69750be-8447-423d-8eb9-27bbb146d101', 'IBI3Y', '6', '8dc0f2af-d5db-43a8-9a25-35bcbd3c72e6', 'underwriting');
--IBI3O
delete from bfx_impl.declaration_medical where id = 'bf830339-a54e-48b6-b784-0fe25c91fbbc'; insert into bfx_impl.declaration_medical values ('bf830339-a54e-48b6-b784-0fe25c91fbbc', 'IBI3O', '1', 'd067eee8-9bd2-4379-94b0-0ced26615d07', 'underwriting');
delete from bfx_impl.declaration_medical where id = '4947616b-7904-48a9-b33e-5adbfe6f493c'; insert into bfx_impl.declaration_medical values ('4947616b-7904-48a9-b33e-5adbfe6f493c', 'IBI3O', '2', 'cc6794e3-990d-4de0-9d8c-1422117b1bf1', 'underwriting');
delete from bfx_impl.declaration_medical where id = 'bb9965e5-a4c4-4242-9ee4-88a218468971'; insert into bfx_impl.declaration_medical values ('bb9965e5-a4c4-4242-9ee4-88a218468971', 'IBI3O', '3', '0ad4c2a4-f2f0-4965-a450-185b043d2a9d', 'underwriting');
delete from bfx_impl.declaration_medical where id = 'b782c6e2-06fe-4fde-8a6f-923f1d94b605'; insert into bfx_impl.declaration_medical values ('b782c6e2-06fe-4fde-8a6f-923f1d94b605', 'IBI3O', '4', 'dff4a4a9-522e-4be0-99ff-2592f9862d01', 'underwriting');
delete from bfx_impl.declaration_medical where id = '7985cedc-45c7-40d9-a389-c3cbeb63e399'; insert into bfx_impl.declaration_medical values ('7985cedc-45c7-40d9-a389-c3cbeb63e399', 'IBI3O', '5', '2eca4949-b613-4ba6-bc4d-3017c960ea0d', 'underwriting');
delete from bfx_impl.declaration_medical where id = 'b0993879-c491-40e6-8d43-ccdd1028ec5c'; insert into bfx_impl.declaration_medical values ('b0993879-c491-40e6-8d43-ccdd1028ec5c', 'IBI3O', '6', '8dc0f2af-d5db-43a8-9a25-35bcbd3c72e6', 'underwriting');
--IBI5Y
delete from bfx_impl.declaration_medical where id = '49a9ef6e-a765-4edd-9a20-01bdc6d9158b'; insert into bfx_impl.declaration_medical values ('49a9ef6e-a765-4edd-9a20-01bdc6d9158b', 'IBI5Y', '1', '158c2e45-165b-4f8e-812f-0a888b35fc80', 'underwriting');
delete from bfx_impl.declaration_medical where id = 'c258d4fc-e8ab-4f2a-bcb3-1dee42609c15'; insert into bfx_impl.declaration_medical values ('c258d4fc-e8ab-4f2a-bcb3-1dee42609c15', 'IBI5Y', '2', '677be647-5100-431e-9bc8-11fd98e6b4c3', 'underwriting');
delete from bfx_impl.declaration_medical where id = 'c0984119-87bd-47ba-a3c7-80b85a775c66'; insert into bfx_impl.declaration_medical values ('c0984119-87bd-47ba-a3c7-80b85a775c66', 'IBI5Y', '3', '0ad4c2a4-f2f0-4965-a450-185b043d2a9d', 'underwriting');
delete from bfx_impl.declaration_medical where id = 'ee9b644a-fe67-420e-9443-ab5b2ebba1ac'; insert into bfx_impl.declaration_medical values ('ee9b644a-fe67-420e-9443-ab5b2ebba1ac', 'IBI5Y', '4', 'dff4a4a9-522e-4be0-99ff-2592f9862d01', 'underwriting');
delete from bfx_impl.declaration_medical where id = 'bc6e3453-08a9-432a-bb8e-c0e5fa292da6'; insert into bfx_impl.declaration_medical values ('bc6e3453-08a9-432a-bb8e-c0e5fa292da6', 'IBI5Y', '5', '2eca4949-b613-4ba6-bc4d-3017c960ea0d', 'underwriting');
delete from bfx_impl.declaration_medical where id = '66836f7e-e608-4057-9e49-cf766744aba8'; insert into bfx_impl.declaration_medical values ('66836f7e-e608-4057-9e49-cf766744aba8', 'IBI5Y', '6', '8dc0f2af-d5db-43a8-9a25-35bcbd3c72e6', 'underwriting');
--IBGY
delete from bfx_impl.declaration_medical where id = '332930d5-e337-4dab-b4f1-21f4109d4a28'; insert into bfx_impl.declaration_medical values ('332930d5-e337-4dab-b4f1-21f4109d4a28', 'IBGY', '1', 'd067eee8-9bd2-4379-94b0-0ced26615d07', 'underwriting');
delete from bfx_impl.declaration_medical where id = 'bc94dc2b-1eb3-4b29-b3aa-32b67de1dfa4'; insert into bfx_impl.declaration_medical values ('bc94dc2b-1eb3-4b29-b3aa-32b67de1dfa4', 'IBGY', '2', '677be647-5100-431e-9bc8-11fd98e6b4c3', 'underwriting');
delete from bfx_impl.declaration_medical where id = '52c308bb-45a2-4f23-8ff6-88685e62736c'; insert into bfx_impl.declaration_medical values ('52c308bb-45a2-4f23-8ff6-88685e62736c', 'IBGY', '3', '0ad4c2a4-f2f0-4965-a450-185b043d2a9d', 'underwriting');
delete from bfx_impl.declaration_medical where id = '3d51fca7-f1c4-4a07-883a-9c07f66b17ad'; insert into bfx_impl.declaration_medical values ('3d51fca7-f1c4-4a07-883a-9c07f66b17ad', 'IBGY', '4', 'dff4a4a9-522e-4be0-99ff-2592f9862d01', 'underwriting');
delete from bfx_impl.declaration_medical where id = '1d0a8c0f-fcba-4ead-9594-a616f8f8c6ea'; insert into bfx_impl.declaration_medical values ('1d0a8c0f-fcba-4ead-9594-a616f8f8c6ea', 'IBGY', '5', '2eca4949-b613-4ba6-bc4d-3017c960ea0d', 'underwriting');
delete from bfx_impl.declaration_medical where id = 'bbeb0032-6224-4bde-9ea4-cf3922d24e60'; insert into bfx_impl.declaration_medical values ('bbeb0032-6224-4bde-9ea4-cf3922d24e60', 'IBGY', '6', '8dc0f2af-d5db-43a8-9a25-35bcbd3c72e6', 'underwriting');
--IBGO
delete from bfx_impl.declaration_medical where id = '86de455d-0a1c-4d2f-a22e-2024d2f8298e'; insert into bfx_impl.declaration_medical values ('86de455d-0a1c-4d2f-a22e-2024d2f8298e', 'IBGO', '1', 'd067eee8-9bd2-4379-94b0-0ced26615d07', 'underwriting');
delete from bfx_impl.declaration_medical where id = '47b9c127-2a0e-47f7-a548-336760a77a2b'; insert into bfx_impl.declaration_medical values ('47b9c127-2a0e-47f7-a548-336760a77a2b', 'IBGO', '2', 'cc6794e3-990d-4de0-9d8c-1422117b1bf1', 'underwriting');
delete from bfx_impl.declaration_medical where id = 'ec3eb570-aaa8-4cfe-b885-3eea44932c6e'; insert into bfx_impl.declaration_medical values ('ec3eb570-aaa8-4cfe-b885-3eea44932c6e', 'IBGO', '3', '0ad4c2a4-f2f0-4965-a450-185b043d2a9d', 'underwriting');
delete from bfx_impl.declaration_medical where id = '87c819e4-26aa-42ed-8978-58daebed6f7a'; insert into bfx_impl.declaration_medical values ('87c819e4-26aa-42ed-8978-58daebed6f7a', 'IBGO', '4', 'dff4a4a9-522e-4be0-99ff-2592f9862d01', 'underwriting');
delete from bfx_impl.declaration_medical where id = '7339f704-b1a1-491a-9f96-65069b4652b8'; insert into bfx_impl.declaration_medical values ('7339f704-b1a1-491a-9f96-65069b4652b8', 'IBGO', '5', '2eca4949-b613-4ba6-bc4d-3017c960ea0d', 'underwriting');
delete from bfx_impl.declaration_medical where id = '9d309d56-a0ba-4b2a-ba2b-d100bbe3b0d6'; insert into bfx_impl.declaration_medical values ('9d309d56-a0ba-4b2a-ba2b-d100bbe3b0d6', 'IBGO', '6', '8dc0f2af-d5db-43a8-9a25-35bcbd3c72e6', 'underwriting');
--bfx_impl.declaration_main_questions
delete from bfx_impl.declaration_main_questions where id = '1cdadfab-6749-47df-8b17-3ee4666912c3'; insert into bfx_impl.declaration_main_questions values ('1cdadfab-6749-47df-8b17-3ee4666912c3', N'Общая страховая сумма в отношении Застрахованного в сумме по рискам «Смерть Застрахованного по любой причине» и «Смерть Застрахованного по любой причине с отложенной страховой выплатой» по всем договорам страхования ООО СК «Росгосстрах Жизнь» по продуктам инвестиционного страхования жизни и продуктам, договоры страхования по которым заключаются на основании Правил страхования жизни (в редакции от любого числа), включая настоящий договор страхования не превышает 12 000 000 рублей для Застрахованных в возрасте от 18 до 70 полных лет (включительно) на дату заключения договора страхования (10 000 000 рублей для Застрахованных в возрасте от 71 года до 75 полных лет (включительно) на дату заключения договора страхования; 2 000 000 рублей для Застрахованных в возрасте от 76 до 80 полных лет (включительно) на дату заключения договора страхования).');
delete from bfx_impl.declaration_main_questions where id = 'b8c8f0f7-6af0-42df-affb-441f819538df'; insert into bfx_impl.declaration_main_questions values ('b8c8f0f7-6af0-42df-affb-441f819538df', N'Страхователь подтверждает, что страхование осуществляется в целях обеспечения защиты его интересов, за счет средств Страхователя.');
delete from bfx_impl.declaration_main_questions where id = '7dd64c0e-590f-46f6-a477-466866f8baa3'; insert into bfx_impl.declaration_main_questions values ('7dd64c0e-590f-46f6-a477-466866f8baa3', N'Страхователь подтверждает отсутствие у него: действующей профессиональной дисквалификации, непогашенной судимости или административного взыскания в соответствии с законодательством Российской Федерации, просроченной задолженности в кредитных организациях.');
delete from bfx_impl.declaration_main_questions where id = 'bcf01fe8-7fe5-4a1e-b4a5-4cec4a2f9058'; insert into bfx_impl.declaration_main_questions values ('bcf01fe8-7fe5-4a1e-b4a5-4cec4a2f9058', N'Страхователь не является иностранным публичным должностным лицом («иностранное публичное должностное лицо» означает любое назначаемое или избираемое лицо, занимающее какую-либо должность в законодательном, исполнительном, административном или судебном органе иностранного государства, и любое лицо, выполняющее какую-либо публичную функцию для иностранного государства, в том числе для публичного ведомства или публичного предприятия), должностным лицом публичных международных организаций («должностное лицо публичной международной организации» означает международного гражданского служащего или любое лицо, которое уполномочено такой организацией действовать от ее имени), российским публичным должностным лицом, лицом, замещающим (занимающим) государственные должности в Российской Федерации, должности членов Совета директоров Банка России, должности федеральной государственной службы, назначение на которые и освобождение от которых осуществляются Президентом Российской Федерации или Правительством Российской Федерации, должности в Банке России, государственных корпорациях и иных организациях, созданных Российской Федерацией на основании федеральных законов, включенные в перечни должностей, определяемые Президентом Российской Федерации, родственником кого-то из вышеперечисленных лиц (супругом, родителем, ребенком, дедушкой, бабушкой, внуком, полнородным и неполнородным (имеющим общих отца или мать) братом и сестрой, усыновителем и усыновленным) или представителем, действующим от его имени.');
delete from bfx_impl.declaration_main_questions where id = 'f7a4892c-53d1-4d4e-b9f8-709c80f2bdee'; insert into bfx_impl.declaration_main_questions values ('f7a4892c-53d1-4d4e-b9f8-709c80f2bdee', N'Страхователь подтверждает, что не принадлежит (не зарегистрирован, не проживает и не находится) к государству (территории): с высокой террористической или экстремистской активностью; в отношении которого (которой) применяются специальные экономические меры в соответствии с Федеральным законом «О специальных экономических мерах»; которое (которая) не выполняет рекомендации Группы разработки финансовых мер борьбы с отмыванием денег (ФАТФ), либо с использованием счета в банке, зарегистрированном в указанном государстве (на указанной территории) – ИР Иран, КНДР (включая международные неправительственные организации), к государствам (территориям) с повышенным уровнем коррупции и/или другой преступной деятельности; предоставляющему (предоставляющей) льготный режим налогообложения и/или не предусматривающему (предусматривающей) раскрытия и предоставления информации при проведении финансовых операций (офшорной зоны); не имеет открытого банковского счета, зарегистрированного в указанном государстве или на указанной территории.');
delete from bfx_impl.declaration_main_questions where id = '1538db23-2f3d-413e-82df-8032f1a0d85b'; insert into bfx_impl.declaration_main_questions values ('1538db23-2f3d-413e-82df-8032f1a0d85b', N'Страхователь подтверждает, что иное физическое лицо не имеет возможности контролировать действия Страхователя.');
delete from bfx_impl.declaration_main_questions where id = '2162592c-cc65-4f97-827e-81c26714daf7'; insert into bfx_impl.declaration_main_questions values ('2162592c-cc65-4f97-827e-81c26714daf7', N'Страхователь подтверждает, что он не является налоговым резидентом США и не обладает ни одним из признаков налогового резидента США (не имеет гражданства США (в том числе в случае наличия двух и более гражданств) и разрешения на постоянное пребывание в США (форма I-551 Green Card); не соответствует критерию «Долгосрочное пребывание» на территории США; местом рождения Страхователя не является территория США; не имеет адреса проживания и/или почтового адреса, номера контактного телефона и/или факса на территории США; не имеет открытых счетов в кредитных организациях на территории США). (Физическое лицо соответствует критерию «Долгосрочное пребывание», если оно находилось на территории США не менее 31 дня в течение текущего календарного года и не менее 183 дней в течение 3 лет, включая текущий год и два непосредственно предшествующих года. При этом сумма дней, в течение которых физическое лицо присутствовало на территории США в текущем году, а также двух предшествующих годах, умножается на установленный коэффициент: коэффициент для текущего года равен 1 (т. е. учитываются все дни, проведенные в США в текущем году); коэффициент предшествующего года равен 1/3; коэффициент позапрошлого года – 1/6.).');
delete from bfx_impl.declaration_main_questions where id = '2a727d42-5c12-4d85-8b04-8728c5e34dc8'; insert into bfx_impl.declaration_main_questions values ('2a727d42-5c12-4d85-8b04-8728c5e34dc8', N'Страхователь подтверждает, что на момент заключения настоящего договора страхования, не является налоговым резидентом страны, отличной от Российской Федерации и не обладает ни одним из признаков иностранного налогового резидентства (не имеет иностранного адреса места фактического проживания или почтового адреса в иностранном государстве; не имеет номера телефона в иностранном государстве при отсутствии номера телефона в Российской Федерации; не имеет постоянного поручения на перечисление средств (за исключением банковского вклада) на счет или адрес в иностранном государстве; не имеет доверенности или права подписи, предоставленных лицу, проживающему в иностранном государстве; не имеет адреса до востребования в иностранной юрисдикции.');
delete from bfx_impl.declaration_main_questions where id = '2df3aa5a-985d-4a0c-8503-8ca40ff03728'; insert into bfx_impl.declaration_main_questions values ('2df3aa5a-985d-4a0c-8503-8ca40ff03728', N'Страхователь обязуется не реже одного раза в год и/или по мере изменения идентификационных данных, указанных в настоящем договоре страхования, направлять Страховщику обновленные персональные данные по форме, предложенной Страховщиком. Непредставление соответствующей информации Страховщик вправе расценить как неизменность сведений о Страхователе, установленных при его идентификации, и обновить идентификационные сведения на основе данных, представленных Страхователем ранее.');
delete from bfx_impl.declaration_main_questions where id = 'd7f5097e-7fe7-4a4c-a5ec-98491f8901bd'; insert into bfx_impl.declaration_main_questions values ('d7f5097e-7fe7-4a4c-a5ec-98491f8901bd', N'Страхователь дает свое согласие Страховщику на использование адреса электронной почты, указанного в пункте I договора страхования, с целью подключения услуги «Личный кабинет», в рамках которой предоставляется информация о текущем состоянии договора страхования. Данное согласие действует до даты прекращения настоящего договора страхования и может быть отозвано путем подачи соответствующего письменного уведомления, подписанного в присутствии уполномоченного представителя Страховщика, или путем передачи Страховщику отзыва настоящего согласия, подпись Страхователя на котором удостоверена нотариально. Страхователь обязуется незамедлительно уведомлять Страховщика о случаях несанкционированного использования зарегистрированных за Страхователем адреса электронной почты и пароля, не передавать пароль третьим лицам или использовать адреса электронной почты и пароли третьих лиц. Страхователь подтверждает, что осознает полную ответственность за сохранность информации о подключении услуги «Личный кабинет» (включая информацию об адресе электронной почты и пароле) и за все действия, которые будут произведены в «Личном кабинете» с использованием указанного выше адреса электронной почты и пароля к нему. Страхователь понимает, что информация, предоставленная в рамках услуги «Личный кабинет», носит информационно-справочный характер (не является публичной офертой); Страховщик не несет ответственности в случае возможного искажения информации в результате технических сбоев, действия несанкционированных (вредоносных) программ (вирусов), а также не несет ответственности за ущерб, который может быть причинен имуществу Страхователя (иному лицу) в результате таких событий.');
delete from bfx_impl.declaration_main_questions where id = 'df606176-b254-4b21-ac5f-a8f75e5884fd'; insert into bfx_impl.declaration_main_questions values ('df606176-b254-4b21-ac5f-a8f75e5884fd', N'Застрахованный дает свое согласие на получение Обществом с ограниченной ответственностью Страховая компания «Росгосстрах Жизнь» (121059, г. Москва, вн.тер.г. муниципальный округ Дорогомилово, ул. Киевская, д. 7, к. 1) в целях исполнения договора страхования и перестрахования: медицинской информации от любого врача (медицинского учреждения), у которого он когда-либо консультировался и/или лечился, а также будет обращаться в последующем; на получение необходимой информации в правоохранительных, медицинских и других органах (учреждениях) для проверки предоставленной информации, а также для выяснения всех обстоятельств наступления страхового случая; на получение любой информации от страховых компаний, к которым Застрахованный обращался с заявлениями на страхование жизни. Данное согласие дано без ограничения срока действия.');
delete from bfx_impl.declaration_main_questions where id = '63174454-219d-4b73-9b0c-ab99100cd261'; insert into bfx_impl.declaration_main_questions values ('63174454-219d-4b73-9b0c-ab99100cd261', N'На основании положений Федерального закона от 21.11.2011 № 323-ФЗ «Об основах охраны здоровья граждан Российской Федерации» Застрахованный разрешает медицинским и иным учреждениям предоставлять информацию о состоянии его здоровья, о фактах обращения за оказанием медицинской помощи, диагнозе, иные сведения, полученные при медицинском обследовании и лечении Застрахованного, составляющие врачебную тайну, в том числе предоставление соответствующих копий документов, по запросу Страховщика.');
delete from bfx_impl.declaration_main_questions where id = 'a4896a1b-469e-470a-b871-af97b05fa13e'; insert into bfx_impl.declaration_main_questions values ('a4896a1b-469e-470a-b871-af97b05fa13e', N'Страхователь и Застрахованный в соответствии с Федеральным законом от 27.07.2006 № 152-ФЗ «О персональных данных» свободно, своей волей и в своем интересе дают свое согласие Обществу с ограниченной ответственностью Страховая компания «Росгосстрах Жизнь» (место нахождения: 121059, г. Москва, вн.тер.г. муниципальный округ Дорогомилово, ул. Киевская, д. 7, к. 1), Публичному акционерному обществу Страховая Компания «Росгосстрах» (место нахождения: 140002, Московская область, г. Люберцы, ул. Парковая, д. 3), перестраховщикам (Swiss Re Europe S.A. (место нахождения: 81925, Арабеллаштрассе 30, Мюнхен, Германия), General Reinsurance AG (место нахождения: 50668, Теодор-Хойсс-Ринг 11, Кёльн, Германия), Акционерное общество «Российская Национальная Перестраховочная Компания» (место нахождения: 125047, г. Москва, ул. Гашека, д. 6, Помещение XII)) и ассистанским компаниям (сервисным организациям) (Общество с ограниченной ответственностью «Инновационные Сервисы» (место нахождения: 127055, г. Москва, Бутырский вал, д. 68/70, стр.1; этаж 3; пом. I, ком. 5)) на обработку их персональных данных (включая сбор, запись, систематизацию, накопление, хранение, уточнение (обновление, изменение), извлечение, использование, передачу (предоставление, доступ), трансграничную передачу, в том числе в страны обеспечивающие и не обеспечивающие адекватную защиту прав субъектов персональных данных (ФРГ, США), обезличивание, блокирование, удаление, уничтожение) совершаемую с использованием средств автоматизации или без использования таких средств. Цель обработки персональных данных: заключение, сопровождение, исполнение, прекращение договора страхования и перестрахования, продвижение страховых услуг, проведение рекламных и маркетинговых акций, а также выполнение требований законодательства Российской Федерации. Перечень персональных данных, на обработку которых дается согласие (при условии их раскрытия субъектом персональных данных): фамилия, имя, отчество; гражданство; дата рождения; место рождения; пол; серия (при наличии) и номер документа, удостоверяющего личность субъекта персональных данных, дата выдачи документа, орган, выдавший документ; адрес постоянной регистрации; почтовый адрес; контактные номера телефонов (мобильного и/или домашнего); адреса электронной почты; информация о состоянии здоровья и диагнозах Застрахованного (в т. ч. составляющая врачебную тайну в соответствии со ст. 13, 19, 22 Федерального закона от 21.11.2011 № 323-ФЗ «Об основах охраны здоровья граждан в Российской Федерации»). Страховщик вправе поручить обработку персональных данных другому лицу, на основании заключаемого с этим лицом договора. Страховщик оставляет за собой право изменить перечень ассистанских компаний (сервисных организаций) / перестраховщиков, а также список стран, в которые может быть осуществлена трансграничная передача в связи с указанными изменениями. Актуальный перечень ассистанских компаний (сервисных организаций) / перестраховщиков / стран, в которые может быть осуществлена трансграничная передача, представлен на сайте Страховщика в разделе «Раскрытие информации» (www.rgsl.ru/info/). Согласие на обработку персональных данных начинает свое действие с момента подписания договора страхования и действует в течение всего срока действия договора страхования, а также в течение 5 (пяти) лет с даты его прекращения. Согласие может быть отозвано в любое время путем направления Страховщику письменного уведомления (путем направления заказного письма с уведомлением о вручении либо путем вручения лично под расписку уполномоченному представителю Страховщика).');
delete from bfx_impl.declaration_main_questions where id = '2558d0d1-1b29-496c-b448-b2f2e51acf63'; insert into bfx_impl.declaration_main_questions values ('2558d0d1-1b29-496c-b448-b2f2e51acf63', N'Страхователь и Застрахованный с Правилами, расположенными на официальном сайте Страховщика (www.rgsl.ru), ознакомлены и согласны.');
delete from bfx_impl.declaration_main_questions where id = '6485be4f-f85c-4fb3-8e83-b4f523f49fad'; insert into bfx_impl.declaration_main_questions values ('6485be4f-f85c-4fb3-8e83-b4f523f49fad', N'Страхователь присоединяется к Соглашению об электронном документообороте (в редакции действующей на дату заключения настоящего договора страхования) (далее – Соглашение) в соответствии со статьей 428 Гражданского кодекса Российской Федерации. Страхователь подтверждает, что ознакомился с условиями Соглашения, расположенного на официальном сайте Страховщика (www.rgsl.ru), понимает текст данного Соглашения, выражает свое согласие с ним и обязуется выполнять.');
delete from bfx_impl.declaration_main_questions where id = '7cbcb433-be53-4c38-b339-bf3e644f0f6e'; insert into bfx_impl.declaration_main_questions values ('7cbcb433-be53-4c38-b339-bf3e644f0f6e', N'Страхователь и Застрахованный дают свое согласие Обществу с ограниченной ответственностью Страховая компания «Росгосстрах Жизнь» (121059, г. Москва, вн.тер.г. муниципальный округ Дорогомилово, ул. Киевская, д. 7, к. 1), Публичному акционерному обществу Страховая Компания «Росгосстрах» (140002, Московская область, г. Люберцы, ул. Парковая, д. 3) на обработку и использование указанного в настоящем договоре страхования номера мобильного телефона, адреса электронной почты с целью оповещения/информирования об услугах и страховых продуктах Общества с ограниченной ответственностью Страховая компания «Росгосстрах Жизнь» (121059, г. Москва, вн.тер.г. муниципальный округ Дорогомилово, ул. Киевская, д. 7, к. 1), Публичного акционерного общества Страховая Компания «Росгосстрах» (140002, Московская область, г. Люберцы, ул. Парковая, д. 3), сообщения информации в отношении настоящего договора страхования, заключенного со Страхователем, и/или информации по страховому случаю, а также для поздравления с официальными праздниками и маркетинговых исследований. Согласие на получение информации по каналам связи дано без ограничения срока действия и может быть отозвано в любой момент времени путем направления Страховщику письменного заявления.');
delete from bfx_impl.declaration_main_questions where id = '99947595-58d0-40a4-9693-c7d16da228c5'; insert into bfx_impl.declaration_main_questions values ('99947595-58d0-40a4-9693-c7d16da228c5', N'Страхователь и Застрахованный подтверждают, что сведения, указанные в настоящем договоре страхования и приложениях к нему, являются правдивыми и содержат полную информацию. Информация, указанная в настоящем договоре страхования и приложениях к нему, признается сторонами существенной для определения вероятности наступления страхового случая.');
--IBI3
delete from bfx_impl.declaration_main where id = '4c753931-02b7-4798-9e4d-31094be93819'; insert into bfx_impl.declaration_main values ('4c753931-02b7-4798-9e4d-31094be93819', 'IBI3', '1', '1cdadfab-6749-47df-8b17-3ee4666912c3', 'underwriting');
delete from bfx_impl.declaration_main where id = 'bc167c74-7e50-4e70-a4cb-3338c709a4aa'; insert into bfx_impl.declaration_main values ('bc167c74-7e50-4e70-a4cb-3338c709a4aa', 'IBI3', '2', 'b8c8f0f7-6af0-42df-affb-441f819538df', 'compliance');
delete from bfx_impl.declaration_main where id = '15f1a980-7633-4d76-9d3f-415e96f9baab'; insert into bfx_impl.declaration_main values ('15f1a980-7633-4d76-9d3f-415e96f9baab', 'IBI3', '3', '7dd64c0e-590f-46f6-a477-466866f8baa3', 'compliance');
delete from bfx_impl.declaration_main where id = '90fd587b-32dc-43e1-854b-41cb7cbab83f'; insert into bfx_impl.declaration_main values ('90fd587b-32dc-43e1-854b-41cb7cbab83f', 'IBI3', '4', 'bcf01fe8-7fe5-4a1e-b4a5-4cec4a2f9058', 'compliance');
delete from bfx_impl.declaration_main where id = '70007f2d-167c-4893-a9c4-46e2f610d267'; insert into bfx_impl.declaration_main values ('70007f2d-167c-4893-a9c4-46e2f610d267', 'IBI3', '5', 'f7a4892c-53d1-4d4e-b9f8-709c80f2bdee', 'compliance');
delete from bfx_impl.declaration_main where id = '8a3d9ebd-e371-4e77-b587-52f3495da39f'; insert into bfx_impl.declaration_main values ('8a3d9ebd-e371-4e77-b587-52f3495da39f', 'IBI3', '6', '1538db23-2f3d-413e-82df-8032f1a0d85b', 'compliance');
delete from bfx_impl.declaration_main where id = '9d6b1bdd-d1b5-4812-aac1-5a42d396d0f6'; insert into bfx_impl.declaration_main values ('9d6b1bdd-d1b5-4812-aac1-5a42d396d0f6', 'IBI3', '7', '2162592c-cc65-4f97-827e-81c26714daf7', 'compliance');
delete from bfx_impl.declaration_main where id = '78116923-e1b8-43c0-b958-66444d9ae1df'; insert into bfx_impl.declaration_main values ('78116923-e1b8-43c0-b958-66444d9ae1df', 'IBI3', '8', '2a727d42-5c12-4d85-8b04-8728c5e34dc8', 'compliance');
delete from bfx_impl.declaration_main where id = 'afda6179-7596-4d6a-ac16-7338740c7c50'; insert into bfx_impl.declaration_main values ('afda6179-7596-4d6a-ac16-7338740c7c50', 'IBI3', '9', '2df3aa5a-985d-4a0c-8503-8ca40ff03728', 'compliance');
delete from bfx_impl.declaration_main where id = '7164d191-3a7b-47e0-afa2-741d2a889ee1'; insert into bfx_impl.declaration_main values ('7164d191-3a7b-47e0-afa2-741d2a889ee1', 'IBI3', '10', 'd7f5097e-7fe7-4a4c-a5ec-98491f8901bd', 'legal');
delete from bfx_impl.declaration_main where id = '39f0d67a-ccff-47aa-81e1-7bd425060c91'; insert into bfx_impl.declaration_main values ('39f0d67a-ccff-47aa-81e1-7bd425060c91', 'IBI3', '11', 'df606176-b254-4b21-ac5f-a8f75e5884fd', 'block');
delete from bfx_impl.declaration_main where id = '92d648c7-38b5-468a-9717-7f78a2f615fc'; insert into bfx_impl.declaration_main values ('92d648c7-38b5-468a-9717-7f78a2f615fc', 'IBI3', '12', '63174454-219d-4b73-9b0c-ab99100cd261', 'block');
delete from bfx_impl.declaration_main where id = '010f58d8-ac47-4baa-b9cf-8f40eac5b4aa'; insert into bfx_impl.declaration_main values ('010f58d8-ac47-4baa-b9cf-8f40eac5b4aa', 'IBI3', '13', 'a4896a1b-469e-470a-b871-af97b05fa13e', 'legal');
delete from bfx_impl.declaration_main where id = '20979f06-1bd4-4e51-b98b-92d391d85b73'; insert into bfx_impl.declaration_main values ('20979f06-1bd4-4e51-b98b-92d391d85b73', 'IBI3', '14', '2558d0d1-1b29-496c-b448-b2f2e51acf63', 'block');
delete from bfx_impl.declaration_main where id = '17678547-ee25-47dd-b707-a2921fab9195'; insert into bfx_impl.declaration_main values ('17678547-ee25-47dd-b707-a2921fab9195', 'IBI3', '15', '6485be4f-f85c-4fb3-8e83-b4f523f49fad', 'block');
delete from bfx_impl.declaration_main where id = '40c31a5f-c4f0-4827-8a3e-ab3bedb3be61'; insert into bfx_impl.declaration_main values ('40c31a5f-c4f0-4827-8a3e-ab3bedb3be61', 'IBI3', '16', '7cbcb433-be53-4c38-b339-bf3e644f0f6e', 'legal');
delete from bfx_impl.declaration_main where id = '7b78478e-e5ad-4146-98c6-be329982203c'; insert into bfx_impl.declaration_main values ('7b78478e-e5ad-4146-98c6-be329982203c', 'IBI3', '17', '99947595-58d0-40a4-9693-c7d16da228c5', 'block');
--IBI5
delete from bfx_impl.declaration_main where id = 'c55e8fc9-5839-4cf6-9a59-103a900ea050'; insert into bfx_impl.declaration_main values ('c55e8fc9-5839-4cf6-9a59-103a900ea050', 'IBI5', '1', '1cdadfab-6749-47df-8b17-3ee4666912c3', 'underwriting');
delete from bfx_impl.declaration_main where id = 'ea4fa461-a44d-437e-afc1-11e5bb407817'; insert into bfx_impl.declaration_main values ('ea4fa461-a44d-437e-afc1-11e5bb407817', 'IBI5', '2', 'b8c8f0f7-6af0-42df-affb-441f819538df', 'compliance');
delete from bfx_impl.declaration_main where id = 'a8763de7-b54c-4a3a-ba3d-1915d069b54c'; insert into bfx_impl.declaration_main values ('a8763de7-b54c-4a3a-ba3d-1915d069b54c', 'IBI5', '3', '7dd64c0e-590f-46f6-a477-466866f8baa3', 'compliance');
delete from bfx_impl.declaration_main where id = 'cef6c39a-b71e-48e6-9185-26fa31a5a351'; insert into bfx_impl.declaration_main values ('cef6c39a-b71e-48e6-9185-26fa31a5a351', 'IBI5', '4', 'bcf01fe8-7fe5-4a1e-b4a5-4cec4a2f9058', 'compliance');
delete from bfx_impl.declaration_main where id = 'e0fdecca-04f7-4f2b-ab04-4d3c49afe03d'; insert into bfx_impl.declaration_main values ('e0fdecca-04f7-4f2b-ab04-4d3c49afe03d', 'IBI5', '5', 'f7a4892c-53d1-4d4e-b9f8-709c80f2bdee', 'compliance');
delete from bfx_impl.declaration_main where id = '03644053-1997-4526-a830-4f94f8af45fd'; insert into bfx_impl.declaration_main values ('03644053-1997-4526-a830-4f94f8af45fd', 'IBI5', '6', '1538db23-2f3d-413e-82df-8032f1a0d85b', 'compliance');
delete from bfx_impl.declaration_main where id = '416f342b-d8f5-41ae-a3f0-56b4c1e325d7'; insert into bfx_impl.declaration_main values ('416f342b-d8f5-41ae-a3f0-56b4c1e325d7', 'IBI5', '7', '2162592c-cc65-4f97-827e-81c26714daf7', 'compliance');
delete from bfx_impl.declaration_main where id = '25dea49b-3b0a-4bc2-8ffd-723e522b31df'; insert into bfx_impl.declaration_main values ('25dea49b-3b0a-4bc2-8ffd-723e522b31df', 'IBI5', '8', '2a727d42-5c12-4d85-8b04-8728c5e34dc8', 'compliance');
delete from bfx_impl.declaration_main where id = '29aa47c4-9361-467e-beff-837090d2b881'; insert into bfx_impl.declaration_main values ('29aa47c4-9361-467e-beff-837090d2b881', 'IBI5', '9', '2df3aa5a-985d-4a0c-8503-8ca40ff03728', 'compliance');
delete from bfx_impl.declaration_main where id = '90fa3a06-2d9e-498e-93cf-841d0917a254'; insert into bfx_impl.declaration_main values ('90fa3a06-2d9e-498e-93cf-841d0917a254', 'IBI5', '10', 'd7f5097e-7fe7-4a4c-a5ec-98491f8901bd', 'legal');
delete from bfx_impl.declaration_main where id = '3562f522-76e9-424e-9dfc-8b642168bdb0'; insert into bfx_impl.declaration_main values ('3562f522-76e9-424e-9dfc-8b642168bdb0', 'IBI5', '11', 'df606176-b254-4b21-ac5f-a8f75e5884fd', 'block');
delete from bfx_impl.declaration_main where id = 'dd30bf04-2a78-4fd7-bb7a-8c9439673582'; insert into bfx_impl.declaration_main values ('dd30bf04-2a78-4fd7-bb7a-8c9439673582', 'IBI5', '12', '63174454-219d-4b73-9b0c-ab99100cd261', 'block');
delete from bfx_impl.declaration_main where id = 'ccf57ba6-d41c-4da6-848b-977d2d1bac5a'; insert into bfx_impl.declaration_main values ('ccf57ba6-d41c-4da6-848b-977d2d1bac5a', 'IBI5', '13', 'a4896a1b-469e-470a-b871-af97b05fa13e', 'legal');
delete from bfx_impl.declaration_main where id = '73eef3e1-d5d5-4093-b6ad-b506745ec3ef'; insert into bfx_impl.declaration_main values ('73eef3e1-d5d5-4093-b6ad-b506745ec3ef', 'IBI5', '14', '2558d0d1-1b29-496c-b448-b2f2e51acf63', 'block');
delete from bfx_impl.declaration_main where id = '934a36e9-cd58-4fcb-a008-e376a6f3d890'; insert into bfx_impl.declaration_main values ('934a36e9-cd58-4fcb-a008-e376a6f3d890', 'IBI5', '15', '6485be4f-f85c-4fb3-8e83-b4f523f49fad', 'block');
delete from bfx_impl.declaration_main where id = '629c79f3-b87d-4bf2-ba22-f6184f0ea377'; insert into bfx_impl.declaration_main values ('629c79f3-b87d-4bf2-ba22-f6184f0ea377', 'IBI5', '16', '7cbcb433-be53-4c38-b339-bf3e644f0f6e', 'legal');
delete from bfx_impl.declaration_main where id = '71ab0102-1ba4-4df0-8c3c-fa1da9aff9ca'; insert into bfx_impl.declaration_main values ('71ab0102-1ba4-4df0-8c3c-fa1da9aff9ca', 'IBI5', '17', '99947595-58d0-40a4-9693-c7d16da228c5', 'block');
--IBG
delete from bfx_impl.declaration_main where id = '84ddded4-34f4-4d61-84ed-0870c2bc4f42'; insert into bfx_impl.declaration_main values ('84ddded4-34f4-4d61-84ed-0870c2bc4f42', 'IBG', '1', '1cdadfab-6749-47df-8b17-3ee4666912c3', 'underwriting');
delete from bfx_impl.declaration_main where id = 'c7051e93-6699-43c4-843d-1e05083ad00d'; insert into bfx_impl.declaration_main values ('c7051e93-6699-43c4-843d-1e05083ad00d', 'IBG', '2', 'b8c8f0f7-6af0-42df-affb-441f819538df', 'compliance');
delete from bfx_impl.declaration_main where id = '4951e691-7f0e-4297-9f05-35673e83a30c'; insert into bfx_impl.declaration_main values ('4951e691-7f0e-4297-9f05-35673e83a30c', 'IBG', '3', '7dd64c0e-590f-46f6-a477-466866f8baa3', 'compliance');
delete from bfx_impl.declaration_main where id = 'd238fe89-1663-429f-b1b0-43b094babb98'; insert into bfx_impl.declaration_main values ('d238fe89-1663-429f-b1b0-43b094babb98', 'IBG', '4', 'bcf01fe8-7fe5-4a1e-b4a5-4cec4a2f9058', 'compliance');
delete from bfx_impl.declaration_main where id = '0fcfb667-3dcf-47b0-a239-4a27dfe0ed69'; insert into bfx_impl.declaration_main values ('0fcfb667-3dcf-47b0-a239-4a27dfe0ed69', 'IBG', '5', 'f7a4892c-53d1-4d4e-b9f8-709c80f2bdee', 'compliance');
delete from bfx_impl.declaration_main where id = '4b90ee76-3fa7-4eae-9780-5a3da9b4458f'; insert into bfx_impl.declaration_main values ('4b90ee76-3fa7-4eae-9780-5a3da9b4458f', 'IBG', '6', '1538db23-2f3d-413e-82df-8032f1a0d85b', 'compliance');
delete from bfx_impl.declaration_main where id = 'b8cbc8b3-a315-43a9-a8f8-5db1704460dc'; insert into bfx_impl.declaration_main values ('b8cbc8b3-a315-43a9-a8f8-5db1704460dc', 'IBG', '7', '2162592c-cc65-4f97-827e-81c26714daf7', 'compliance');
delete from bfx_impl.declaration_main where id = 'd48b4a94-725d-4360-a07f-81bdf55c283a'; insert into bfx_impl.declaration_main values ('d48b4a94-725d-4360-a07f-81bdf55c283a', 'IBG', '8', '2a727d42-5c12-4d85-8b04-8728c5e34dc8', 'compliance');
delete from bfx_impl.declaration_main where id = 'd121a2ee-3cff-498f-b4b9-896a6ce45269'; insert into bfx_impl.declaration_main values ('d121a2ee-3cff-498f-b4b9-896a6ce45269', 'IBG', '9', '2df3aa5a-985d-4a0c-8503-8ca40ff03728', 'compliance');
delete from bfx_impl.declaration_main where id = 'f378a825-c9fc-4bb7-9e7c-8d230ee821e6'; insert into bfx_impl.declaration_main values ('f378a825-c9fc-4bb7-9e7c-8d230ee821e6', 'IBG', '10', 'd7f5097e-7fe7-4a4c-a5ec-98491f8901bd', 'legal');
delete from bfx_impl.declaration_main where id = '5a2b281c-9cc3-4a3e-a1de-955eb3a8e2b1'; insert into bfx_impl.declaration_main values ('5a2b281c-9cc3-4a3e-a1de-955eb3a8e2b1', 'IBG', '11', 'df606176-b254-4b21-ac5f-a8f75e5884fd', 'block');
delete from bfx_impl.declaration_main where id = '578cc2d8-87d2-418b-af22-9c814a77f32d'; insert into bfx_impl.declaration_main values ('578cc2d8-87d2-418b-af22-9c814a77f32d', 'IBG', '12', '63174454-219d-4b73-9b0c-ab99100cd261', 'block');
delete from bfx_impl.declaration_main where id = '8927adc5-137c-4257-b9f2-9f967999fd27'; insert into bfx_impl.declaration_main values ('8927adc5-137c-4257-b9f2-9f967999fd27', 'IBG', '13', 'a4896a1b-469e-470a-b871-af97b05fa13e', 'legal');
delete from bfx_impl.declaration_main where id = '9245f0a0-c330-44ed-afd9-c7c49aa8dd8b'; insert into bfx_impl.declaration_main values ('9245f0a0-c330-44ed-afd9-c7c49aa8dd8b', 'IBG', '14', '2558d0d1-1b29-496c-b448-b2f2e51acf63', 'block');
delete from bfx_impl.declaration_main where id = '9c0b0d0b-20a2-4843-a7e0-d1dd7abaed6a'; insert into bfx_impl.declaration_main values ('9c0b0d0b-20a2-4843-a7e0-d1dd7abaed6a', 'IBG', '15', '6485be4f-f85c-4fb3-8e83-b4f523f49fad', 'block');
delete from bfx_impl.declaration_main where id = '02d5b038-5c68-4023-9768-f65c361a21ef'; insert into bfx_impl.declaration_main values ('02d5b038-5c68-4023-9768-f65c361a21ef', 'IBG', '16', '7cbcb433-be53-4c38-b339-bf3e644f0f6e', 'legal');
delete from bfx_impl.declaration_main where id = 'f14f260d-e18f-462c-aeb6-ffe750e0c35e'; insert into bfx_impl.declaration_main values ('f14f260d-e18f-462c-aeb6-ffe750e0c35e', 'IBG', '17', '99947595-58d0-40a4-9693-c7d16da228c5', 'block');

--ACCUMULATED
--bfx_impl.declaration_medical_questions
delete from bfx_impl.declaration_medical_questions where id = 'c528341e-4bc5-4269-9059-011720c53b09'; insert into bfx_impl.declaration_medical_questions values ('c528341e-4bc5-4269-9059-011720c53b09', N'не являюсь лицом моложе 18 и старше 63 лет (включительно) на момент заключения договора страхования;');
delete from bfx_impl.declaration_medical_questions where id = '193bbe3f-5653-4287-9198-0a4616b921d6'; insert into bfx_impl.declaration_medical_questions values ('193bbe3f-5653-4287-9198-0a4616b921d6', N'не являюсь и не являлся (не являлась) ранее инвалидом;');
delete from bfx_impl.declaration_medical_questions where id = '8ed201c2-2c12-4a7a-86cb-13203dcbdc71'; insert into bfx_impl.declaration_medical_questions values ('8ed201c2-2c12-4a7a-86cb-13203dcbdc71', N'не подавал(а) документы на освидетельствование для получения группы инвалидности и не имею оснований для присвоения группы инвалидности;');
delete from bfx_impl.declaration_medical_questions where id = '65d66acf-aa04-44d0-821f-1bf73f13ef39'; insert into bfx_impl.declaration_medical_questions values ('65d66acf-aa04-44d0-821f-1bf73f13ef39', N'не употребляю и не употреблял(а) ранее наркотики, токсичные вещества, не страдаю алкоголизмом, не состою и не состоял(а) ранее на учете в наркологическом диспансере, психоневрологическом, туберкулезном диспансере, центрах профилактики борьбы со СПИДом;');
delete from bfx_impl.declaration_medical_questions where id = '9134f2a2-aa8f-472f-8983-22137a4ff21f'; insert into bfx_impl.declaration_medical_questions values ('9134f2a2-aa8f-472f-8983-22137a4ff21f', N'не имел(а), не обращался (не обращалась) за медицинской помощью по нижеперечисленным заболеваниям и не страдаю ими в настоящее время:
- доброкачественные или злокачественные опухоли, включая предраковые, любые опухоли кожи (включая кисты и любые новообразования), карциному и меланому in situ, рак крови / лейкемию;
- заболевания, вызванные воздействием радиации;
- СПИД и другие заболевания, связанные с вирусом иммунодефицита человека;
- нервные или психические расстройства или заболевания (например: эпилепсия, паралич, болезнь Паркинсона, наркомания; токсикомания, алкоголизм);
- заболевания сердечно-сосудистой системы (например: гипертоническая болезнь II-III степени, ишемическая болезнь сердца, стенокардия, инфаркт миокарда, порок сердца, нарушения сердечного ритма, инсульт, тромбоз);
- заболевания дыхательной системы (например: хроническая обструктивная болезнь легких, саркоидоз, туберкулез легких, астма (бронхит), эмфизема, фиброз);
- заболевания крови и кроветворной системы;
- заболевания почек (например: хроническая почечная недостаточность, поликистоз почек, гломерулонефрит);
- заболевания печени (цирроз печени, гепатит В, С, D, E);
- заболевания желудочно-кишечного тракта (за исключением пищевых отравлений, гастрита);
- заболевания эндокринной системы (например: тиреотоксикоз, сахарный диабет I-II типа, заболевания гипофиза);
- заболевания опорно-двигательного аппарата (например: артрит, артроз, анкилоз, деформация суставов или конечностей, подагра, заболевания позвоночника, ревматизм и/или генерализированные заболевания и/или расстройства, включая ревматоидный артрит, волчанка);
- заболевания нервной системы, включая центральную нервную систему (мозг, спинной мозг), периферийную нервную систему, автономные нервные системы, опорные элементы нервной системы (например, череп, позвоночник) и их систему кровоснабжения (внечерепная цереброваскулярная система);
');
delete from bfx_impl.declaration_medical_questions where id = '45cfb490-7064-47a6-94ad-5181eb159ba2'; insert into bfx_impl.declaration_medical_questions values ('45cfb490-7064-47a6-94ad-5181eb159ba2', N'на протяжении последних 10 лет у меня отсутствовали следующие симптомы и/или изменения в состоянии здоровья: боли в груди, повышение артериального давления, повышение уровня холестерина в крови (требующее лечения от 3 недель и более), патологические изменения на ЭКГ, обмороки, потеря сознания, судорожные припадки, нарушение речи;');
delete from bfx_impl.declaration_medical_questions where id = 'b74dd674-7baf-4306-8942-52d8cb1ff93b'; insert into bfx_impl.declaration_medical_questions values ('b74dd674-7baf-4306-8942-52d8cb1ff93b', N'на протяжении последних 12 месяцев я не подвергался (не подвергалась) хирургическим вмешательствам или не был(а) госпитализирован(а), за исключением госпитализации по причине: беременности и родов, аппендэктомии, грыжесечения, тонзилэктомии, аденоидэктомии, пункций околоносовых пазух, септопластики, геморроидэктомии, пластических операций, операции на венах, стоматологические операции;');
delete from bfx_impl.declaration_medical_questions where id = 'a97d1fa8-bd05-496f-a420-5859f0da3574'; insert into bfx_impl.declaration_medical_questions values ('a97d1fa8-bd05-496f-a420-5859f0da3574', N'на протяжении последних 12 месяцев я не подвергался (не подвергалась) хирургическим вмешательствам или не был(а) госпитализирован(а), за исключением госпитализации по причине: беременности и родов, аппендэктомии, грыжесечения, тонзилэктомии, аденоидэктомии, пункций околоносовых пазух, септопластики, геморроидэктомии, пластических операций;');
delete from bfx_impl.declaration_medical_questions where id = 'ebc8a45f-2d82-48d0-a2d7-594912320aad'; insert into bfx_impl.declaration_medical_questions values ('ebc8a45f-2d82-48d0-a2d7-594912320aad', N'не прохожу службу в вооруженных силах, не занят(а) в профессиональной или непрофессиональной авиации, в работах со взрывчатыми и радиоактивными веществами, ионизирующей радиацией (включая ультрафиолетовое излучение, микроволновое излучение), подземных работах, я не контактирую с канцерогенными или токсическими веществами или газами, электрическими сетями высокого напряжения, не являюсь водолазом, пожарным, скалолазом, работником ядерной промышленности, нефтяником (за исключением офисных сотрудников), охранником и профессиональным спортсменом, не работаю с оружием;');
delete from bfx_impl.declaration_medical_questions where id = '807884f5-ee92-400b-a927-668e848bf664'; insert into bfx_impl.declaration_medical_questions values ('807884f5-ee92-400b-a927-668e848bf664', N'не намереваюсь путешествовать на территории, на которой объявлено чрезвычайное положение или проводятся боевые действия;');
delete from bfx_impl.declaration_medical_questions where id = '91e36b1d-0769-4d9b-b8aa-677d98e7f748'; insert into bfx_impl.declaration_medical_questions values ('91e36b1d-0769-4d9b-b8aa-677d98e7f748', N'не нахожусь под следствием и не являюсь осужденным к лишению свободы;');
delete from bfx_impl.declaration_medical_questions where id = '0ed226cc-66ea-4d98-95d2-688c4b9b44d7'; insert into bfx_impl.declaration_medical_questions values ('0ed226cc-66ea-4d98-95d2-688c4b9b44d7', N'мне не проводились хирургические операции, и я не находился на стационарном лечении в связи с увеличением груди, трансплантацией органов, пересадкой костного мозга;');
delete from bfx_impl.declaration_medical_questions where id = '0479de1a-4fc7-4cb3-9f02-707b1054e3a7'; insert into bfx_impl.declaration_medical_questions values ('0479de1a-4fc7-4cb3-9f02-707b1054e3a7', N'у меня никогда не было продолжительного повышения температуры (более 7 дней подряд) в связи с заболеваниями, кроме гриппа;');
delete from bfx_impl.declaration_medical_questions where id = '3512390c-c34f-41a8-a3b3-7f86e25462b3'; insert into bfx_impl.declaration_medical_questions values ('3512390c-c34f-41a8-a3b3-7f86e25462b3', N'у меня никогда не диагностировали вирус папилломы человека, вирус Эпштейна-Барра, вирус герпеса человека 8-го типа, Хеликобактер пилори, вирусы гепатита, вирус иммунодефицита человека (ВИЧ);');
delete from bfx_impl.declaration_medical_questions where id = '8f04fa33-4bbd-4d6f-90f7-9c06605ea9a6'; insert into bfx_impl.declaration_medical_questions values ('8f04fa33-4bbd-4d6f-90f7-9c06605ea9a6', N'не находился на больничном более 14 дней подряд, кроме как в связи с гриппом, и у меня нет проблем со здоровьем, в связи с которыми предоставляется право на сокращенный рабочий день или частичную занятость;');
delete from bfx_impl.declaration_medical_questions where id = '3445d620-86ff-48aa-98ca-9ecb3f5cca90'; insert into bfx_impl.declaration_medical_questions values ('3445d620-86ff-48aa-98ca-9ecb3f5cca90', N'на протяжении последних 10 лет у меня отсутствовали следующие симптомы и/или изменения в состоянии здоровья: боли в груди, повышение артериального давления, шумы в сердце, учащенное сердцебиение, патологические изменения на ЭКГ, повышение уровня холестерина в крови, обмороки, потеря сознания, судорожные припадки, нарушение речи, желудочно-кишечное кровотечение, кровь или белок, или сахар в моче, я не получал травмы, которые привели к постоянной или временной недееспособности; ');
delete from bfx_impl.declaration_medical_questions where id = '7d4dbb71-7482-40ea-bf3d-a97c84cb072e'; insert into bfx_impl.declaration_medical_questions values ('7d4dbb71-7482-40ea-bf3d-a97c84cb072e', N'у меня не было и нет заболеваний половых и/или репродуктивных органов, включая грудь, неменструальное вагинальное кровотечение, миому матки, бесплодие (включая мужчин), дефектные яички, варикоцеле;');
delete from bfx_impl.declaration_medical_questions where id = '7c4617b3-c94a-4d47-b246-bee10c3be172'; insert into bfx_impl.declaration_medical_questions values ('7c4617b3-c94a-4d47-b246-bee10c3be172', N'за последние 12 месяцев у меня не было непреднамеренного снижения веса более чем на 10%;');
delete from bfx_impl.declaration_medical_questions where id = 'd829e226-c7a9-4b33-8671-da3c0b1709a5'; insert into bfx_impl.declaration_medical_questions values ('d829e226-c7a9-4b33-8671-da3c0b1709a5', N'мне не известно о каких-либо результатах онкологических или иных анализов, требующих дополнительных исследований или лечения;');
delete from bfx_impl.declaration_medical_questions where id = '22f2a3d7-00d7-4016-ac8c-e4ba63fa5e50'; insert into bfx_impl.declaration_medical_questions values ('22f2a3d7-00d7-4016-ac8c-e4ba63fa5e50', N'не выкуриваю более 20 сигарет/электронных сигарет в день или не курю ежедневно сигары, трубки, кальян/наргиле, или другие никотиновые заменители и не употребляю алкоголь более чем 5 единиц в день (одна единица = 300 мл пива или 100 мл вина или 20 мл спирта);');
delete from bfx_impl.declaration_medical_questions where id = 'ee9fbc12-274c-4502-a0b1-f0a99b2398d3'; insert into bfx_impl.declaration_medical_questions values ('ee9fbc12-274c-4502-a0b1-f0a99b2398d3', N'на момент заключения договора страхования ни один из моих ближайших родственников (отец, мать, дети, братья и сестры) никогда не диагностировали рак, предраковые состояния или сердечно-сосудистое заболевание в возрасте до 60 лет, а также семейный аденоматозный полипоз.');
--EHVP2
delete from bfx_impl.declaration_medical where id = '1e93b1d7-7e9a-48ca-97d7-00922c8af264'; insert into bfx_impl.declaration_medical values ('1e93b1d7-7e9a-48ca-97d7-00922c8af264', 'EHVP2', '1', 'c528341e-4bc5-4269-9059-011720c53b09', 'underwriting');
delete from bfx_impl.declaration_medical where id = '68198ce7-8547-40e4-a405-2857670904a5'; insert into bfx_impl.declaration_medical values ('68198ce7-8547-40e4-a405-2857670904a5', 'EHVP2', '2', '193bbe3f-5653-4287-9198-0a4616b921d6', 'underwriting');
delete from bfx_impl.declaration_medical where id = 'c125f499-8a1f-4d40-a867-28bfac5d7d24'; insert into bfx_impl.declaration_medical values ('c125f499-8a1f-4d40-a867-28bfac5d7d24', 'EHVP2', '3', '8ed201c2-2c12-4a7a-86cb-13203dcbdc71', 'underwriting');
delete from bfx_impl.declaration_medical where id = '3ca85eb8-70a6-4f99-a74b-2d3e727d3fa6'; insert into bfx_impl.declaration_medical values ('3ca85eb8-70a6-4f99-a74b-2d3e727d3fa6', 'EHVP2', '4', '65d66acf-aa04-44d0-821f-1bf73f13ef39', 'underwriting');
delete from bfx_impl.declaration_medical where id = 'a1d9981b-8c21-4b58-9436-4a267695a034'; insert into bfx_impl.declaration_medical values ('a1d9981b-8c21-4b58-9436-4a267695a034', 'EHVP2', '5', '9134f2a2-aa8f-472f-8983-22137a4ff21f', 'underwriting');
delete from bfx_impl.declaration_medical where id = 'b25bdd37-6d41-436b-b42b-5c114c9ce5c0'; insert into bfx_impl.declaration_medical values ('b25bdd37-6d41-436b-b42b-5c114c9ce5c0', 'EHVP2', '6', 'b74dd674-7baf-4306-8942-52d8cb1ff93b', 'underwriting');
delete from bfx_impl.declaration_medical where id = 'a70879cf-e2de-42b2-894a-80a0f16b8766'; insert into bfx_impl.declaration_medical values ('a70879cf-e2de-42b2-894a-80a0f16b8766', 'EHVP2', '7', 'ebc8a45f-2d82-48d0-a2d7-594912320aad', 'underwriting');
delete from bfx_impl.declaration_medical where id = '45f5329c-34c3-4c83-9114-999a4f4e723a'; insert into bfx_impl.declaration_medical values ('45f5329c-34c3-4c83-9114-999a4f4e723a', 'EHVP2', '8', '807884f5-ee92-400b-a927-668e848bf664', 'underwriting');
delete from bfx_impl.declaration_medical where id = 'c1a794cb-ca50-4324-becb-a0272f969021'; insert into bfx_impl.declaration_medical values ('c1a794cb-ca50-4324-becb-a0272f969021', 'EHVP2', '9', '91e36b1d-0769-4d9b-b8aa-677d98e7f748', 'underwriting');
delete from bfx_impl.declaration_medical where id = '31199dff-d9b5-4aa6-84ab-af502fec3694'; insert into bfx_impl.declaration_medical values ('31199dff-d9b5-4aa6-84ab-af502fec3694', 'EHVP2', '10', '0ed226cc-66ea-4d98-95d2-688c4b9b44d7', 'underwriting');
delete from bfx_impl.declaration_medical where id = '22d2c438-b93c-4e8b-9096-b0921be6429f'; insert into bfx_impl.declaration_medical values ('22d2c438-b93c-4e8b-9096-b0921be6429f', 'EHVP2', '11', '0479de1a-4fc7-4cb3-9f02-707b1054e3a7', 'underwriting');
delete from bfx_impl.declaration_medical where id = '75da0115-b3dc-48f6-8f9a-bae1c665326e'; insert into bfx_impl.declaration_medical values ('75da0115-b3dc-48f6-8f9a-bae1c665326e', 'EHVP2', '12', '3512390c-c34f-41a8-a3b3-7f86e25462b3', 'underwriting');
delete from bfx_impl.declaration_medical where id = 'b01e7c0c-5fca-422c-99d0-beab0b845ae3'; insert into bfx_impl.declaration_medical values ('b01e7c0c-5fca-422c-99d0-beab0b845ae3', 'EHVP2', '13', '8f04fa33-4bbd-4d6f-90f7-9c06605ea9a6', 'underwriting');
delete from bfx_impl.declaration_medical where id = 'bccce624-7ffd-4972-918c-c2a96f96776a'; insert into bfx_impl.declaration_medical values ('bccce624-7ffd-4972-918c-c2a96f96776a', 'EHVP2', '14', '3445d620-86ff-48aa-98ca-9ecb3f5cca90', 'underwriting');
delete from bfx_impl.declaration_medical where id = '3d198d3d-a79c-434f-a498-d3ba2656bc2d'; insert into bfx_impl.declaration_medical values ('3d198d3d-a79c-434f-a498-d3ba2656bc2d', 'EHVP2', '15', '7d4dbb71-7482-40ea-bf3d-a97c84cb072e', 'underwriting');
delete from bfx_impl.declaration_medical where id = '6e8b2474-13a0-496b-a8cc-d65ad1f997e8'; insert into bfx_impl.declaration_medical values ('6e8b2474-13a0-496b-a8cc-d65ad1f997e8', 'EHVP2', '16', '7c4617b3-c94a-4d47-b246-bee10c3be172', 'underwriting');
delete from bfx_impl.declaration_medical where id = '7369bf44-96ea-486c-b7ff-f033ddf9eb80'; insert into bfx_impl.declaration_medical values ('7369bf44-96ea-486c-b7ff-f033ddf9eb80', 'EHVP2', '17', 'd829e226-c7a9-4b33-8671-da3c0b1709a5', 'underwriting');
delete from bfx_impl.declaration_medical where id = '70818edf-82f8-4399-93e7-f747eb735ad4'; insert into bfx_impl.declaration_medical values ('70818edf-82f8-4399-93e7-f747eb735ad4', 'EHVP2', '18', '22f2a3d7-00d7-4016-ac8c-e4ba63fa5e50', 'underwriting');
delete from bfx_impl.declaration_medical where id = '6bd57b78-23eb-4c81-8e6d-fc5b34a34833'; insert into bfx_impl.declaration_medical values ('6bd57b78-23eb-4c81-8e6d-fc5b34a34833', 'EHVP2', '19', 'ee9fbc12-274c-4502-a0b1-f0a99b2398d3', 'underwriting');
--ERCP2
delete from bfx_impl.declaration_medical where id = '9fffb554-fb48-4453-a691-06dfe7573c12'; insert into bfx_impl.declaration_medical values ('9fffb554-fb48-4453-a691-06dfe7573c12', 'ERCP2', '1', '193bbe3f-5653-4287-9198-0a4616b921d6', 'underwriting');
delete from bfx_impl.declaration_medical where id = '285215ea-c156-4522-9f96-18549577ea4c'; insert into bfx_impl.declaration_medical values ('285215ea-c156-4522-9f96-18549577ea4c', 'ERCP2', '2', '8ed201c2-2c12-4a7a-86cb-13203dcbdc71', 'underwriting');
delete from bfx_impl.declaration_medical where id = 'bc1a1803-297d-4963-acb0-18f8e8462626'; insert into bfx_impl.declaration_medical values ('bc1a1803-297d-4963-acb0-18f8e8462626', 'ERCP2', '3', '65d66acf-aa04-44d0-821f-1bf73f13ef39', 'underwriting');
delete from bfx_impl.declaration_medical where id = '5ac8d5c6-4600-462c-9df2-2b4c0add7cd4'; insert into bfx_impl.declaration_medical values ('5ac8d5c6-4600-462c-9df2-2b4c0add7cd4', 'ERCP2', '4', '9134f2a2-aa8f-472f-8983-22137a4ff21f', 'underwriting');
delete from bfx_impl.declaration_medical where id = 'a3a579b2-e77d-424d-8315-2d4617b41de8'; insert into bfx_impl.declaration_medical values ('a3a579b2-e77d-424d-8315-2d4617b41de8', 'ERCP2', '5', '45cfb490-7064-47a6-94ad-5181eb159ba2', 'underwriting');
delete from bfx_impl.declaration_medical where id = 'eef9a130-c301-48a9-af1c-481026ab40d2'; insert into bfx_impl.declaration_medical values ('eef9a130-c301-48a9-af1c-481026ab40d2', 'ERCP2', '6', 'a97d1fa8-bd05-496f-a420-5859f0da3574', 'underwriting');
delete from bfx_impl.declaration_medical where id = '9aabcdfe-3fcd-40b1-bfca-5bb19fa63cf9'; insert into bfx_impl.declaration_medical values ('9aabcdfe-3fcd-40b1-bfca-5bb19fa63cf9', 'ERCP2', '7', 'ebc8a45f-2d82-48d0-a2d7-594912320aad', 'underwriting');
delete from bfx_impl.declaration_medical where id = '943906dc-bbd9-49e5-89f1-69abb5bcbc82'; insert into bfx_impl.declaration_medical values ('943906dc-bbd9-49e5-89f1-69abb5bcbc82', 'ERCP2', '8', '807884f5-ee92-400b-a927-668e848bf664', 'underwriting');
delete from bfx_impl.declaration_medical where id = '1c8ed125-5a2e-4b92-a0af-727abf0487ba'; insert into bfx_impl.declaration_medical values ('1c8ed125-5a2e-4b92-a0af-727abf0487ba', 'ERCP2', '9', '91e36b1d-0769-4d9b-b8aa-677d98e7f748', 'underwriting');
--ERC2
delete from bfx_impl.declaration_medical where id = '8a8e5211-0042-47f8-a0b5-29e8ba642831'; insert into bfx_impl.declaration_medical values ('8a8e5211-0042-47f8-a0b5-29e8ba642831', 'ERC2', '1', '193bbe3f-5653-4287-9198-0a4616b921d6', 'underwriting');
delete from bfx_impl.declaration_medical where id = '1da157c9-90d0-429a-a7eb-59a59b64b688'; insert into bfx_impl.declaration_medical values ('1da157c9-90d0-429a-a7eb-59a59b64b688', 'ERC2', '2', '8ed201c2-2c12-4a7a-86cb-13203dcbdc71', 'underwriting');
delete from bfx_impl.declaration_medical where id = '191e73c7-e49c-4628-9dd2-5fcc503fce4f'; insert into bfx_impl.declaration_medical values ('191e73c7-e49c-4628-9dd2-5fcc503fce4f', 'ERC2', '3', '65d66acf-aa04-44d0-821f-1bf73f13ef39', 'underwriting');
delete from bfx_impl.declaration_medical where id = '2ac1a499-674e-45f5-b75c-91e87d5729db'; insert into bfx_impl.declaration_medical values ('2ac1a499-674e-45f5-b75c-91e87d5729db', 'ERC2', '4', '9134f2a2-aa8f-472f-8983-22137a4ff21f', 'underwriting');
delete from bfx_impl.declaration_medical where id = '535c1a9d-b9fa-4d34-9e3b-98a48db87c8f'; insert into bfx_impl.declaration_medical values ('535c1a9d-b9fa-4d34-9e3b-98a48db87c8f', 'ERC2', '5', '45cfb490-7064-47a6-94ad-5181eb159ba2', 'underwriting');
delete from bfx_impl.declaration_medical where id = '83772201-6c54-4c34-8905-b0df6e7b30e2'; insert into bfx_impl.declaration_medical values ('83772201-6c54-4c34-8905-b0df6e7b30e2', 'ERC2', '6', 'a97d1fa8-bd05-496f-a420-5859f0da3574', 'underwriting');
delete from bfx_impl.declaration_medical where id = '8bf096b7-68b1-4632-bfaf-b12d765778cd'; insert into bfx_impl.declaration_medical values ('8bf096b7-68b1-4632-bfaf-b12d765778cd', 'ERC2', '7', 'ebc8a45f-2d82-48d0-a2d7-594912320aad', 'underwriting');
delete from bfx_impl.declaration_medical where id = 'cfca9470-c137-46c9-aa35-b383d649a00b'; insert into bfx_impl.declaration_medical values ('cfca9470-c137-46c9-aa35-b383d649a00b', 'ERC2', '8', '807884f5-ee92-400b-a927-668e848bf664', 'underwriting');
delete from bfx_impl.declaration_medical where id = 'a8059cc9-cd50-462b-a80d-b39903140562'; insert into bfx_impl.declaration_medical values ('a8059cc9-cd50-462b-a80d-b39903140562', 'ERC2', '9', '91e36b1d-0769-4d9b-b8aa-677d98e7f748', 'underwriting');
--bfx_impl.declaration_main_questions
delete from bfx_impl.declaration_main_questions where id = '3452d7ae-0260-4fcc-a2ff-0cea0ac2e5ed'; insert into bfx_impl.declaration_main_questions values ('3452d7ae-0260-4fcc-a2ff-0cea0ac2e5ed', N'В отношении Застрахованного нет договора страхования, заключенного с ООО СК «Росгосстрах Жизнь», предусматривающего страхование на случай диагностирования онкологического или критического заболевания с осуществлением выплаты в виде организации и оплаты медицинских и иных услуг, связанных с лечением данного заболевания.');
delete from bfx_impl.declaration_main_questions where id = 'b666c543-0490-47d0-a160-1ecfbbd1fbff'; insert into bfx_impl.declaration_main_questions values ('b666c543-0490-47d0-a160-1ecfbbd1fbff', N'Общая страховая сумма в отношении Застрахованного по всем договорам страхования ООО СК «Росгосстрах Жизнь» по продуктам накопительного, рискового и пенсионного страхования жизни, включая настоящий договор страхования, не превышает:
- 5 000 000 рублей в сумме по рискам «Смерть Застрахованного по любой причине», «Смерть Застрахованного по любой причине с отложенной страховой выплатой» и «Смерть Застрахованного по любой причине с освобождением от уплаты страховых взносов»;
- 5 000 000 рублей по риску «Смерть Застрахованного в результате несчастного случая»;
- 5 000 000 рублей по риску «Первичное диагностирование Застрахованному критического заболевания».
');
delete from bfx_impl.declaration_main_questions where id = 'e9995bfc-8032-4b34-aea9-23c1dab3d6af'; insert into bfx_impl.declaration_main_questions values ('e9995bfc-8032-4b34-aea9-23c1dab3d6af', N'Общая страховая сумма в отношении Застрахованного по всем договорам страхования ООО СК «Росгосстрах Жизнь» по продуктам накопительного, рискового и пенсионного страхования жизни, включая настоящий договор страхования, не превышает:
- 10 500 000 рублей в сумме по рискам «Смерть Застрахованного по любой причине», «Смерть Застрахованного по любой причине с отложенной страховой выплатой» и «Смерть Застрахованного по любой причине с освобождением от уплаты страховых взносов»;
- 10 500 000 рублей по риску «Смерть Застрахованного в результате несчастного случая»;
- 6 000 000 рублей по риску «Первичное диагностирование Застрахованному критического заболевания»;
- 1 200 000 рублей в сумме по рискам «Травма Застрахованного в результате несчастного случая» и «Тяжкие телесные повреждения Застрахованного в результате несчастного случая».
');
delete from bfx_impl.declaration_main_questions where id = 'd79715cb-eca9-4090-974d-321792ac41a4'; insert into bfx_impl.declaration_main_questions values ('d79715cb-eca9-4090-974d-321792ac41a4', N'Общая страховая сумма в отношении Застрахованного по всем договорам страхования ООО СК «Росгосстрах Жизнь» по продуктам накопительного, рискового и пенсионного страхования жизни, включая настоящий договор страхования, не превышает:
- 4 500 000 рублей в сумме по рискам «Смерть Застрахованного по любой причине», «Смерть Застрахованного по любой причине с отложенной страховой выплатой» и «Смерть Застрахованного по любой причине с освобождением от уплаты страховых взносов»;
- 4 500 000 рублей по риску «Смерть Застрахованного в результате несчастного случая».
');
delete from bfx_impl.declaration_main_questions where id = 'd9abd929-2515-4cd2-b1c9-473c10019275'; insert into bfx_impl.declaration_main_questions values ('d9abd929-2515-4cd2-b1c9-473c10019275', N'Страхователь подтверждает, что страхование осуществляется в целях обеспечения защиты его интересов, за счет средств Страхователя.');
delete from bfx_impl.declaration_main_questions where id = '41a0f825-a68b-4b71-9119-4bc40379d3af'; insert into bfx_impl.declaration_main_questions values ('41a0f825-a68b-4b71-9119-4bc40379d3af', N'Страхователь подтверждает отсутствие у него: действующей профессиональной дисквалификации, непогашенной судимости или административного взыскания в соответствии с законодательством Российской Федерации, просроченной задолженности в кредитных организациях.');
delete from bfx_impl.declaration_main_questions where id = '9e49fe22-7888-4df7-98f7-4e0db58bf3d7'; insert into bfx_impl.declaration_main_questions values ('9e49fe22-7888-4df7-98f7-4e0db58bf3d7', N'Страхователь не является иностранным публичным должностным лицом («иностранное публичное должностное лицо» означает любое назначаемое или избираемое лицо, занимающее какую-либо должность в законодательном, исполнительном, административном или судебном органе иностранного государства, и любое лицо, выполняющее какую-либо публичную функцию для иностранного государства, в том числе для публичного ведомства или публичного предприятия), должностным лицом публичных международных организаций («должностное лицо публичной международной организации» означает международного гражданского служащего или любое лицо, которое уполномочено такой организацией действовать от ее имени), российским публичным должностным лицом, лицом, замещающим (занимающим) государственные должности в Российской Федерации, должности членов Совета директоров Банка России, должности федеральной государственной службы, назначение на которые и освобождение от которых осуществляются Президентом Российской Федерации или Правительством Российской Федерации, должности в Банке России, государственных корпорациях и иных организациях, созданных Российской Федерацией на основании федеральных законов, включенные в перечни должностей, определяемые Президентом Российской Федерации, родственником кого-то из вышеперечисленных лиц (супругом, родителем, ребенком, дедушкой, бабушкой, внуком, полнородным и неполнородным (имеющим общих отца или мать) братом и сестрой, усыновителем и усыновленным) или представителем, действующим от его имени.');
delete from bfx_impl.declaration_main_questions where id = '3e9e311e-6929-4ce1-8227-5c367a99223a'; insert into bfx_impl.declaration_main_questions values ('3e9e311e-6929-4ce1-8227-5c367a99223a', N'Страхователь подтверждает, что не принадлежит (не зарегистрирован, не проживает и не находится) к государству (территории): с высокой террористической или экстремистской активностью; в отношении которого (которой) применяются специальные экономические меры в соответствии с Федеральным законом «О специальных экономических мерах»; которое (которая) не выполняет рекомендации Группы разработки финансовых мер борьбы с отмыванием денег (ФАТФ), либо с использованием счета в банке, зарегистрированном в указанном государстве (на указанной территории) – ИР Иран, КНДР (включая международные неправительственные организации), к государствам (территориям) с повышенным уровнем коррупции и/или другой преступной деятельности; предоставляющему (предоставляющей) льготный режим налогообложения и/или не предусматривающему (предусматривающей) раскрытия и предоставления информации при проведении финансовых операций (офшорной зоны); не имеет открытого банковского счета, зарегистрированного в указанном государстве или на указанной территории.');
delete from bfx_impl.declaration_main_questions where id = '0800c82f-1f7e-4197-b51e-5fe2ba5021d8'; insert into bfx_impl.declaration_main_questions values ('0800c82f-1f7e-4197-b51e-5fe2ba5021d8', N'Страхователь подтверждает, что иное физическое лицо не имеет возможности контролировать действия Страхователя.');
delete from bfx_impl.declaration_main_questions where id = 'c8b27a18-f84d-4bee-8727-6f5fa008c8e6'; insert into bfx_impl.declaration_main_questions values ('c8b27a18-f84d-4bee-8727-6f5fa008c8e6', N'Страхователь подтверждает, что он не является налоговым резидентом США и не обладает ни одним из признаков налогового резидента США (не имеет гражданства США (в том числе в случае наличия двух и более гражданств) и разрешения на постоянное пребывание в США (форма I-551 Green Card); не соответствует критерию «Долгосрочное пребывание» на территории США; местом рождения Страхователя не является территория США; не имеет адреса проживания и/или почтового адреса, номера контактного телефона и/или факса на территории США; не имеет открытых счетов в кредитных организациях на территории США). (Физическое лицо соответствует критерию «Долгосрочное пребывание», если оно находилось на территории США не менее 31 дня в течение текущего календарного года и не менее 183 дней в течение 3 лет, включая текущий год и два непосредственно предшествующих года. При этом сумма дней, в течение которых физическое лицо присутствовало на территории США в текущем году, а также двух предшествующих годах, умножается на установленный коэффициент: коэффициент для текущего года равен 1 (т. е. учитываются все дни, проведенные в США в текущем году); коэффициент предшествующего года равен 1/3; коэффициент позапрошлого года – 1/6.)');
delete from bfx_impl.declaration_main_questions where id = '4261ac53-3b49-4b06-a4a6-817ee782f568'; insert into bfx_impl.declaration_main_questions values ('4261ac53-3b49-4b06-a4a6-817ee782f568', N'Страхователь подтверждает, что на момент заключения настоящего договора страхования, не является налоговым резидентом страны, отличной от Российской Федерации и не обладает ни одним из признаков иностранного налогового резидентства (не имеет иностранного адреса места фактического проживания или почтового адреса в иностранном государстве; не имеет номера телефона в иностранном государстве при отсутствии номера телефона в Российской Федерации; не имеет постоянного поручения на перечисление средств (за исключением банковского вклада) на счет или адрес в иностранном государстве; не имеет доверенности или права подписи, предоставленных лицу, проживающему в иностранном государстве; не имеет адреса до востребования в иностранной юрисдикции.');
delete from bfx_impl.declaration_main_questions where id = 'dbe13374-ae69-43b6-82ec-8a185be876bb'; insert into bfx_impl.declaration_main_questions values ('dbe13374-ae69-43b6-82ec-8a185be876bb', N'Страхователь обязуется не реже одного раза в год и/или по мере изменения идентификационных данных, указанных в настоящем договоре страхования, направлять Страховщику обновленные персональные данные по форме, предложенной Страховщиком.
Непредставление соответствующей информации Страховщик вправе расценить как неизменность сведений о Страхователе, установленных при его идентификации, и обновить идентификационные сведения на основе данных, представленных Страхователем ранее.
');
delete from bfx_impl.declaration_main_questions where id = '8f4dfbaf-a4b8-40fb-8e3d-a8d9589c177b'; insert into bfx_impl.declaration_main_questions values ('8f4dfbaf-a4b8-40fb-8e3d-a8d9589c177b', N'Страхователь дает свое согласие Страховщику на использование адреса электронной почты, указанного в пункте I договора страхования, с целью подключения услуги «Личный кабинет», в рамках которой предоставляется информация о текущем состоянии договора страхования. Данное согласие действует до даты прекращения настоящего договора страхования и может быть отозвано путем подачи соответствующего письменного уведомления, подписанного в присутствии уполномоченного представителя Страховщика, или путем передачи Страховщику отзыва настоящего согласия, подпись Страхователя на котором удостоверена нотариально. Страхователь обязуется незамедлительно уведомлять Страховщика о случаях несанкционированного использования зарегистрированных за Страхователем адреса электронной почты и пароля, не передавать пароль третьим лицам или использовать адреса электронной почты и пароли третьих лиц. Страхователь подтверждает, что осознает полную ответственность за сохранность информации о подключении услуги «Личный кабинет» (включая информацию об адресе электронной почты и пароле) и за все действия, которые будут произведены в «Личном кабинете» с использованием указанного выше адреса электронной почты и пароля к нему. Страхователь понимает, что информация, предоставленная в рамках услуги «Личный кабинет», носит информационно-справочный характер (не является публичной офертой); Страховщик не несет ответственности в случае возможного искажения информации в результате технических сбоев, действия несанкционированных (вредоносных) программ (вирусов), а также не несет ответственности за ущерб, который может быть причинен имуществу Страхователя (иному лицу) в результате таких событий.');
delete from bfx_impl.declaration_main_questions where id = 'e1dbe243-b77b-44a2-b2ab-abe6a5dccfe9'; insert into bfx_impl.declaration_main_questions values ('e1dbe243-b77b-44a2-b2ab-abe6a5dccfe9', N'Застрахованный дает свое согласие на получение Обществом с ограниченной ответственностью Страховая компания «Росгосстрах Жизнь» (121059, г. Москва, вн.тер.г. муниципальный округ Дорогомилово, ул. Киевская, д. 7, к. 1) в целях исполнения договора страхования и перестрахования: медицинской информации от любого врача (медицинского учреждения), у которого он когда-либо консультировался и/или лечился, а также будет обращаться в последующем; на получение необходимой информации в правоохранительных, медицинских и других органах (учреждениях) для проверки предоставленной информации, а также для выяснения всех обстоятельств наступления страхового случая; на получение любой информации от страховых компаний, к которым Застрахованный обращался с заявлениями на страхование жизни. Данное согласие дано без ограничения срока действия.');
delete from bfx_impl.declaration_main_questions where id = 'adb32e5c-20ff-4e9c-9e2d-b069c78da45b'; insert into bfx_impl.declaration_main_questions values ('adb32e5c-20ff-4e9c-9e2d-b069c78da45b', N'На основании положений Федерального закона от 21.11.2011 № 323-ФЗ «Об основах охраны здоровья граждан Российской Федерации» Застрахованный разрешает медицинским и иным учреждениям предоставлять информацию о состоянии его здоровья, о фактах обращения за оказанием медицинской помощи, диагнозе, иные сведения, полученные при медицинском обследовании и лечении Застрахованного, составляющие врачебную тайну, в том числе предоставление соответствующих копий документов, по запросу Страховщика.');
delete from bfx_impl.declaration_main_questions where id = '6f8f9c27-2a34-4103-a079-d4fcc3a75e7b'; insert into bfx_impl.declaration_main_questions values ('6f8f9c27-2a34-4103-a079-d4fcc3a75e7b', N'Страхователь и Застрахованный в соответствии с Федеральным законом от 27.07.2006 № 152-ФЗ «О персональных данных» свободно, своей волей и в своем интересе дают свое согласие Обществу с ограниченной ответственностью Страховая компания «Росгосстрах Жизнь» (место нахождения: 121059, г. Москва, вн.тер.г. муниципальный округ Дорогомилово, ул. Киевская, д. 7, к. 1), Публичному акционерному обществу Страховая Компания «Росгосстрах» (место нахождения: 140002, Московская область, г. Люберцы, ул. Парковая, д. 3), перестраховщикам (Swiss Re Europe S.A. (место нахождения: 81925, Арабеллаштрассе 30, Мюнхен, Германия), General Reinsurance AG (место нахождения: 50668, Теодор-Хойсс-Ринг 11, Кёльн, Германия), Акционерное общество «Российская Национальная Перестраховочная Компания» (место нахождения: 125047, г. Москва, ул. Гашека, д. 6, Помещение XII)) и ассистанским компаниям (сервисным организациям) (Общество с ограниченной ответственностью «Квантум-Финанс» (место нахождения: 123022, г. Москва, ул. Трехгорный Вал, д. 12, стр.2, пом. 3н.), Общество с ограниченной ответственностью «Национальная Медслужба» (место нахождения: 115184, г. Москва, Озерковская набережная, д. 30, этаж 5, пом. 29), Madanes Advanced Healthcare Services Ltd. (место нахождения: 127051, г. Москва, Лихов переулок, д.3, стр.2), Общество с ограниченной ответственностью «ГЕНОТЕК» (место нахождения: 105120, г. Москва, Наставнический пер., д.17, стр. 1, пом. 1, этаж 2, ком. 9)) на обработку их персональных данных (включая сбор, запись, систематизацию, накопление, хранение, уточнение (обновление, изменение), извлечение, использование, передачу (предоставление, доступ), трансграничную передачу, в том числе в страны обеспечивающие и не обеспечивающие адекватную защиту прав субъектов персональных данных (ФРГ, США), обезличивание, блокирование, удаление, уничтожение) совершаемую с использованием средств автоматизации или без использования таких средств. Цель обработки персональных данных: заключение, сопровождение, исполнение, прекращение договора страхования и перестрахования, продвижение страховых услуг, проведение рекламных и маркетинговых акций, а также выполнение требований законодательства Российской Федерации. Перечень персональных данных, на обработку которых дается согласие (при условии их раскрытия субъектом персональных данных): фамилия, имя, отчество; гражданство; дата рождения; место рождения; пол; серия (при наличии) и номер документа, удостоверяющего личность субъекта персональных данных, дата выдачи документа, орган, выдавший документ; адрес постоянной регистрации; почтовый адрес; контактные номера телефонов (мобильного и/или домашнего); адреса электронной почты; информация о состоянии здоровья и диагнозах Застрахованного (в т. ч. составляющая врачебную тайну в соответствии со ст. 13, 19, 22 Федерального закона от 21.11.2011 № 323-ФЗ «Об основах охраны здоровья граждан в Российской Федерации»). Страховщик вправе поручить обработку персональных данных другому лицу, на основании заключаемого с этим лицом договора. Страховщик оставляет за собой право изменить перечень ассистанских компаний (сервисных организаций) / перестраховщиков, а также список стран, в которые может быть осуществлена трансграничная передача в связи с указанными изменениями. Актуальный перечень ассистанских компаний (сервисных организаций) / перестраховщиков / стран, в которые может быть осуществлена трансграничная передача, представлен на сайте Страховщика в разделе «Раскрытие информации» (www.rgsl.ru/info/). Согласие на обработку персональных данных начинает свое действие с момента подписания договора страхования и действует в течение всего срока действия договора страхования, а также в течение 5 (пяти) лет с даты его прекращения. Согласие может быть отозвано в любое время путем направления Страховщику письменного уведомления (путем направления заказного письма с уведомлением о вручении либо путем вручения лично под расписку уполномоченному представителю Страховщика).');
delete from bfx_impl.declaration_main_questions where id = '9b516d85-d39e-4ddc-a292-d55b1abc2c60'; insert into bfx_impl.declaration_main_questions values ('9b516d85-d39e-4ddc-a292-d55b1abc2c60', N'Страхователь и Застрахованный с Правилами, расположенными на официальном сайте Страховщика (www.rgsl.ru), ознакомлены и согласны.');
delete from bfx_impl.declaration_main_questions where id = '7782d3fd-b6ea-4eae-be04-e272fe189775'; insert into bfx_impl.declaration_main_questions values ('7782d3fd-b6ea-4eae-be04-e272fe189775', N'Страхователь и Застрахованный дают свое согласие Обществу с ограниченной ответственностью Страховая компания «Росгосстрах Жизнь» (121059, г. Москва, вн.тер.г. муниципальный округ Дорогомилово, ул. Киевская, д. 7, к. 1), Публичному акционерному обществу Страховая Компания «Росгосстрах» (140002, Московская область, г. Люберцы, ул. Парковая, д. 3) на обработку и использование указанного в настоящем договоре страхования номера мобильного телефона, адреса электронной почты с целью оповещения/информирования об услугах и страховых продуктах Общества с ограниченной ответственностью Страховая компания «Росгосстрах Жизнь» (121059, г. Москва, вн.тер.г. муниципальный округ Дорогомилово, ул. Киевская, д. 7, к. 1), Публичного акционерного общества Страховая Компания «Росгосстрах» (140002, Московская область, г. Люберцы, ул. Парковая, д. 3), сообщения информации в отношении настоящего договора страхования, заключенного со Страхователем, и/или информации по страховому случаю, а также для поздравления с официальными праздниками и маркетинговых исследований. Согласие на получение информации по каналам связи дано без ограничения срока действия и может быть отозвано в любой момент времени путем направления Страховщику письменного заявления.');
delete from bfx_impl.declaration_main_questions where id = '332144ac-fbb3-4f11-8ee2-ff9d9ff79b54'; insert into bfx_impl.declaration_main_questions values ('332144ac-fbb3-4f11-8ee2-ff9d9ff79b54', N'Страхователь и Застрахованный подтверждают, что сведения, указанные в настоящем договоре страхования и приложениях к нему, являются правдивыми и содержат полную информацию. Информация, указанная в настоящем договоре страхования и приложениях к нему, признается сторонами существенной для определения вероятности наступления страхового случая.');
--EHVP2
delete from bfx_impl.declaration_main where id = '0634afc7-45eb-445d-9c53-1b6e60396478'; insert into bfx_impl.declaration_main values ('0634afc7-45eb-445d-9c53-1b6e60396478', 'EHVP2', '1', '3452d7ae-0260-4fcc-a2ff-0cea0ac2e5ed', 'underwriting');
delete from bfx_impl.declaration_main where id = 'e5a63023-92d8-4c64-a59b-1c94863cfa1f'; insert into bfx_impl.declaration_main values ('e5a63023-92d8-4c64-a59b-1c94863cfa1f', 'EHVP2', '2', 'b666c543-0490-47d0-a160-1ecfbbd1fbff', 'underwriting');
delete from bfx_impl.declaration_main where id = 'd51356f4-9230-40f9-9884-59cf587609b6'; insert into bfx_impl.declaration_main values ('d51356f4-9230-40f9-9884-59cf587609b6', 'EHVP2', '3', 'd9abd929-2515-4cd2-b1c9-473c10019275', 'compliance');
delete from bfx_impl.declaration_main where id = 'c72a4117-8d22-4bd9-baad-71e9bd9f023a'; insert into bfx_impl.declaration_main values ('c72a4117-8d22-4bd9-baad-71e9bd9f023a', 'EHVP2', '4', '41a0f825-a68b-4b71-9119-4bc40379d3af', 'compliance');
delete from bfx_impl.declaration_main where id = 'b1867d46-c956-41c6-9a70-835cddd4d6af'; insert into bfx_impl.declaration_main values ('b1867d46-c956-41c6-9a70-835cddd4d6af', 'EHVP2', '5', '9e49fe22-7888-4df7-98f7-4e0db58bf3d7', 'compliance');
delete from bfx_impl.declaration_main where id = 'ca6d37f4-c6e5-4f92-96ef-8b2ea53a6259'; insert into bfx_impl.declaration_main values ('ca6d37f4-c6e5-4f92-96ef-8b2ea53a6259', 'EHVP2', '6', '3e9e311e-6929-4ce1-8227-5c367a99223a', 'compliance');
delete from bfx_impl.declaration_main where id = 'd2fe3b5a-8fa2-4c9e-ab10-928cd63fa2bb'; insert into bfx_impl.declaration_main values ('d2fe3b5a-8fa2-4c9e-ab10-928cd63fa2bb', 'EHVP2', '7', '0800c82f-1f7e-4197-b51e-5fe2ba5021d8', 'compliance');
delete from bfx_impl.declaration_main where id = '42463cea-30f4-4890-879c-af371843f091'; insert into bfx_impl.declaration_main values ('42463cea-30f4-4890-879c-af371843f091', 'EHVP2', '8', 'c8b27a18-f84d-4bee-8727-6f5fa008c8e6', 'compliance');
delete from bfx_impl.declaration_main where id = '1806a106-64b8-4083-8230-b6702e69d64b'; insert into bfx_impl.declaration_main values ('1806a106-64b8-4083-8230-b6702e69d64b', 'EHVP2', '9', '4261ac53-3b49-4b06-a4a6-817ee782f568', 'compliance');
delete from bfx_impl.declaration_main where id = 'fb462ea2-1f9d-48fd-96d3-cfba75c0ccc4'; insert into bfx_impl.declaration_main values ('fb462ea2-1f9d-48fd-96d3-cfba75c0ccc4', 'EHVP2', '10', 'dbe13374-ae69-43b6-82ec-8a185be876bb', 'compliance');
delete from bfx_impl.declaration_main where id = 'baaa4e1e-1445-4b7b-a669-d4fb97e4fa44'; insert into bfx_impl.declaration_main values ('baaa4e1e-1445-4b7b-a669-d4fb97e4fa44', 'EHVP2', '11', '8f4dfbaf-a4b8-40fb-8e3d-a8d9589c177b', 'legal');
delete from bfx_impl.declaration_main where id = '1746358a-5596-4da4-81b1-d7f4ff1e2283'; insert into bfx_impl.declaration_main values ('1746358a-5596-4da4-81b1-d7f4ff1e2283', 'EHVP2', '12', 'e1dbe243-b77b-44a2-b2ab-abe6a5dccfe9', 'block');
delete from bfx_impl.declaration_main where id = '5a6a91ef-7c7d-4666-979c-db532078e9de'; insert into bfx_impl.declaration_main values ('5a6a91ef-7c7d-4666-979c-db532078e9de', 'EHVP2', '13', 'adb32e5c-20ff-4e9c-9e2d-b069c78da45b', 'block');
delete from bfx_impl.declaration_main where id = 'f3d6d554-22c4-4948-b0e6-e284c70d7595'; insert into bfx_impl.declaration_main values ('f3d6d554-22c4-4948-b0e6-e284c70d7595', 'EHVP2', '14', '6f8f9c27-2a34-4103-a079-d4fcc3a75e7b', 'legal');
delete from bfx_impl.declaration_main where id = 'cc695281-00ba-4994-8d5e-eb53fe0a0f0e'; insert into bfx_impl.declaration_main values ('cc695281-00ba-4994-8d5e-eb53fe0a0f0e', 'EHVP2', '15', '9b516d85-d39e-4ddc-a292-d55b1abc2c60', 'block');
delete from bfx_impl.declaration_main where id = 'bce3d000-9b4a-4e4c-9d6b-f5b89d93df0b'; insert into bfx_impl.declaration_main values ('bce3d000-9b4a-4e4c-9d6b-f5b89d93df0b', 'EHVP2', '16', '7782d3fd-b6ea-4eae-be04-e272fe189775', 'legal');
delete from bfx_impl.declaration_main where id = '915cfb12-d1ac-4ae6-8971-fd8ac3493ea6'; insert into bfx_impl.declaration_main values ('915cfb12-d1ac-4ae6-8971-fd8ac3493ea6', 'EHVP2', '17', '332144ac-fbb3-4f11-8ee2-ff9d9ff79b54', 'block');
--ERCP2
delete from bfx_impl.declaration_main where id = '532cd19e-fc07-4529-94b3-20d7da2d282f'; insert into bfx_impl.declaration_main values ('532cd19e-fc07-4529-94b3-20d7da2d282f', 'ERCP2', '1', 'e9995bfc-8032-4b34-aea9-23c1dab3d6af', 'underwriting');
delete from bfx_impl.declaration_main where id = 'dded2e7c-6c35-4c68-b38e-2526ade35e5c'; insert into bfx_impl.declaration_main values ('dded2e7c-6c35-4c68-b38e-2526ade35e5c', 'ERCP2', '2', 'd9abd929-2515-4cd2-b1c9-473c10019275', 'compliance');
delete from bfx_impl.declaration_main where id = 'b809f296-42e6-4f69-847d-293f9db1ebf2'; insert into bfx_impl.declaration_main values ('b809f296-42e6-4f69-847d-293f9db1ebf2', 'ERCP2', '3', '41a0f825-a68b-4b71-9119-4bc40379d3af', 'compliance');
delete from bfx_impl.declaration_main where id = 'c158f825-d79b-4039-b728-2a2eba006537'; insert into bfx_impl.declaration_main values ('c158f825-d79b-4039-b728-2a2eba006537', 'ERCP2', '4', '9e49fe22-7888-4df7-98f7-4e0db58bf3d7', 'compliance');
delete from bfx_impl.declaration_main where id = '3574381e-7596-4ecd-a39e-405768344c1c'; insert into bfx_impl.declaration_main values ('3574381e-7596-4ecd-a39e-405768344c1c', 'ERCP2', '5', '3e9e311e-6929-4ce1-8227-5c367a99223a', 'compliance');
delete from bfx_impl.declaration_main where id = '92403710-55ee-4a2d-bb27-6ea483805e80'; insert into bfx_impl.declaration_main values ('92403710-55ee-4a2d-bb27-6ea483805e80', 'ERCP2', '6', '0800c82f-1f7e-4197-b51e-5fe2ba5021d8', 'compliance');
delete from bfx_impl.declaration_main where id = '1c436de1-efc0-485a-bd60-7cbbe7c5084c'; insert into bfx_impl.declaration_main values ('1c436de1-efc0-485a-bd60-7cbbe7c5084c', 'ERCP2', '7', 'c8b27a18-f84d-4bee-8727-6f5fa008c8e6', 'compliance');
delete from bfx_impl.declaration_main where id = '42f0fb4f-a02e-4d28-a9c8-9ac25c5d4557'; insert into bfx_impl.declaration_main values ('42f0fb4f-a02e-4d28-a9c8-9ac25c5d4557', 'ERCP2', '8', '4261ac53-3b49-4b06-a4a6-817ee782f568', 'compliance');
delete from bfx_impl.declaration_main where id = '6df8f904-6eec-463c-8110-a3b9fb682e2d'; insert into bfx_impl.declaration_main values ('6df8f904-6eec-463c-8110-a3b9fb682e2d', 'ERCP2', '9', 'dbe13374-ae69-43b6-82ec-8a185be876bb', 'compliance');
delete from bfx_impl.declaration_main where id = '9203346e-336f-4f61-a8cc-a4905b0fb3e1'; insert into bfx_impl.declaration_main values ('9203346e-336f-4f61-a8cc-a4905b0fb3e1', 'ERCP2', '10', '8f4dfbaf-a4b8-40fb-8e3d-a8d9589c177b', 'legal');
delete from bfx_impl.declaration_main where id = '36101aac-d8e0-4159-9755-a5c18c13f42f'; insert into bfx_impl.declaration_main values ('36101aac-d8e0-4159-9755-a5c18c13f42f', 'ERCP2', '11', 'e1dbe243-b77b-44a2-b2ab-abe6a5dccfe9', 'block');
delete from bfx_impl.declaration_main where id = 'ac04f730-e3d2-4415-9182-b690ef153fcb'; insert into bfx_impl.declaration_main values ('ac04f730-e3d2-4415-9182-b690ef153fcb', 'ERCP2', '12', 'adb32e5c-20ff-4e9c-9e2d-b069c78da45b', 'block');
delete from bfx_impl.declaration_main where id = '7a3a70a5-6ee1-4f29-9021-c695d6fd9565'; insert into bfx_impl.declaration_main values ('7a3a70a5-6ee1-4f29-9021-c695d6fd9565', 'ERCP2', '13', '6f8f9c27-2a34-4103-a079-d4fcc3a75e7b', 'legal');
delete from bfx_impl.declaration_main where id = '4371cd58-ae1c-454e-adaf-cf4f1db0d04a'; insert into bfx_impl.declaration_main values ('4371cd58-ae1c-454e-adaf-cf4f1db0d04a', 'ERCP2', '14', '9b516d85-d39e-4ddc-a292-d55b1abc2c60', 'block');
delete from bfx_impl.declaration_main where id = 'dfedc210-fa0c-47e2-82b5-d7faac066fba'; insert into bfx_impl.declaration_main values ('dfedc210-fa0c-47e2-82b5-d7faac066fba', 'ERCP2', '15', '7782d3fd-b6ea-4eae-be04-e272fe189775', 'legal');
delete from bfx_impl.declaration_main where id = 'd35de1b6-72df-4fc1-926a-eba71011e8a1'; insert into bfx_impl.declaration_main values ('d35de1b6-72df-4fc1-926a-eba71011e8a1', 'ERCP2', '16', '332144ac-fbb3-4f11-8ee2-ff9d9ff79b54', 'block');
--ERC2
delete from bfx_impl.declaration_main where id = '691763ba-daf9-4b61-abce-2e707616e589'; insert into bfx_impl.declaration_main values ('691763ba-daf9-4b61-abce-2e707616e589', 'ERC2', '1', 'd79715cb-eca9-4090-974d-321792ac41a4', 'underwriting');
delete from bfx_impl.declaration_main where id = '351de716-7bce-44e7-b9fd-37b0c1cae05a'; insert into bfx_impl.declaration_main values ('351de716-7bce-44e7-b9fd-37b0c1cae05a', 'ERC2', '2', 'd9abd929-2515-4cd2-b1c9-473c10019275', 'compliance');
delete from bfx_impl.declaration_main where id = 'f4c46e7b-543e-45e6-a869-4cb97862795c'; insert into bfx_impl.declaration_main values ('f4c46e7b-543e-45e6-a869-4cb97862795c', 'ERC2', '3', '41a0f825-a68b-4b71-9119-4bc40379d3af', 'compliance');
delete from bfx_impl.declaration_main where id = '06f18fdd-a82f-4ae5-831a-652790d7f241'; insert into bfx_impl.declaration_main values ('06f18fdd-a82f-4ae5-831a-652790d7f241', 'ERC2', '4', '9e49fe22-7888-4df7-98f7-4e0db58bf3d7', 'compliance');
delete from bfx_impl.declaration_main where id = 'c692f3d2-5b6d-43a7-af24-8ac9864a058c'; insert into bfx_impl.declaration_main values ('c692f3d2-5b6d-43a7-af24-8ac9864a058c', 'ERC2', '5', '3e9e311e-6929-4ce1-8227-5c367a99223a', 'compliance');
delete from bfx_impl.declaration_main where id = 'c2188cfb-128d-445c-ade3-9fbce22af263'; insert into bfx_impl.declaration_main values ('c2188cfb-128d-445c-ade3-9fbce22af263', 'ERC2', '6', '0800c82f-1f7e-4197-b51e-5fe2ba5021d8', 'compliance');
delete from bfx_impl.declaration_main where id = '556d5b92-9aea-4374-8820-a006a1df5184'; insert into bfx_impl.declaration_main values ('556d5b92-9aea-4374-8820-a006a1df5184', 'ERC2', '7', 'c8b27a18-f84d-4bee-8727-6f5fa008c8e6', 'compliance');
delete from bfx_impl.declaration_main where id = '7c9f58a4-cd46-4cc9-81dc-a0476f63e46d'; insert into bfx_impl.declaration_main values ('7c9f58a4-cd46-4cc9-81dc-a0476f63e46d', 'ERC2', '8', '4261ac53-3b49-4b06-a4a6-817ee782f568', 'compliance');
delete from bfx_impl.declaration_main where id = 'b3a009f4-9414-4fb3-bb0d-a4bf52b2718d'; insert into bfx_impl.declaration_main values ('b3a009f4-9414-4fb3-bb0d-a4bf52b2718d', 'ERC2', '9', 'dbe13374-ae69-43b6-82ec-8a185be876bb', 'compliance');
delete from bfx_impl.declaration_main where id = 'a7726425-c359-442e-bc9d-b267acf6fdeb'; insert into bfx_impl.declaration_main values ('a7726425-c359-442e-bc9d-b267acf6fdeb', 'ERC2', '10', '8f4dfbaf-a4b8-40fb-8e3d-a8d9589c177b', 'legal');
delete from bfx_impl.declaration_main where id = '91450128-7a1d-4bba-83f5-bdb4664ce6d3'; insert into bfx_impl.declaration_main values ('91450128-7a1d-4bba-83f5-bdb4664ce6d3', 'ERC2', '11', 'e1dbe243-b77b-44a2-b2ab-abe6a5dccfe9', 'block');
delete from bfx_impl.declaration_main where id = '1cf00e25-7a1c-4571-89f2-bdf865d6e9ba'; insert into bfx_impl.declaration_main values ('1cf00e25-7a1c-4571-89f2-bdf865d6e9ba', 'ERC2', '12', 'adb32e5c-20ff-4e9c-9e2d-b069c78da45b', 'block');
delete from bfx_impl.declaration_main where id = 'ab7ddf46-abd2-49e4-9870-bee5fd893c7a'; insert into bfx_impl.declaration_main values ('ab7ddf46-abd2-49e4-9870-bee5fd893c7a', 'ERC2', '13', '6f8f9c27-2a34-4103-a079-d4fcc3a75e7b', 'legal');
delete from bfx_impl.declaration_main where id = '8a824a6b-bc1b-479d-b332-c34d88ab2d90'; insert into bfx_impl.declaration_main values ('8a824a6b-bc1b-479d-b332-c34d88ab2d90', 'ERC2', '14', '9b516d85-d39e-4ddc-a292-d55b1abc2c60', 'block');
delete from bfx_impl.declaration_main where id = '753a1c81-4003-45b6-9d62-e9970327d6c8'; insert into bfx_impl.declaration_main values ('753a1c81-4003-45b6-9d62-e9970327d6c8', 'ERC2', '15', '7782d3fd-b6ea-4eae-be04-e272fe189775', 'legal');
delete from bfx_impl.declaration_main where id = '05937cae-9b8c-47d4-aadf-f08a96a2b79d'; insert into bfx_impl.declaration_main values ('05937cae-9b8c-47d4-aadf-f08a96a2b79d', 'ERC2', '16', '332144ac-fbb3-4f11-8ee2-ff9d9ff79b54', 'block');