DELETE FROM [BFX_IMPL].[PRODUCTS] where code ='IDGVN4VTB';
INSERT INTO [BFX_IMPL].[PRODUCTS] SELECT '3F47989E-2A90-4419-9573-85714F653CFC', 'IDGVN4VTB', N'investment', N'Драйвер Гарантия Ультра (4 года)', N'ИСЖ', N'VIPVTBNT', NULL
DELETE FROM [BFX_IMPL].[RISK_PRODUCT_RELATION] WHERE PRODUCT_CODE ='IDGVN4VTB';
INSERT INTO [BFX_IMPL].[RISK_PRODUCT_RELATION]
(ID, RISK_CODE, PRODUCT_CODE, IS_REPLACEABLE, PARENT_RISK, CONDITIONS_FUNCTION, RELATION_TYPE_CODE, RISK_ORDER, RISK_PROGRAM, RISK_PERSON) 
VALUES 
('71697C24-C6A1-4291-92F4-6DE011176272','E36404','IDGVN4VTB',0,NULL, NULL, '01',1,'main','insuredPerson')
,('F6853907-62AD-4916-A9A0-29B9BD3B30E3','DLPT36404','IDGVN4VTB',0,NULL, NULL, '01',2,'main','insuredPerson')
,('D9259F15-12AF-4392-9F42-317E06F2E066','DNS36404','IDGVN4VTB',0,NULL, NULL, '01',3,'main','insuredPerson')

DELETE FROM BFX_IMPL.DECLARATION_MEDICAL_QUESTIONS WHERE ID IN (SELECT [ITEM_TEXT_ID] FROM [BFX_IMPL].[DECLARATION_MEDICAL]   WHERE    [PRODUCT_CODE] ='IDGVN4VTBO')
DELETE FROM BFX_IMPL.DECLARATION_MEDICAL_QUESTIONS WHERE ID IN (SELECT [ITEM_TEXT_ID] FROM [BFX_IMPL].[DECLARATION_MEDICAL]   WHERE    [PRODUCT_CODE] ='IDGVN4VTBY')
DELETE FROM BFX_IMPL.DECLARATION_MEDICAL_QUESTIONS WHERE ID='16C76E86-8122-4F1A-BCFF-45009D2E808B'
DELETE FROM BFX_IMPL.DECLARATION_MEDICAL_QUESTIONS WHERE ID='1EC6E58B-A1C1-4BC7-B0E0-9A862590A379'
DELETE FROM BFX_IMPL.DECLARATION_MEDICAL_QUESTIONS WHERE ID='268754B2-7F8A-4FF8-A165-C7E3E517D444'
DELETE FROM BFX_IMPL.DECLARATION_MEDICAL_QUESTIONS WHERE ID='3D8C52E0-969C-4981-858F-1BFF24AED571'
DELETE FROM BFX_IMPL.DECLARATION_MEDICAL_QUESTIONS WHERE ID='4F1588C5-8ED6-45BA-BBD9-27BD6A58A517'
DELETE FROM BFX_IMPL.DECLARATION_MEDICAL_QUESTIONS WHERE ID='54BCBBA5-8B02-4886-BC23-0E214EEC177D'
DELETE FROM BFX_IMPL.DECLARATION_MEDICAL_QUESTIONS WHERE ID='5DBE436E-620E-4B06-B77C-2961C719E0D5'
DELETE FROM BFX_IMPL.DECLARATION_MEDICAL_QUESTIONS WHERE ID='778DCA57-A3C2-420D-8081-FCDDA6721DBA'
DELETE FROM BFX_IMPL.DECLARATION_MEDICAL_QUESTIONS WHERE ID='98ED83D6-5AB6-4D9B-B134-7D471B02F5A1'
DELETE FROM BFX_IMPL.DECLARATION_MEDICAL_QUESTIONS WHERE ID='F19E612E-1A19-4538-9E9A-1A1F239EA253'
DELETE FROM BFX_IMPL.DECLARATION_MEDICAL WHERE [PRODUCT_CODE]='IDGVN4VTBO'
DELETE FROM BFX_IMPL.DECLARATION_MEDICAL WHERE [PRODUCT_CODE]='IDGVN4VTBY'
INSERT INTO BFX_IMPL.DECLARATION_MEDICAL VALUES ('40EBCB25-7FA7-4620-A791-A6C5494C1163','IDGVN4VTBO',4,'5DBE436E-620E-4B06-B77C-2961C719E0D5','underwriting','1900-01-01','2099-12-31',0)
INSERT INTO BFX_IMPL.DECLARATION_MEDICAL VALUES ('41B25432-E0D7-4B99-8069-95B62EA97617','IDGVN4VTBO',1,'1EC6E58B-A1C1-4BC7-B0E0-9A862590A379','underwriting','1900-01-01','2099-12-31',0)
INSERT INTO BFX_IMPL.DECLARATION_MEDICAL VALUES ('54DD52FF-9368-4BCB-955A-9FAAA4108758','IDGVN4VTBO',3,'F19E612E-1A19-4538-9E9A-1A1F239EA253','underwriting','1900-01-01','2099-12-31',0)
INSERT INTO BFX_IMPL.DECLARATION_MEDICAL VALUES ('5654A4B2-FA30-44E3-BFE4-785F8923EFE2','IDGVN4VTBO',5,'3D8C52E0-969C-4981-858F-1BFF24AED571','underwriting','1900-01-01','2099-12-31',0)
INSERT INTO BFX_IMPL.DECLARATION_MEDICAL VALUES ('A084434C-CE9B-49A0-940F-88442EBA1B0A','IDGVN4VTBY',5,'778DCA57-A3C2-420D-8081-FCDDA6721DBA','underwriting','1900-01-01','2099-12-31',0)
INSERT INTO BFX_IMPL.DECLARATION_MEDICAL VALUES ('ABC32B90-30E1-4E0E-AE2E-5EC3DB5A3124','IDGVN4VTBY',3,'98ED83D6-5AB6-4D9B-B134-7D471B02F5A1','underwriting','1900-01-01','2099-12-31',0)
INSERT INTO BFX_IMPL.DECLARATION_MEDICAL VALUES ('AD903C52-08F8-4C46-BB18-C71EC63ED0ED','IDGVN4VTBY',1,'16C76E86-8122-4F1A-BCFF-45009D2E808B','underwriting','1900-01-01','2099-12-31',0)
INSERT INTO BFX_IMPL.DECLARATION_MEDICAL VALUES ('B46B20FF-D60E-4D05-BE03-76813103E0FA','IDGVN4VTBY',2,'4F1588C5-8ED6-45BA-BBD9-27BD6A58A517','underwriting','1900-01-01','2099-12-31',0)
INSERT INTO BFX_IMPL.DECLARATION_MEDICAL VALUES ('EF02E308-065B-4D5C-B562-48636F983F26','IDGVN4VTBO',2,'54BCBBA5-8B02-4886-BC23-0E214EEC177D','underwriting','1900-01-01','2099-12-31',0)
INSERT INTO BFX_IMPL.DECLARATION_MEDICAL VALUES ('FB86BC34-0A68-485F-941E-92FB1C719DFE','IDGVN4VTBY',4,'268754B2-7F8A-4FF8-A165-C7E3E517D444','underwriting','1900-01-01','2099-12-31',0)
INSERT INTO [BFX_IMPL].[DECLARATION_MEDICAL_QUESTIONS] VALUES('16C76E86-8122-4F1A-BCFF-45009D2E808B',N'Не являюсь и не являлся (не являлась) инвалидом I группы и не подавал(а) документы на освидетельствование для получения группы инвалидности, не имел(а), не проходил(а) лечения и не страдаю в настоящее время от онкологических заболеваний, болезней сердечно-сосудистой системы (инфаркт миокарда, инсульт, стенокардия, порок сердца, тромбоз, сердечно-сосудистая недостаточность), каких-либо заболеваний головного мозга, гепатита B и C, цирроза печени, сахарного диабета I типа; неврологических или психических расстройств (эпилепсия, паралич, алкоголизм, наркомания), СПИД или ВИЧ-инфекции.')
INSERT INTO [BFX_IMPL].[DECLARATION_MEDICAL_QUESTIONS] VALUES('1EC6E58B-A1C1-4BC7-B0E0-9A862590A379',N'Не являюсь и не являлся (не являлась) инвалидом I группы и не подавал(а) документы на освидетельствование для получения группы инвалидности, не имел(а), не проходил(а) лечения и не страдаю в настоящее время от онкологических заболеваний, болезней сердечно-сосудистой системы (инфаркт миокарда, инсульт, стенокардия, порок сердца, тромбоз, сердечно-сосудистая недостаточность), каких-либо заболеваний головного мозга, гепатита B и C, цирроза печени, сахарного диабета I типа; неврологических или психических расстройств (эпилепсия, паралич, алкоголизм, наркомания), СПИД или ВИЧ-инфекции.')
INSERT INTO [BFX_IMPL].[DECLARATION_MEDICAL_QUESTIONS] VALUES('268754B2-7F8A-4FF8-A165-C7E3E517D444',N'Не намереваюсь путешествовать на территории, на которой объявлено чрезвычайное положение или проводятся боевые действия.')
INSERT INTO [BFX_IMPL].[DECLARATION_MEDICAL_QUESTIONS] VALUES('3D8C52E0-969C-4981-858F-1BFF24AED571',N'Не нахожусь под следствием и не являюсь осужденным к лишению свободы.')
INSERT INTO [BFX_IMPL].[DECLARATION_MEDICAL_QUESTIONS] VALUES('4F1588C5-8ED6-45BA-BBD9-27BD6A58A517',N'Не употребляю и не употреблял(а) ранее наркотики, токсические вещества, не страдаю алкоголизмом, не состою и не состоял (не состояла) ранее на учете в наркологическом, психоневрологическом диспансере, центрах профилактики борьбы со СПИДом.')
INSERT INTO [BFX_IMPL].[DECLARATION_MEDICAL_QUESTIONS] VALUES('54BCBBA5-8B02-4886-BC23-0E214EEC177D',N'Не употребляю и не употреблял(а) ранее наркотики, токсические вещества, не страдаю алкоголизмом, не состою и не состоял (не состояла) ранее на учете в наркологическом, психоневрологическом диспансере, центрах профилактики борьбы со СПИДом.')
INSERT INTO [BFX_IMPL].[DECLARATION_MEDICAL_QUESTIONS] VALUES('5DBE436E-620E-4B06-B77C-2961C719E0D5',N'Не намереваюсь путешествовать на территории, на которой объявлено чрезвычайное положение или проводятся боевые действия.')
INSERT INTO [BFX_IMPL].[DECLARATION_MEDICAL_QUESTIONS] VALUES('778DCA57-A3C2-420D-8081-FCDDA6721DBA',N'Не нахожусь под следствием и не являюсь осужденным к лишению свободы.')
INSERT INTO [BFX_IMPL].[DECLARATION_MEDICAL_QUESTIONS] VALUES('98ED83D6-5AB6-4D9B-B134-7D471B02F5A1',N'Не прохожу службу в вооруженных силах, не работаю с оружием, не занят(а) в работах со взрывчатыми веществами, подземных, подводных или высотных работах, не являюсь пожарным, альпинистом, профессиональным спортсменом, работником нефтяной промышленности, непосредственно задействованным в добыче, транспортировке и переработке нефти и/или природного газа, не занят (не занята) профессионально или непрофессионально авиацией (за исключением пилотов пассажирских авиалиний).')
INSERT INTO [BFX_IMPL].[DECLARATION_MEDICAL_QUESTIONS] VALUES('F19E612E-1A19-4538-9E9A-1A1F239EA253',N'Не прохожу службу в вооруженных силах, не работаю с оружием, не занят(а) в работах со взрывчатыми веществами, подземных, подводных или высотных работах, не являюсь пожарным, альпинистом, профессиональным спортсменом, работником нефтяной промышленности, непосредственно задействованным в добыче, транспортировке и переработке нефти и/или природного газа, не занят (не занята) профессионально или непрофессионально авиацией (за исключением пилотов пассажирских авиалиний).')

DELETE FROM BFX_IMPL.DECLARATION_MAIN_QUESTIONS WHERE ID='8FAEB37E-73F6-41C0-BB70-2B9197A39702'
DELETE FROM BFX_IMPL.DECLARATION_MAIN_QUESTIONS WHERE ID='C62628E3-D7D6-4C55-AB9E-AC1E9B813442'
DELETE FROM BFX_IMPL.DECLARATION_MAIN_QUESTIONS WHERE ID='C66E44FF-21FB-41DD-8316-3D128F18C741'
DELETE FROM BFX_IMPL.DECLARATION_MAIN_QUESTIONS WHERE ID='CA83F051-2237-4714-82F5-7F1987691FDE'
DELETE FROM BFX_IMPL.DECLARATION_MAIN_QUESTIONS WHERE ID='D4C6E62F-4B68-4BC1-8991-D30B71379EF8'
DELETE FROM BFX_IMPL.DECLARATION_MAIN_QUESTIONS WHERE ID='E7FE10CE-A134-4EDD-A544-2788B162E40E'
DELETE FROM BFX_IMPL.DECLARATION_MAIN WHERE [PRODUCT_CODE]='IDGVN4VTB'
INSERT INTO BFX_IMPL.DECLARATION_MAIN VALUES ('0C74EB2D-83A4-4D8F-A463-047C66B3E623','IDGVN4VTB',4,'2ED54D9F-8E4C-4941-A44E-B05ECB39403E','compliance','1900-01-01','2099-12-31')
INSERT INTO BFX_IMPL.DECLARATION_MAIN VALUES ('0E727600-D242-4E62-9F29-8C1A8C837967','IDGVN4VTB',6,'7DC858B4-8388-4EF3-B884-F511382AB4D8','compliance','1900-01-01','2099-12-31')
INSERT INTO BFX_IMPL.DECLARATION_MAIN VALUES ('10C0BA58-B32A-4A9A-A538-164D5269EFDC','IDGVN4VTB',1,'C66E44FF-21FB-41DD-8316-3D128F18C741','underwriting','2024-07-15','2099-12-31')
INSERT INTO BFX_IMPL.DECLARATION_MAIN VALUES ('254DBFDD-B56B-4095-B9B1-BF309F7A2133','IDGVN4VTB',3,'D4C6E62F-4B68-4BC1-8991-D30B71379EF8','compliance','1900-01-01','2099-12-31')
INSERT INTO BFX_IMPL.DECLARATION_MAIN VALUES ('422C4ED4-4F7A-4D6A-97CA-326DA638DE3F','IDGVN4VTB',10,'C62628E3-D7D6-4C55-AB9E-AC1E9B813442','compliance','1900-01-01','2099-12-31')
INSERT INTO BFX_IMPL.DECLARATION_MAIN VALUES ('6BECE93E-F5B6-4B94-9C4C-B0E4F5745044','IDGVN4VTB',19,'8FAEB37E-73F6-41C0-BB70-2B9197A39702','block','1900-01-01','2099-12-31')
INSERT INTO BFX_IMPL.DECLARATION_MAIN VALUES ('7BF597CF-AFBB-4A3B-9730-C18A45F50621','IDGVN4VTB',9,'CA83F051-2237-4714-82F5-7F1987691FDE','compliance','1900-01-01','2099-12-31')
INSERT INTO BFX_IMPL.DECLARATION_MAIN VALUES ('E03BF15B-3679-4F3D-A267-D5202E9D9F08','IDGVN4VTB',2,'4053F25A-42F6-4232-80A2-FF5DDE0F75BC','underwriting','2024-07-15','2099-12-31')
INSERT INTO BFX_IMPL.DECLARATION_MAIN VALUES ('E2FA628D-DC0F-45D5-8479-808770C5BF9A','IDGVN4VTB',7,'E7FE10CE-A134-4EDD-A544-2788B162E40E','compliance','1900-01-01','2099-12-31')
INSERT INTO BFX_IMPL.DECLARATION_MAIN VALUES ('E736C1BF-A20D-4582-A2FE-7CC30BD767C0','IDGVN4VTB',8,'25138B02-3753-4124-868D-3F126412913E','compliance','1900-01-01','2099-12-31')
INSERT INTO BFX_IMPL.DECLARATION_MAIN VALUES ('F80F69F3-B219-4701-9CF6-AD664C604A8D','IDGVN4VTB',5,'4F380403-4389-4598-9547-EDA102FD66FC','compliance','1900-01-01','2099-12-31')
INSERT INTO [BFX_IMPL].[DECLARATION_MAIN_QUESTIONS] VALUES('25138B02-3753-4124-868D-3F126412913E',N'Страхователь подтверждает, что он не является налоговым резидентом США и не обладает ни одним из признаков налогового резидента США (не имеет гражданства США (в том числе в случае наличия двух и более гражданств) и разрешения на постоянное пребывание в США (форма I-551 Green Card); не соответствует критерию «Долгосрочное пребывание» на территории США; местом рождения Страхователя не является территория США; не имеет адреса проживания и/или почтового адреса, номера контактного телефона и/или факса на территории США; не имеет открытых счетов в кредитных организациях на территории США). (Физическое лицо соответствует критерию «Долгосрочное пребывание», если оно находилось на территории США не менее 31 дня в течение текущего календарного года и не менее 183 дней в течение 3 лет, включая текущий год и два непосредственно предшествующих года. При этом сумма дней, в течение которых физическое лицо присутствовало на территории США в текущем году, а также двух предшествующих годах, умножается на установленный коэффициент: коэффициент для текущего года равен 1 (т. е. учитываются все дни, проведенные в США в текущем году); коэффициент предшествующего года равен 1/3; коэффициент позапрошлого года – 1/6.).')
INSERT INTO [BFX_IMPL].[DECLARATION_MAIN_QUESTIONS] VALUES('2ED54D9F-8E4C-4941-A44E-B05ECB39403E',N'Страхователь подтверждает отсутствие у него: действующей профессиональной дисквалификации, непогашенной судимости или административного взыскания в соответствии с законодательством Российской Федерации, просроченной задолженности в кредитных организациях.')
INSERT INTO [BFX_IMPL].[DECLARATION_MAIN_QUESTIONS] VALUES('4053F25A-42F6-4232-80A2-FF5DDE0F75BC',N'Общая страховая сумма в отношении Застрахованного по риску «Смерть Застрахованного в результате несчастного случая» по всем договорам страхования ООО СК «Росгосстрах Жизнь» по продуктам инвестиционного страхования жизни и продуктам, договоры страхования по которым заключаются на основании Правил добровольного инвестиционного страхования жизни физических лиц №1 (в редакции от любого числа) и/или Правил страхования жизни (в редакции от любого числа), включая настоящий договор страхования не превышает 20 000 000 рублей / 300 000 долларов США / 300 000 евро для Застрахованных в возрасте от 18 до 65 полных лет (включительно) на дату заключения договора страхования (15 000 000 рублей / 250 000 долларов США / 225 000 евро для Застрахованных в возрасте от 66 до 70 полных лет (включительно) на дату заключения договора страхования; 10 000 000 рублей / 150 000 долларов США / 150 000 евро для Застрахованных в возрасте от 71 года до 75 полных лет (включительно) на дату заключения договора страхования); 5 000 000 рублей / 75 000 долларов США / 75 000 евро для Застрахованных в возрасте от 76 до 80 полных лет (включительно) на дату заключения договора страхования; 5 000 000 рублей / 75 000 долларов США / 75 000 евро для Застрахованных в возрасте от 81 до 85 полных лет (включительно) на дату заключения договора страхования).')
INSERT INTO [BFX_IMPL].[DECLARATION_MAIN_QUESTIONS] VALUES('4F380403-4389-4598-9547-EDA102FD66FC',N'Страхователь не является иностранным публичным должностным лицом («иностранное публичное должностное лицо» означает любое назначаемое или избираемое лицо, занимающее какую-либо должность в законодательном, исполнительном, административном или судебном органе иностранного государства, и любое лицо, выполняющее какую-либо публичную функцию для иностранного государства, в том числе для публичного ведомства или публичного предприятия), должностным лицом публичных международных организаций («должностное лицо публичной международной организации» означает международного гражданского служащего или любое лицо, которое уполномочено такой организацией действовать от ее имени), российским публичным должностным лицом, лицом, замещающим (занимающим) государственные должности в Российской Федерации, должности членов Совета директоров Банка России, должности федеральной государственной службы, назначение на которые и освобождение от которых осуществляются Президентом Российской Федерации или Правительством Российской Федерации, должности в Банке России, государственных корпорациях и иных организациях, созданных Российской Федерацией на основании федеральных законов, включенные в перечни должностей, определяемые Президентом Российской Федерации, родственником кого-то из вышеперечисленных лиц (супругом, родителем, ребенком, дедушкой, бабушкой, внуком, полнородным и неполнородным (имеющим общих отца или мать) братом и сестрой, усыновителем и усыновленным) или представителем, действующим от его имени.')
INSERT INTO [BFX_IMPL].[DECLARATION_MAIN_QUESTIONS] VALUES('7DC858B4-8388-4EF3-B884-F511382AB4D8',N'Страхователь подтверждает, что не принадлежит (не зарегистрирован, не проживает и не находится) к государству (территории): с высокой террористической или экстремистской активностью; в отношении которого (которой) применяются специальные экономические меры в соответствии с Федеральным законом «О специальных экономических мерах»; которое (которая) не выполняет рекомендации Группы разработки финансовых мер борьбы с отмыванием денег (ФАТФ), либо с использованием счета в банке, зарегистрированном в указанном государстве (на указанной территории) – ИР Иран, КНДР (включая международные неправительственные организации), к государствам (территориям) с повышенным уровнем коррупции и/или другой преступной деятельности; предоставляющему (предоставляющей) льготный режим налогообложения и/или не предусматривающему (предусматривающей) раскрытия и предоставления информации при проведении финансовых операций (офшорной зоны); не имеет открытого банковского счета, зарегистрированного в указанном государстве или на указанной территории.')
INSERT INTO [BFX_IMPL].[DECLARATION_MAIN_QUESTIONS] VALUES('8FAEB37E-73F6-41C0-BB70-2B9197A39702',N'Страхователь дает свое согласие на получение рекламы, рекламной информации (в том числе в форме рекламной рассылки) Общества с ограниченной ответственностью Страховая компания «Росгосстрах Жизнь» (121059, г. Москва, вн.тер.г. муниципальный округ Дорогомилово, ул. Киевская, д. 7, к. 1) по сетям электросвязи, в том числе посредством телефонной, подвижной радиотелефонной связи, по электронной почте, с использованием номера мобильного телефона (для направления СМС-сообщений, Push-сообщений, сообщений в мессенджерах и иных приложениях, передающих и принимающих информацию с использованием сетей электросвязи, звонков по телефону) и адреса электронной почты (для направления сообщений по электронной почте). Согласие на получение рекламы, рекламной информации (в том числе в форме рекламной рассылки) по сетям электросвязи дано без ограничения срока действия и может быть отозвано в любой момент времени путем направления Страховщику письменного заявления.')
INSERT INTO [BFX_IMPL].[DECLARATION_MAIN_QUESTIONS] VALUES('C62628E3-D7D6-4C55-AB9E-AC1E9B813442',N'Страхователь обязуется не реже одного раза в год и/или по мере изменения идентификационных данных, указанных в настоящем договоре страхования, направлять Страховщику обновленные персональные данные по форме, предложенной Страховщиком. Непредставление соответствующей информации Страховщик вправе расценить как неизменность сведений о Страхователе, установленных при его идентификации, и обновить идентификационные сведения на основе данных, представленных Страхователем ранее в сроки, установленные Федеральным законом от 07.08.2001 N 115-ФЗ «О противодействии легализации (отмыванию) доходов, полученных преступным путем, и финансированию терроризма».')
INSERT INTO [BFX_IMPL].[DECLARATION_MAIN_QUESTIONS] VALUES('C66E44FF-21FB-41DD-8316-3D128F18C741',N'Общая страховая сумма в отношении Застрахованного в сумме по рискам «Смерть Застрахованного по любой причине» и «Смерть Застрахованного по любой причине с отложенной страховой выплатой» по всем договорам страхования ООО СК «Росгосстрах Жизнь» по продуктам инвестиционного страхования жизни и продуктам, договоры страхования по которым заключаются на основании Правил добровольного инвестиционного страхования жизни физических лиц №1 (в редакции от любого числа) и/или Правил страхования жизни (в редакции от любого числа), включая настоящий договор страхования не превышает 100 000 000 рублей / 1 500 000 долларов США / 1 500 000 евро для Застрахованных в возрасте от 18 до 65 полных лет (включительно) на дату заключения договора страхования (50 000 000 рублей / 750 000 долларов США / 750 000 евро для Застрахованных в возрасте от 66 до 75 полных лет (включительно) на дату заключения договора страхования; 30 000 000 рублей / 450 000 долларов США / 450 000 евро для Застрахованных в возрасте от 76 года до 80 полных лет (включительно) на дату заключения договора страхования); 5 000 000 рублей / 75 000 долларов США / 75 000 евро для Застрахованных в возрасте от 81 до 85 полных лет (включительно) на дату заключения договора страхования).')
INSERT INTO [BFX_IMPL].[DECLARATION_MAIN_QUESTIONS] VALUES('CA83F051-2237-4714-82F5-7F1987691FDE',N'Страхователь подтверждает, что на момент заключения настоящего договора страхования, не является налоговым резидентом страны, отличной от Российской Федерации и не обладает ни одним из признаков иностранного налогового резидентства (не имеет иностранного адреса места фактического проживания или почтового адреса в иностранном государстве; не имеет номера телефона в иностранном государстве при отсутствии номера телефона в Российской Федерации; не имеет постоянного поручения на перечисление средств (за исключением банковского вклада) на счет или адрес в иностранном государстве; не имеет доверенности или права подписи, предоставленных лицу, проживающему в иностранном государстве; не имеет адреса до востребования в иностранной юрисдикции.')
INSERT INTO [BFX_IMPL].[DECLARATION_MAIN_QUESTIONS] VALUES('D4C6E62F-4B68-4BC1-8991-D30B71379EF8',N'Страхователь подтверждает, что страхование осуществляется в целях обеспечения защиты его интересов, за счет средств Страхователя.')
INSERT INTO [BFX_IMPL].[DECLARATION_MAIN_QUESTIONS] VALUES('E7FE10CE-A134-4EDD-A544-2788B162E40E',N'Страхователь подтверждает, что иное физическое лицо не имеет возможности контролировать действия Страхователя.')

DELETE FROM [BFX_IMPL].[PRODUCTS] where code ='IDGVN4PPVTB';
INSERT INTO [BFX_IMPL].[PRODUCTS] SELECT 'BAEB89DF-2453-4C7E-8BAE-AEE04B912D3F', 'IDGVN4PPVTB', N'investment', N'Драйвер Гарантия Ультра (4 года) с периодической выплатой дохода', N'ИСЖ', N'VIPVTBNT', NULL
DELETE FROM [BFX_IMPL].[RISK_PRODUCT_RELATION] WHERE PRODUCT_CODE ='IDGVN4PPVTB';
INSERT INTO [BFX_IMPL].[RISK_PRODUCT_RELATION]
(ID, RISK_CODE, PRODUCT_CODE, IS_REPLACEABLE, PARENT_RISK, CONDITIONS_FUNCTION, RELATION_TYPE_CODE, RISK_ORDER, RISK_PROGRAM, RISK_PERSON) 
VALUES 
('80EE3AC0-EDB6-4DC0-B0C3-E041A0AB2EBB','E36404','IDGVN4PPVTB',0,NULL, NULL, '01',1,'main','insuredPerson')
,('14DDD656-FF3B-4FF5-8C2B-B2394E235CE0','ME36404','IDGVN4PPVTB',0,NULL, NULL, '01',2,'main','insuredPerson')
,('DCEE50BF-FC69-4EA0-A45D-D41CCD5C10BA','DLP36404','IDGVN4PPVTB',0,NULL, NULL, '01',3,'main','insuredPerson')
,('40AE21F6-DDF6-42FB-8214-36D2BEFB11B0','DNS36404','IDGVN4PPVTB',0,NULL, NULL, '01',4,'main','insuredPerson')

DELETE FROM BFX_IMPL.DECLARATION_MEDICAL_QUESTIONS WHERE ID IN (SELECT [ITEM_TEXT_ID] FROM [BFX_IMPL].[DECLARATION_MEDICAL]   WHERE    [PRODUCT_CODE] ='IDGVN4PPVTBO')
DELETE FROM BFX_IMPL.DECLARATION_MEDICAL_QUESTIONS WHERE ID IN (SELECT [ITEM_TEXT_ID] FROM [BFX_IMPL].[DECLARATION_MEDICAL]   WHERE    [PRODUCT_CODE] ='IDGVN4PPVTBY')
DELETE FROM BFX_IMPL.DECLARATION_MEDICAL_QUESTIONS WHERE ID='214A19E8-546A-425F-AC24-FBB16DF28792'
DELETE FROM BFX_IMPL.DECLARATION_MEDICAL_QUESTIONS WHERE ID='228F42C0-E553-4D7E-BCDB-16F301F27F25'
DELETE FROM BFX_IMPL.DECLARATION_MEDICAL_QUESTIONS WHERE ID='2355BDF7-75BF-4DBC-9C7E-6D3002459C37'
DELETE FROM BFX_IMPL.DECLARATION_MEDICAL_QUESTIONS WHERE ID='56B313BA-9A3F-4524-A29B-D83B81756C6D'
DELETE FROM BFX_IMPL.DECLARATION_MEDICAL_QUESTIONS WHERE ID='6E4EE9ED-8466-4747-97BB-CD5B8C5597E6'
DELETE FROM BFX_IMPL.DECLARATION_MEDICAL_QUESTIONS WHERE ID='74AF79E8-88F4-4356-8007-BAACA1081BB5'
DELETE FROM BFX_IMPL.DECLARATION_MEDICAL_QUESTIONS WHERE ID='74CDD8DA-C1F5-40A0-9809-B1A54E0446DE'
DELETE FROM BFX_IMPL.DECLARATION_MEDICAL_QUESTIONS WHERE ID='84450DD5-F682-4F87-AD2F-62FDEE37C754'
DELETE FROM BFX_IMPL.DECLARATION_MEDICAL_QUESTIONS WHERE ID='86DBD6CD-33E2-410C-AE79-76B0346DBE42'
DELETE FROM BFX_IMPL.DECLARATION_MEDICAL_QUESTIONS WHERE ID='F1ED7B8C-C5D8-45CD-A6CF-462FF92C87B9'
DELETE FROM BFX_IMPL.DECLARATION_MEDICAL WHERE [PRODUCT_CODE]='IDGVN4PPVTBO'
DELETE FROM BFX_IMPL.DECLARATION_MEDICAL WHERE [PRODUCT_CODE]='IDGVN4PPVTBY'
INSERT INTO BFX_IMPL.DECLARATION_MEDICAL VALUES ('07E4D15E-DAAD-4EEC-8028-F0AA940EA460','IDGVN4PPVTBY',3,'84450DD5-F682-4F87-AD2F-62FDEE37C754','underwriting','1900-01-01','2099-12-31',0)
INSERT INTO BFX_IMPL.DECLARATION_MEDICAL VALUES ('0FB39AB5-EE3B-45D2-B0F5-FF216C5F09D7','IDGVN4PPVTBY',4,'F1ED7B8C-C5D8-45CD-A6CF-462FF92C87B9','underwriting','1900-01-01','2099-12-31',0)
INSERT INTO BFX_IMPL.DECLARATION_MEDICAL VALUES ('1EC5DC40-59A0-44D1-B17D-8F12D7726062','IDGVN4PPVTBO',2,'228F42C0-E553-4D7E-BCDB-16F301F27F25','underwriting','1900-01-01','2099-12-31',0)
INSERT INTO BFX_IMPL.DECLARATION_MEDICAL VALUES ('3446E932-262C-41B8-A869-EA09923C3B15','IDGVN4PPVTBO',1,'214A19E8-546A-425F-AC24-FBB16DF28792','underwriting','1900-01-01','2099-12-31',0)
INSERT INTO BFX_IMPL.DECLARATION_MEDICAL VALUES ('59DC7BDE-A231-494D-9C78-7FD03A471690','IDGVN4PPVTBY',5,'74AF79E8-88F4-4356-8007-BAACA1081BB5','underwriting','1900-01-01','2099-12-31',0)
INSERT INTO BFX_IMPL.DECLARATION_MEDICAL VALUES ('756192B6-51F3-4FBC-869B-C3E11D9D4406','IDGVN4PPVTBO',5,'86DBD6CD-33E2-410C-AE79-76B0346DBE42','underwriting','1900-01-01','2099-12-31',0)
INSERT INTO BFX_IMPL.DECLARATION_MEDICAL VALUES ('8B74C66B-4142-4F65-98B5-37A99F656AFF','IDGVN4PPVTBO',4,'74CDD8DA-C1F5-40A0-9809-B1A54E0446DE','underwriting','1900-01-01','2099-12-31',0)
INSERT INTO BFX_IMPL.DECLARATION_MEDICAL VALUES ('A2DF20F3-1BF4-4E57-9728-C333DCFB5435','IDGVN4PPVTBO',3,'56B313BA-9A3F-4524-A29B-D83B81756C6D','underwriting','1900-01-01','2099-12-31',0)
INSERT INTO BFX_IMPL.DECLARATION_MEDICAL VALUES ('C4D0B8EA-44C3-413D-BEE2-D88239717161','IDGVN4PPVTBY',2,'6E4EE9ED-8466-4747-97BB-CD5B8C5597E6','underwriting','1900-01-01','2099-12-31',0)
INSERT INTO BFX_IMPL.DECLARATION_MEDICAL VALUES ('D0746023-471E-4D4B-AE0F-FDAD014C4FC8','IDGVN4PPVTBY',1,'2355BDF7-75BF-4DBC-9C7E-6D3002459C37','underwriting','1900-01-01','2099-12-31',0)
INSERT INTO [BFX_IMPL].[DECLARATION_MEDICAL_QUESTIONS] VALUES('214A19E8-546A-425F-AC24-FBB16DF28792',N'Не являюсь и не являлся (не являлась) инвалидом I группы и не подавал(а) документы на освидетельствование для получения группы инвалидности, не имел(а), не проходил(а) лечения и не страдаю в настоящее время от онкологических заболеваний, болезней сердечно-сосудистой системы (инфаркт миокарда, инсульт, стенокардия, порок сердца, тромбоз, сердечно-сосудистая недостаточность), каких-либо заболеваний головного мозга, гепатита B и C, цирроза печени, сахарного диабета I типа; неврологических или психических расстройств (эпилепсия, паралич, алкоголизм, наркомания), СПИД или ВИЧ-инфекции.')
INSERT INTO [BFX_IMPL].[DECLARATION_MEDICAL_QUESTIONS] VALUES('228F42C0-E553-4D7E-BCDB-16F301F27F25',N'Не употребляю и не употреблял(а) ранее наркотики, токсические вещества, не страдаю алкоголизмом, не состою и не состоял (не состояла) ранее на учете в наркологическом, психоневрологическом диспансере, центрах профилактики борьбы со СПИДом.')
INSERT INTO [BFX_IMPL].[DECLARATION_MEDICAL_QUESTIONS] VALUES('2355BDF7-75BF-4DBC-9C7E-6D3002459C37',N'Не являюсь и не являлся (не являлась) инвалидом I группы и не подавал(а) документы на освидетельствование для получения группы инвалидности, не имел(а), не проходил(а) лечения и не страдаю в настоящее время от онкологических заболеваний, болезней сердечно-сосудистой системы (инфаркт миокарда, инсульт, стенокардия, порок сердца, тромбоз, сердечно-сосудистая недостаточность), каких-либо заболеваний головного мозга, гепатита B и C, цирроза печени, сахарного диабета I типа; неврологических или психических расстройств (эпилепсия, паралич, алкоголизм, наркомания), СПИД или ВИЧ-инфекции.')
INSERT INTO [BFX_IMPL].[DECLARATION_MEDICAL_QUESTIONS] VALUES('56B313BA-9A3F-4524-A29B-D83B81756C6D',N'Не прохожу службу в вооруженных силах, не работаю с оружием, не занят(а) в работах со взрывчатыми веществами, подземных, подводных или высотных работах, не являюсь пожарным, альпинистом, профессиональным спортсменом, работником нефтяной промышленности, непосредственно задействованным в добыче, транспортировке и переработке нефти и/или природного газа, не занят (не занята) профессионально или непрофессионально авиацией (за исключением пилотов пассажирских авиалиний).')
INSERT INTO [BFX_IMPL].[DECLARATION_MEDICAL_QUESTIONS] VALUES('6E4EE9ED-8466-4747-97BB-CD5B8C5597E6',N'Не употребляю и не употреблял(а) ранее наркотики, токсические вещества, не страдаю алкоголизмом, не состою и не состоял (не состояла) ранее на учете в наркологическом, психоневрологическом диспансере, центрах профилактики борьбы со СПИДом.')
INSERT INTO [BFX_IMPL].[DECLARATION_MEDICAL_QUESTIONS] VALUES('74AF79E8-88F4-4356-8007-BAACA1081BB5',N'Не нахожусь под следствием и не являюсь осужденным к лишению свободы.')
INSERT INTO [BFX_IMPL].[DECLARATION_MEDICAL_QUESTIONS] VALUES('74CDD8DA-C1F5-40A0-9809-B1A54E0446DE',N'Не намереваюсь путешествовать на территории, на которой объявлено чрезвычайное положение или проводятся боевые действия.')
INSERT INTO [BFX_IMPL].[DECLARATION_MEDICAL_QUESTIONS] VALUES('84450DD5-F682-4F87-AD2F-62FDEE37C754',N'Не прохожу службу в вооруженных силах, не работаю с оружием, не занят(а) в работах со взрывчатыми веществами, подземных, подводных или высотных работах, не являюсь пожарным, альпинистом, профессиональным спортсменом, работником нефтяной промышленности, непосредственно задействованным в добыче, транспортировке и переработке нефти и/или природного газа, не занят (не занята) профессионально или непрофессионально авиацией (за исключением пилотов пассажирских авиалиний).')
INSERT INTO [BFX_IMPL].[DECLARATION_MEDICAL_QUESTIONS] VALUES('86DBD6CD-33E2-410C-AE79-76B0346DBE42',N'Не нахожусь под следствием и не являюсь осужденным к лишению свободы.')
INSERT INTO [BFX_IMPL].[DECLARATION_MEDICAL_QUESTIONS] VALUES('F1ED7B8C-C5D8-45CD-A6CF-462FF92C87B9',N'Не намереваюсь путешествовать на территории, на которой объявлено чрезвычайное положение или проводятся боевые действия.')

DELETE FROM BFX_IMPL.DECLARATION_MAIN_QUESTIONS WHERE ID IN (SELECT [ITEM_TEXT_ID] FROM [BFX_IMPL].[DECLARATION_MAIN]   WHERE    [PRODUCT_CODE] ='IDGVN4PPVTB')
DELETE FROM BFX_IMPL.DECLARATION_MAIN_QUESTIONS WHERE ID='2CAA54E1-4B3E-450A-8932-F75BBC73933E'
DELETE FROM BFX_IMPL.DECLARATION_MAIN_QUESTIONS WHERE ID='3698ABB9-A66A-4CB2-BF65-AD426C48BAAF'
DELETE FROM BFX_IMPL.DECLARATION_MAIN_QUESTIONS WHERE ID='455F3EC9-93BF-46A2-9FC2-626DF099C4A0'
DELETE FROM BFX_IMPL.DECLARATION_MAIN_QUESTIONS WHERE ID='53926A5E-94ED-4E46-BD9A-FC9E61851103'
DELETE FROM BFX_IMPL.DECLARATION_MAIN_QUESTIONS WHERE ID='978E7163-3EB3-4603-9B09-24EBFA149A31'
DELETE FROM BFX_IMPL.DECLARATION_MAIN_QUESTIONS WHERE ID='B4F7200C-8801-4085-9AC0-C05ED14ABE37'
DELETE FROM BFX_IMPL.DECLARATION_MAIN_QUESTIONS WHERE ID='B6F2A789-9F60-4F26-900D-9580B144D725'
DELETE FROM BFX_IMPL.DECLARATION_MAIN_QUESTIONS WHERE ID='BF3A920E-9CED-4409-BE9C-A25D6DA2DB1A'
DELETE FROM BFX_IMPL.DECLARATION_MAIN_QUESTIONS WHERE ID='DF55B7B6-4959-46EF-BD73-11B379AF1AB9'
DELETE FROM BFX_IMPL.DECLARATION_MAIN_QUESTIONS WHERE ID='E476CF7A-609E-41E7-9015-B9D71560E16C'
DELETE FROM BFX_IMPL.DECLARATION_MAIN_QUESTIONS WHERE ID='FD7F3E6F-F320-49D0-89B7-DD32001A84F7'
DELETE FROM BFX_IMPL.DECLARATION_MAIN WHERE [PRODUCT_CODE]='IDGVN4PPVTB'
INSERT INTO BFX_IMPL.DECLARATION_MAIN VALUES ('3240962D-3707-44A0-8481-D4E0BDF4A428','IDGVN4PPVTB',4,'53926A5E-94ED-4E46-BD9A-FC9E61851103','compliance','1900-01-01','2099-12-31')
INSERT INTO BFX_IMPL.DECLARATION_MAIN VALUES ('5979E753-1014-44BE-A88E-D2E6A5343050','IDGVN4PPVTB',3,'B6F2A789-9F60-4F26-900D-9580B144D725','compliance','1900-01-01','2099-12-31')
INSERT INTO BFX_IMPL.DECLARATION_MAIN VALUES ('62397E95-83EB-4A42-980B-D40657C2AC7A','IDGVN4PPVTB',7,'3698ABB9-A66A-4CB2-BF65-AD426C48BAAF','compliance','1900-01-01','2099-12-31')
INSERT INTO BFX_IMPL.DECLARATION_MAIN VALUES ('6344CC3B-5283-4527-B282-FB2004EFBEB5','IDGVN4PPVTB',19,'FD7F3E6F-F320-49D0-89B7-DD32001A84F7','block','1900-01-01','2099-12-31')
INSERT INTO BFX_IMPL.DECLARATION_MAIN VALUES ('6CE2FE48-46D4-4FEE-8FCF-4496F15677C6','IDGVN4PPVTB',8,'DF55B7B6-4959-46EF-BD73-11B379AF1AB9','compliance','1900-01-01','2099-12-31')
INSERT INTO BFX_IMPL.DECLARATION_MAIN VALUES ('8E981341-E3CB-4AC9-899D-C1A2E18F296B','IDGVN4PPVTB',9,'BF3A920E-9CED-4409-BE9C-A25D6DA2DB1A','compliance','1900-01-01','2099-12-31')
INSERT INTO BFX_IMPL.DECLARATION_MAIN VALUES ('B336E261-2413-4BB2-93EA-ED4184194776','IDGVN4PPVTB',2,'B4F7200C-8801-4085-9AC0-C05ED14ABE37','underwriting','2024-07-15','2099-12-31')
INSERT INTO BFX_IMPL.DECLARATION_MAIN VALUES ('CAF7F897-3085-46C8-A578-02C346B39945','IDGVN4PPVTB',6,'2CAA54E1-4B3E-450A-8932-F75BBC73933E','compliance','1900-01-01','2099-12-31')
INSERT INTO BFX_IMPL.DECLARATION_MAIN VALUES ('CC5D8B42-8DA5-4C35-A683-C4934E842F53','IDGVN4PPVTB',10,'455F3EC9-93BF-46A2-9FC2-626DF099C4A0','compliance','1900-01-01','2099-12-31')
INSERT INTO BFX_IMPL.DECLARATION_MAIN VALUES ('DD97BB37-D5D1-4E36-B288-D8193ECA75DE','IDGVN4PPVTB',1,'E476CF7A-609E-41E7-9015-B9D71560E16C','underwriting','2024-07-15','2099-12-31')
INSERT INTO BFX_IMPL.DECLARATION_MAIN VALUES ('E15B2FB3-137C-4CCD-BA58-5858C0A31A01','IDGVN4PPVTB',5,'978E7163-3EB3-4603-9B09-24EBFA149A31','compliance','1900-01-01','2099-12-31')
INSERT INTO [BFX_IMPL].[DECLARATION_MAIN_QUESTIONS] VALUES('2CAA54E1-4B3E-450A-8932-F75BBC73933E',N'Страхователь подтверждает, что не принадлежит (не зарегистрирован, не проживает и не находится) к государству (территории): с высокой террористической или экстремистской активностью; в отношении которого (которой) применяются специальные экономические меры в соответствии с Федеральным законом «О специальных экономических мерах»; которое (которая) не выполняет рекомендации Группы разработки финансовых мер борьбы с отмыванием денег (ФАТФ), либо с использованием счета в банке, зарегистрированном в указанном государстве (на указанной территории) – ИР Иран, КНДР (включая международные неправительственные организации), к государствам (территориям) с повышенным уровнем коррупции и/или другой преступной деятельности; предоставляющему (предоставляющей) льготный режим налогообложения и/или не предусматривающему (предусматривающей) раскрытия и предоставления информации при проведении финансовых операций (офшорной зоны); не имеет открытого банковского счета, зарегистрированного в указанном государстве или на указанной территории.')
INSERT INTO [BFX_IMPL].[DECLARATION_MAIN_QUESTIONS] VALUES('3698ABB9-A66A-4CB2-BF65-AD426C48BAAF',N'Страхователь подтверждает, что иное физическое лицо не имеет возможности контролировать действия Страхователя.')
INSERT INTO [BFX_IMPL].[DECLARATION_MAIN_QUESTIONS] VALUES('455F3EC9-93BF-46A2-9FC2-626DF099C4A0',N'Страхователь обязуется не реже одного раза в год и/или по мере изменения идентификационных данных, указанных в настоящем договоре страхования, направлять Страховщику обновленные персональные данные по форме, предложенной Страховщиком. Непредставление соответствующей информации Страховщик вправе расценить как неизменность сведений о Страхователе, установленных при его идентификации, и обновить идентификационные сведения на основе данных, представленных Страхователем ранее в сроки, установленные Федеральным законом от 07.08.2001 N 115-ФЗ «О противодействии легализации (отмыванию) доходов, полученных преступным путем, и финансированию терроризма».')
INSERT INTO [BFX_IMPL].[DECLARATION_MAIN_QUESTIONS] VALUES('53926A5E-94ED-4E46-BD9A-FC9E61851103',N'Страхователь подтверждает отсутствие у него: действующей профессиональной дисквалификации, непогашенной судимости или административного взыскания в соответствии с законодательством Российской Федерации, просроченной задолженности в кредитных организациях.')
INSERT INTO [BFX_IMPL].[DECLARATION_MAIN_QUESTIONS] VALUES('978E7163-3EB3-4603-9B09-24EBFA149A31',N'Страхователь не является иностранным публичным должностным лицом («иностранное публичное должностное лицо» означает любое назначаемое или избираемое лицо, занимающее какую-либо должность в законодательном, исполнительном, административном или судебном органе иностранного государства, и любое лицо, выполняющее какую-либо публичную функцию для иностранного государства, в том числе для публичного ведомства или публичного предприятия), должностным лицом публичных международных организаций («должностное лицо публичной международной организации» означает международного гражданского служащего или любое лицо, которое уполномочено такой организацией действовать от ее имени), российским публичным должностным лицом, лицом, замещающим (занимающим) государственные должности в Российской Федерации, должности членов Совета директоров Банка России, должности федеральной государственной службы, назначение на которые и освобождение от которых осуществляются Президентом Российской Федерации или Правительством Российской Федерации, должности в Банке России, государственных корпорациях и иных организациях, созданных Российской Федерацией на основании федеральных законов, включенные в перечни должностей, определяемые Президентом Российской Федерации, родственником кого-то из вышеперечисленных лиц (супругом, родителем, ребенком, дедушкой, бабушкой, внуком, полнородным и неполнородным (имеющим общих отца или мать) братом и сестрой, усыновителем и усыновленным) или представителем, действующим от его имени.')
INSERT INTO [BFX_IMPL].[DECLARATION_MAIN_QUESTIONS] VALUES('B4F7200C-8801-4085-9AC0-C05ED14ABE37',N'Общая страховая сумма в отношении Застрахованного по риску «Смерть Застрахованного в результате несчастного случая» по всем договорам страхования ООО СК «Росгосстрах Жизнь» по продуктам инвестиционного страхования жизни и продуктам, договоры страхования по которым заключаются на основании Правил добровольного инвестиционного страхования жизни физических лиц №1 (в редакции от любого числа) и/или Правил страхования жизни (в редакции от любого числа), включая настоящий договор страхования не превышает 20 000 000 рублей / 300 000 долларов США / 300 000 евро для Застрахованных в возрасте от 18 до 65 полных лет (включительно) на дату заключения договора страхования (15 000 000 рублей / 250 000 долларов США / 225 000 евро для Застрахованных в возрасте от 66 до 70 полных лет (включительно) на дату заключения договора страхования; 10 000 000 рублей / 150 000 долларов США / 150 000 евро для Застрахованных в возрасте от 71 года до 75 полных лет (включительно) на дату заключения договора страхования); 5 000 000 рублей / 75 000 долларов США / 75 000 евро для Застрахованных в возрасте от 76 до 80 полных лет (включительно) на дату заключения договора страхования; 5 000 000 рублей / 75 000 долларов США / 75 000 евро для Застрахованных в возрасте от 81 до 85 полных лет (включительно) на дату заключения договора страхования).')
INSERT INTO [BFX_IMPL].[DECLARATION_MAIN_QUESTIONS] VALUES('B6F2A789-9F60-4F26-900D-9580B144D725',N'Страхователь подтверждает, что страхование осуществляется в целях обеспечения защиты его интересов, за счет средств Страхователя.')
INSERT INTO [BFX_IMPL].[DECLARATION_MAIN_QUESTIONS] VALUES('BF3A920E-9CED-4409-BE9C-A25D6DA2DB1A',N'Страхователь подтверждает, что на момент заключения настоящего договора страхования, не является налоговым резидентом страны, отличной от Российской Федерации и не обладает ни одним из признаков иностранного налогового резидентства (не имеет иностранного адреса места фактического проживания или почтового адреса в иностранном государстве; не имеет номера телефона в иностранном государстве при отсутствии номера телефона в Российской Федерации; не имеет постоянного поручения на перечисление средств (за исключением банковского вклада) на счет или адрес в иностранном государстве; не имеет доверенности или права подписи, предоставленных лицу, проживающему в иностранном государстве; не имеет адреса до востребования в иностранной юрисдикции.')
INSERT INTO [BFX_IMPL].[DECLARATION_MAIN_QUESTIONS] VALUES('DF55B7B6-4959-46EF-BD73-11B379AF1AB9',N'Страхователь подтверждает, что он не является налоговым резидентом США и не обладает ни одним из признаков налогового резидента США (не имеет гражданства США (в том числе в случае наличия двух и более гражданств) и разрешения на постоянное пребывание в США (форма I-551 Green Card); не соответствует критерию «Долгосрочное пребывание» на территории США; местом рождения Страхователя не является территория США; не имеет адреса проживания и/или почтового адреса, номера контактного телефона и/или факса на территории США; не имеет открытых счетов в кредитных организациях на территории США). (Физическое лицо соответствует критерию «Долгосрочное пребывание», если оно находилось на территории США не менее 31 дня в течение текущего календарного года и не менее 183 дней в течение 3 лет, включая текущий год и два непосредственно предшествующих года. При этом сумма дней, в течение которых физическое лицо присутствовало на территории США в текущем году, а также двух предшествующих годах, умножается на установленный коэффициент: коэффициент для текущего года равен 1 (т. е. учитываются все дни, проведенные в США в текущем году); коэффициент предшествующего года равен 1/3; коэффициент позапрошлого года – 1/6.).')
INSERT INTO [BFX_IMPL].[DECLARATION_MAIN_QUESTIONS] VALUES('E476CF7A-609E-41E7-9015-B9D71560E16C',N'Общая страховая сумма в отношении Застрахованного в сумме по рискам «Смерть Застрахованного по любой причине» и «Смерть Застрахованного по любой причине с отложенной страховой выплатой» по всем договорам страхования ООО СК «Росгосстрах Жизнь» по продуктам инвестиционного страхования жизни и продуктам, договоры страхования по которым заключаются на основании Правил добровольного инвестиционного страхования жизни физических лиц №1 (в редакции от любого числа) и/или Правил страхования жизни (в редакции от любого числа), включая настоящий договор страхования не превышает 100 000 000 рублей / 1 500 000 долларов США / 1 500 000 евро для Застрахованных в возрасте от 18 до 65 полных лет (включительно) на дату заключения договора страхования (50 000 000 рублей / 750 000 долларов США / 750 000 евро для Застрахованных в возрасте от 66 до 75 полных лет (включительно) на дату заключения договора страхования; 30 000 000 рублей / 450 000 долларов США / 450 000 евро для Застрахованных в возрасте от 76 года до 80 полных лет (включительно) на дату заключения договора страхования); 5 000 000 рублей / 75 000 долларов США / 75 000 евро для Застрахованных в возрасте от 81 до 85 полных лет (включительно) на дату заключения договора страхования).')
INSERT INTO [BFX_IMPL].[DECLARATION_MAIN_QUESTIONS] VALUES('FD7F3E6F-F320-49D0-89B7-DD32001A84F7',N'Страхователь дает свое согласие на получение рекламы, рекламной информации (в том числе в форме рекламной рассылки) Общества с ограниченной ответственностью Страховая компания «Росгосстрах Жизнь» (121059, г. Москва, вн.тер.г. муниципальный округ Дорогомилово, ул. Киевская, д. 7, к. 1) по сетям электросвязи, в том числе посредством телефонной, подвижной радиотелефонной связи, по электронной почте, с использованием номера мобильного телефона (для направления СМС-сообщений, Push-сообщений, сообщений в мессенджерах и иных приложениях, передающих и принимающих информацию с использованием сетей электросвязи, звонков по телефону) и адреса электронной почты (для направления сообщений по электронной почте). Согласие на получение рекламы, рекламной информации (в том числе в форме рекламной рассылки) по сетям электросвязи дано без ограничения срока действия и может быть отозвано в любой момент времени путем направления Страховщику письменного заявления.')

DELETE FROM BFX_IMPL.DECLARATION_MAIN_QUESTIONS WHERE ID IN (SELECT [ITEM_TEXT_ID] FROM [BFX_IMPL].[DECLARATION_MAIN]   WHERE    [PRODUCT_CODE] ='IDGVN4PPVTB')
DELETE FROM BFX_IMPL.DECLARATION_MAIN_QUESTIONS WHERE ID='048A6F63-36C9-4E6B-B4FF-F8A95BA316C5'
DELETE FROM BFX_IMPL.DECLARATION_MAIN_QUESTIONS WHERE ID='0861D47E-D732-4DDD-A496-CA289817F2EB'
DELETE FROM BFX_IMPL.DECLARATION_MAIN_QUESTIONS WHERE ID='09F16687-CBD5-41A9-B1CA-DD4739190E82'
DELETE FROM BFX_IMPL.DECLARATION_MAIN_QUESTIONS WHERE ID='1DB023C9-A2E2-41CF-92B0-B09BEE853325'
DELETE FROM BFX_IMPL.DECLARATION_MAIN_QUESTIONS WHERE ID='2486A508-C2D7-4732-A5E9-9DC89508F549'
DELETE FROM BFX_IMPL.DECLARATION_MAIN_QUESTIONS WHERE ID='49ABE3A5-A154-432A-B44B-D6CF46DFAFB6'
DELETE FROM BFX_IMPL.DECLARATION_MAIN_QUESTIONS WHERE ID='80990F87-8ED6-4FC1-8AF7-B61DF175CF2D'
DELETE FROM BFX_IMPL.DECLARATION_MAIN_QUESTIONS WHERE ID='8FFE1163-2BD3-4D26-9A7C-F7E7C3002151'
DELETE FROM BFX_IMPL.DECLARATION_MAIN_QUESTIONS WHERE ID='A84F2B97-1DB2-435F-8A35-81AEC1CE84A5'
DELETE FROM BFX_IMPL.DECLARATION_MAIN_QUESTIONS WHERE ID='D6DEE868-B3B2-4D09-B47A-B48D01DA3971'
DELETE FROM BFX_IMPL.DECLARATION_MAIN WHERE [PRODUCT_CODE]='IDGVN4PPVTB'
INSERT INTO BFX_IMPL.DECLARATION_MAIN VALUES ('003BBD94-A3C8-40CB-B0D8-2CECD7D9B009','IDGVN4PPVTB',17,'09F16687-CBD5-41A9-B1CA-DD4739190E82','block','2025-03-07','2099-01-01')
INSERT INTO BFX_IMPL.DECLARATION_MAIN VALUES ('2A6038A9-D233-4835-94B6-83F6B0988AEA','IDGVN4PPVTB',11,'49ABE3A5-A154-432A-B44B-D6CF46DFAFB6','legal','2025-03-07','2099-01-01')
INSERT INTO BFX_IMPL.DECLARATION_MAIN VALUES ('32845C84-8326-4B7C-9C60-D5210D7CDA40','IDGVN4PPVTB',12,'0861D47E-D732-4DDD-A496-CA289817F2EB','block','2025-03-07','2099-01-01')
INSERT INTO BFX_IMPL.DECLARATION_MAIN VALUES ('4966D036-0092-4DEC-8165-3D751485430D','IDGVN4PPVTB',15,'80990F87-8ED6-4FC1-8AF7-B61DF175CF2D','block','2025-03-07','2099-01-01')
INSERT INTO BFX_IMPL.DECLARATION_MAIN VALUES ('743208A6-6BB3-4481-BE5D-FF832B786502','IDGVN4PPVTB',19,'8FFE1163-2BD3-4D26-9A7C-F7E7C3002151','legal','2025-03-07','2099-01-01')
INSERT INTO BFX_IMPL.DECLARATION_MAIN VALUES ('C2004FFF-94A2-4250-A410-812CD06DA58A','IDGVN4PPVTB',13,'2486A508-C2D7-4732-A5E9-9DC89508F549','block','2025-03-07','2099-01-01')
INSERT INTO BFX_IMPL.DECLARATION_MAIN VALUES ('C4F12FDE-6A23-4FCD-8080-BEB7D752758F','IDGVN4PPVTB',18,'D6DEE868-B3B2-4D09-B47A-B48D01DA3971','block','2025-03-07','2099-01-01')
INSERT INTO BFX_IMPL.DECLARATION_MAIN VALUES ('C92AB2B3-1DD4-4A74-8AF3-7E4C80DD617D','IDGVN4PPVTB',14,'048A6F63-36C9-4E6B-B4FF-F8A95BA316C5','legal','2025-03-07','2099-01-01')
INSERT INTO BFX_IMPL.DECLARATION_MAIN VALUES ('CDC8EF22-B23C-496A-8268-5C9C04B90861','IDGVN4PPVTB',16,'A84F2B97-1DB2-435F-8A35-81AEC1CE84A5','block','2025-03-07','2099-01-01')
INSERT INTO BFX_IMPL.DECLARATION_MAIN VALUES ('D5526BF6-356B-469B-9B8C-525DFD1D72A8','IDGVN4PPVTB',20,'1DB023C9-A2E2-41CF-92B0-B09BEE853325','block','2025-03-07','2099-01-01')
INSERT INTO [BFX_IMPL].[DECLARATION_MAIN_QUESTIONS] VALUES('048A6F63-36C9-4E6B-B4FF-F8A95BA316C5',N'Страхователь поручает Страховщику в течение 30 календарных дней по окончании каждого налогового периода (года), в котором осуществлялись соответствующие расходы на уплату страховых взносов по настоящему договору страхования (при условии, что срок действия договора страхования от 5 лет и более), предоставлять сведения о фактических расходах Страхователя на уплату страховых взносов в электронной форме в порядке и по формату, которые утверждены федеральным органом исполнительной власти, уполномоченным по контролю и надзору в области налогов и сборов, в налоговый орган по месту нахождения Страховщика. Страховщик исполняет настоящее поручение без направления дополнительных заявлений от Страхователя, считая данное поручение заявлением, подлежащим исполнению по окончании каждого налогового периода (года), в котором осуществлялись соответствующие расходы на уплату страховых взносов по настоящему договору страхования. Настоящее поручение может быть отозвано в любое время в течение срока действия настоящего договора страхования путем направления соответствующего заявления Страхователя способом, позволяющим установить факт его получения Страховщиком.')
INSERT INTO [BFX_IMPL].[DECLARATION_MAIN_QUESTIONS] VALUES('0861D47E-D732-4DDD-A496-CA289817F2EB',N'На основании положений Федерального закона от 21.11.2011 № 323-ФЗ «Об основах охраны здоровья граждан Российской Федерации» Застрахованный разрешает медицинским и иным учреждениям предоставлять информацию о состоянии его здоровья, о фактах обращения за оказанием медицинской помощи, диагнозе, иные сведения, полученные при медицинском обследовании и лечении Застрахованного, составляющие врачебную тайну, в том числе предоставление соответствующих копий документов, по запросу Страховщика.')
INSERT INTO [BFX_IMPL].[DECLARATION_MAIN_QUESTIONS] VALUES('09F16687-CBD5-41A9-B1CA-DD4739190E82',N'Страхователь присоединяется к Соглашению об электронном документообороте (в редакции действующей на дату заключения настоящего договора страхования) (далее – Соглашение) в соответствии со статьей 428 Гражданского кодекса Российской Федерации. Страхователь подтверждает, что ознакомился с условиями Соглашения, расположенного на официальном сайте Страховщика (www.rgsl.ru), понимает текст данного Соглашения, выражает свое согласие с ним и обязуется выполнять.')
INSERT INTO [BFX_IMPL].[DECLARATION_MAIN_QUESTIONS] VALUES('1DB023C9-A2E2-41CF-92B0-B09BEE853325',N'Страхователь и Застрахованный подтверждают, что сведения, указанные в настоящем договоре страхования и приложениях к нему, являются правдивыми и содержат полную информацию. Информация, указанная в настоящем договоре страхования и приложениях к нему, признается сторонами существенной для определения вероятности наступления страхового случая.')
INSERT INTO [BFX_IMPL].[DECLARATION_MAIN_QUESTIONS] VALUES('2486A508-C2D7-4732-A5E9-9DC89508F549',N'Страхователь и Застрахованный в соответствии с Федеральным законом от 27.07.2006 № 152-ФЗ «О персональных данных» свободно, своей волей и в своем интересе дают свое согласие Обществу с ограниченной ответственностью Страховая компания «Росгосстрах Жизнь» (место нахождения: 121059, г. Москва, вн.тер.г. муниципальный округ Дорогомилово, ул. Киевская, д. 7, к. 1), Публичному акционерному обществу Страховая Компания «Росгосстрах» (место нахождения: 140002, Московская область, г. Люберцы, ул. Парковая, д. 3), Банку ВТБ (публичное акционерное общество) (место нахождения: 191144, г. Санкт-Петербург, Дегтярный переулок, д. 11, лит. А), перестраховщикам (Акционерное общество «Российская Национальная Перестраховочная Компания» (место нахождения: 125047, г. Москва, вн.тер.г. муниципальный округ Пресненский, ул. Гашека, д. 6)), архивным компаниям (Общество с ограниченной ответственностью «ОСГ Рекордз Менеджмент» (место нахождения: 115093, г. Москва, ул. Павловская, влд. 7, пом. 14Б)) на обработку их персональных данных (включая сбор, запись, систематизацию, накопление, хранение, уточнение (обновление, изменение), извлечение, использование, передачу (предоставление, доступ), трансграничную передачу, в том числе в страны, обеспечивающие и не обеспечивающие адекватную защиту прав субъектов персональных данных (США), обезличивание, блокирование, удаление, уничтожение) совершаемую с использованием средств автоматизации или без использования таких средств. Цель обработки персональных данных: заключение, сопровождение, исполнение, прекращение договора страхования и перестрахования, продвижение страховых услуг, проведение рекламных и маркетинговых акций, передача Страховщиком в налоговый орган по месту нахождения Страховщика в электронной форме в порядке и по формату, которые утверждены федеральным органом исполнительной власти, уполномоченным по контролю и надзору в области налогов и сборов, сведений о фактических расходах Страхователя на уплату страховых взносов по настоящему договору страхования (при условии, что срок действия договора страхования от 5 лет и более) за каждый налоговый период (год), необходимых для предоставления социального налогового вычета на доходы физических лиц, предусмотренного Налоговым кодексом Российской Федерации, а также архивное хранение и выполнение требований законодательства Российской Федерации. Перечень персональных данных, на обработку которых дается согласие (при условии их раскрытия субъектом персональных данных): фамилия, имя, отчество; гражданство; дата рождения; место рождения; пол; серия (при наличии) и номер документа, удостоверяющего личность субъекта персональных данных, дата выдачи документа, орган, выдавший документ; адрес постоянной регистрации; почтовый адрес; контактные номера телефонов (мобильного и/или домашнего); адреса электронной почты; информация о состоянии здоровья и диагнозах Застрахованного (в т. ч. составляющая врачебную тайну в соответствии со ст. 13, 19, 22 Федерального закона от 21.11.2011 № 323-ФЗ «Об основах охраны здоровья граждан в Российской Федерации»); сведения о фактических расходах Страхователя на уплату страховых взносов по настоящему договору страхования. Страхователь и Застрахованный предоставляют Страховщику согласие на поручение обработки персональных данных и/или передачу их персональных данных, указанных в настоящем согласии, в целях, указанных в настоящем согласии, а также в целях исполнения отдельных указаний Страхователя и/или Застрахованного, данных ими третьим лицам о получении персональных данных от Страховщика, в Банк ВТБ (публичное акционерное общество) (место нахождения 191144, г. Санкт-Петербург, Дегтярный переулок, д. 11, лит. А). Страхователь и Застрахованный подтверждают, что в соответствии с ч. 4 ст. 18 Федерального закона от 27.07.2006 N 152-ФЗ «О персональных данных» до начала обработки их персональных данных им предоставлена информация о наименованиях и адресах операторов, о цели обработки персональных данных и ее правовом основании, о предполагаемых пользователях персональных данных и установленных Федеральным законом от 27.07.2006 N 152-ФЗ «О персональных данных» правах субъекта персональных данных. Страховщик вправе поручить обработку персональных данных также другому лицу, на основании заключаемого с этим лицом договора. Страховщик вправе передавать вышеуказанные персональные данные третьим лицам, в том числе партнерам Страховщика, оказывающим Страховщику маркетинговые услуги (в том числе услуги рекламораспространения) и иные услуги (перечень указан на сайте Страховщика (www.rgsl.ru)) в целях, указанных в настоящем согласии, а также в целях формирования рекламных предложений услуг Страховщика и его партнеров (в том числе, но не ограничиваясь, теми, которые указаны в настоящем согласии); продвижения услуг Страховщика и его партнеров (в том числе, но не ограничиваясь, теми, которые указаны в настоящем согласии) на рынке путем осуществления прямых контактов с потенциальными потребителями с помощью средств связи, а также направления рассылок в целях повышения уровня клиентоориентированности и лояльности (включая проведение исследований (опросов) в области сервисных услуг и их качества, предоставляемых Страховщиком и его партнерами, повышения финансовой грамотности и личного финансового планирования. Такая передача может быть осуществлена в т.ч. посредством электронной почты, API или на материальных носителях (бумажных или электронных). Страховщик оставляет за собой право изменить перечень ассистанских компаний (сервисных организаций) / перестраховщиков / архивных компаний / партнеров. Список стран, в которые может быть осуществлена указанными лицами трансграничная передача также может быть изменен. Актуальный перечень ассистанских компаний (сервисных организаций) (в том числе, но не ограничиваясь – курьерских служб, колл-центров и сервисных служб) / перестраховщиков / архивных компаний / партнеров представлен на сайте Страховщика в разделе «Раскрытие информации» (www.rgsl.ru/info/). Перечень стран, в которые может быть осуществлена трансграничная передача, также представлен на сайте Страховщика в разделе «Раскрытие информации» (www.rgsl.ru/info/). Страхователь и Застрахованный уведомлены, что перечень юридических лиц, которым Страховщик вправе передавать их персональные данные может быть изменен. Согласие на обработку персональных данных начинает свое действие с момента подписания договора страхования и действует в течение всего срока действия договора страхования, а также в течение 5 (пяти) лет с даты его прекращения. Согласие может быть отозвано в любое время путем направления Страховщику письменного уведомления (путем направления заказного письма с уведомлением о вручении либо путем вручения лично под расписку уполномоченному представителю Страховщика).')
INSERT INTO [BFX_IMPL].[DECLARATION_MAIN_QUESTIONS] VALUES('49ABE3A5-A154-432A-B44B-D6CF46DFAFB6',N'Застрахованный дает свое согласие на получение Обществом с ограниченной ответственностью Страховая компания «Росгосстрах Жизнь» (121059, г. Москва, вн.тер.г. муниципальный округ Дорогомилово, ул. Киевская, д. 7, к. 1) в целях исполнения договора страхования и перестрахования: медицинской информации от любого врача (медицинского учреждения), у которого он когда-либо консультировался и/или лечился, а также будет обращаться в последующем; на получение необходимой информации в правоохранительных, медицинских и других органах (учреждениях) для проверки предоставленной информации, а также для выяснения всех обстоятельств наступления страхового случая; на получение любой информации от страховых компаний, к которым Застрахованный обращался с заявлениями на страхование жизни. Данное согласие дано без ограничения срока действия.')
INSERT INTO [BFX_IMPL].[DECLARATION_MAIN_QUESTIONS] VALUES('80990F87-8ED6-4FC1-8AF7-B61DF175CF2D',N'Страхователь и Застрахованный до заключения договора страхования с Правилами, расположенными на официальном сайте Страховщика (www.rgsl.ru), ознакомлены и согласны.')
INSERT INTO [BFX_IMPL].[DECLARATION_MAIN_QUESTIONS] VALUES('8FFE1163-2BD3-4D26-9A7C-F7E7C3002151',N'Страхователь дает свое согласие на получение рекламы, рекламной информации (в том числе в форме рекламной рассылки) Общества с ограниченной ответственностью Страховая компания «Росгосстрах Жизнь» (121059, г. Москва, вн.тер.г. муниципальный округ Дорогомилово, ул. Киевская, д. 7, к. 1) по сетям электросвязи, в том числе посредством телефонной, подвижной радиотелефонной связи, по электронной почте, с использованием номера мобильного телефона (для направления СМС-сообщений, Push-сообщений, сообщений в мессенджерах и иных приложениях, передающих и принимающих информацию с использованием сетей электросвязи, звонков по телефону) и адреса электронной почты (для направления сообщений по электронной почте). Согласие на получение рекламы, рекламной информации (в том числе в форме рекламной рассылки) по сетям электросвязи дано без ограничения срока действия и может быть отозвано в любой момент времени путем направления Страховщику письменного заявления.')
INSERT INTO [BFX_IMPL].[DECLARATION_MAIN_QUESTIONS] VALUES('A84F2B97-1DB2-435F-8A35-81AEC1CE84A5',N'Страхователь подтверждает, что Ключевой информационный документ об условиях договора добровольного страхования до заключения договора страхования им получен, с условиями Ключевого информационного документа он ознакомлен и согласен.')
INSERT INTO [BFX_IMPL].[DECLARATION_MAIN_QUESTIONS] VALUES('D6DEE868-B3B2-4D09-B47A-B48D01DA3971',N'Страхователь и Застрахованный дают свое согласие Обществу с ограниченной ответственностью Страховая компания «Росгосстрах Жизнь» (121059, г. Москва, вн.тер.г. муниципальный округ Дорогомилово, ул. Киевская, д. 7, к. 1), Публичному акционерному обществу Страховая Компания «Росгосстрах» (140002, Московская область, г. Люберцы, ул. Парковая, д. 3) на обработку и использование указанного в настоящем договоре страхования номера мобильного телефона, адреса электронной почты с целью оповещения/информирования об услугах и страховых продуктах Общества с ограниченной ответственностью Страховая компания «Росгосстрах Жизнь» (121059, г. Москва, вн.тер.г. муниципальный округ Дорогомилово, ул. Киевская, д. 7, к. 1), Публичного акционерного общества Страховая Компания «Росгосстрах» (140002, Московская область, г. Люберцы, ул. Парковая, д. 3), сообщения информации в отношении настоящего договора страхования, заключенного со Страхователем, и/или информации по страховому случаю, а также для поздравления с официальными праздниками и маркетинговых исследований. Согласие на получение информации по каналам связи дано без ограничения срока действия и может быть отозвано в любой момент времени путем направления Страховщику письменного заявления.')
DELETE FROM BFX_IMPL.DECLARATION_MAIN_QUESTIONS WHERE ID IN (SELECT [ITEM_TEXT_ID] FROM [BFX_IMPL].[DECLARATION_MAIN]   WHERE    [PRODUCT_CODE] ='IDGVN4VTB')
DELETE FROM BFX_IMPL.DECLARATION_MAIN_QUESTIONS WHERE ID='0EA3F56A-7E2F-4F3B-9D28-22272FC756F9'
DELETE FROM BFX_IMPL.DECLARATION_MAIN_QUESTIONS WHERE ID='15674FBA-3210-429E-BF50-0CC6421AE848'
DELETE FROM BFX_IMPL.DECLARATION_MAIN_QUESTIONS WHERE ID='358FAFE6-FD0B-44D2-A7C4-19D006DAC4BF'
DELETE FROM BFX_IMPL.DECLARATION_MAIN_QUESTIONS WHERE ID='3A802DF3-606E-4542-860F-3F2AF72358FB'
DELETE FROM BFX_IMPL.DECLARATION_MAIN_QUESTIONS WHERE ID='453593A6-CF99-4DA5-A76E-BBFB0F391B01'
DELETE FROM BFX_IMPL.DECLARATION_MAIN_QUESTIONS WHERE ID='55F06497-E527-48CD-A968-66862597DF6C'
DELETE FROM BFX_IMPL.DECLARATION_MAIN_QUESTIONS WHERE ID='9A6DBBA7-01AE-4257-ABE9-0F9B60AC2E48'
DELETE FROM BFX_IMPL.DECLARATION_MAIN_QUESTIONS WHERE ID='B4CFB909-5980-40FD-B9E6-C20AD4211A11'
DELETE FROM BFX_IMPL.DECLARATION_MAIN_QUESTIONS WHERE ID='CBB0E12A-1EE5-47F4-BD04-E181ED8FD742'
DELETE FROM BFX_IMPL.DECLARATION_MAIN_QUESTIONS WHERE ID='DBB242EB-D56A-4BC5-B3E2-A9BF4C689126'
DELETE FROM BFX_IMPL.DECLARATION_MAIN WHERE [PRODUCT_CODE]='IDGVN4VTB'
INSERT INTO BFX_IMPL.DECLARATION_MAIN VALUES ('36F6C87C-B3C8-4525-90FC-9BB48E4D81FC','IDGVN4VTB',15,'3A802DF3-606E-4542-860F-3F2AF72358FB','block','2025-03-07','2099-01-01')
INSERT INTO BFX_IMPL.DECLARATION_MAIN VALUES ('5532CAF7-3980-4C06-8CD8-020B7303A42A','IDGVN4VTB',11,'DBB242EB-D56A-4BC5-B3E2-A9BF4C689126','legal','2025-03-07','2099-01-01')
INSERT INTO BFX_IMPL.DECLARATION_MAIN VALUES ('72D9C955-68E2-46D9-8749-42F53ED0A066','IDGVN4VTB',19,'B4CFB909-5980-40FD-B9E6-C20AD4211A11','legal','2025-03-07','2099-01-01')
INSERT INTO BFX_IMPL.DECLARATION_MAIN VALUES ('788E1EFB-1E67-4A03-8409-0B2974AB4F48','IDGVN4VTB',12,'453593A6-CF99-4DA5-A76E-BBFB0F391B01','block','2025-03-07','2099-01-01')
INSERT INTO BFX_IMPL.DECLARATION_MAIN VALUES ('88357D81-9556-415B-A002-5A83B7B0C7AF','IDGVN4VTB',14,'9A6DBBA7-01AE-4257-ABE9-0F9B60AC2E48','legal','2025-03-07','2099-01-01')
INSERT INTO BFX_IMPL.DECLARATION_MAIN VALUES ('8EB0BB77-0738-46DA-9A10-05D21083BF71','IDGVN4VTB',17,'358FAFE6-FD0B-44D2-A7C4-19D006DAC4BF','block','2025-03-07','2099-01-01')
INSERT INTO BFX_IMPL.DECLARATION_MAIN VALUES ('A140DB0A-637A-47D9-8149-641B548FBED6','IDGVN4VTB',20,'0EA3F56A-7E2F-4F3B-9D28-22272FC756F9','block','2025-03-07','2099-01-01')
INSERT INTO BFX_IMPL.DECLARATION_MAIN VALUES ('C5CF6E30-E006-4234-93F4-86936C3CB05A','IDGVN4VTB',18,'55F06497-E527-48CD-A968-66862597DF6C','block','2025-03-07','2099-01-01')
INSERT INTO BFX_IMPL.DECLARATION_MAIN VALUES ('E04F564F-DF5F-41DA-B300-DA8B5DDD248C','IDGVN4VTB',16,'15674FBA-3210-429E-BF50-0CC6421AE848','block','2025-03-07','2099-01-01')
INSERT INTO BFX_IMPL.DECLARATION_MAIN VALUES ('F8916B67-96A5-40AE-B62A-B14F228B9B22','IDGVN4VTB',13,'CBB0E12A-1EE5-47F4-BD04-E181ED8FD742','block','2025-03-07','2099-01-01')
INSERT INTO [BFX_IMPL].[DECLARATION_MAIN_QUESTIONS] VALUES('0EA3F56A-7E2F-4F3B-9D28-22272FC756F9',N'Страхователь и Застрахованный подтверждают, что сведения, указанные в настоящем договоре страхования и приложениях к нему, являются правдивыми и содержат полную информацию. Информация, указанная в настоящем договоре страхования и приложениях к нему, признается сторонами существенной для определения вероятности наступления страхового случая.')
INSERT INTO [BFX_IMPL].[DECLARATION_MAIN_QUESTIONS] VALUES('15674FBA-3210-429E-BF50-0CC6421AE848',N'Страхователь подтверждает, что Ключевой информационный документ об условиях договора добровольного страхования до заключения договора страхования им получен, с условиями Ключевого информационного документа он ознакомлен и согласен.')
INSERT INTO [BFX_IMPL].[DECLARATION_MAIN_QUESTIONS] VALUES('358FAFE6-FD0B-44D2-A7C4-19D006DAC4BF',N'Страхователь присоединяется к Соглашению об электронном документообороте (в редакции действующей на дату заключения настоящего договора страхования) (далее – Соглашение) в соответствии со статьей 428 Гражданского кодекса Российской Федерации. Страхователь подтверждает, что ознакомился с условиями Соглашения, расположенного на официальном сайте Страховщика (www.rgsl.ru), понимает текст данного Соглашения, выражает свое согласие с ним и обязуется выполнять.')
INSERT INTO [BFX_IMPL].[DECLARATION_MAIN_QUESTIONS] VALUES('3A802DF3-606E-4542-860F-3F2AF72358FB',N'Страхователь и Застрахованный до заключения договора страхования с Правилами, расположенными на официальном сайте Страховщика (www.rgsl.ru), ознакомлены и согласны.')
INSERT INTO [BFX_IMPL].[DECLARATION_MAIN_QUESTIONS] VALUES('453593A6-CF99-4DA5-A76E-BBFB0F391B01',N'На основании положений Федерального закона от 21.11.2011 № 323-ФЗ «Об основах охраны здоровья граждан Российской Федерации» Застрахованный разрешает медицинским и иным учреждениям предоставлять информацию о состоянии его здоровья, о фактах обращения за оказанием медицинской помощи, диагнозе, иные сведения, полученные при медицинском обследовании и лечении Застрахованного, составляющие врачебную тайну, в том числе предоставление соответствующих копий документов, по запросу Страховщика.')
INSERT INTO [BFX_IMPL].[DECLARATION_MAIN_QUESTIONS] VALUES('55F06497-E527-48CD-A968-66862597DF6C',N'Страхователь и Застрахованный дают свое согласие Обществу с ограниченной ответственностью Страховая компания «Росгосстрах Жизнь» (121059, г. Москва, вн.тер.г. муниципальный округ Дорогомилово, ул. Киевская, д. 7, к. 1), Публичному акционерному обществу Страховая Компания «Росгосстрах» (140002, Московская область, г. Люберцы, ул. Парковая, д. 3) на обработку и использование указанного в настоящем договоре страхования номера мобильного телефона, адреса электронной почты с целью оповещения/информирования об услугах и страховых продуктах Общества с ограниченной ответственностью Страховая компания «Росгосстрах Жизнь» (121059, г. Москва, вн.тер.г. муниципальный округ Дорогомилово, ул. Киевская, д. 7, к. 1), Публичного акционерного общества Страховая Компания «Росгосстрах» (140002, Московская область, г. Люберцы, ул. Парковая, д. 3), сообщения информации в отношении настоящего договора страхования, заключенного со Страхователем, и/или информации по страховому случаю, а также для поздравления с официальными праздниками и маркетинговых исследований. Согласие на получение информации по каналам связи дано без ограничения срока действия и может быть отозвано в любой момент времени путем направления Страховщику письменного заявления.')
INSERT INTO [BFX_IMPL].[DECLARATION_MAIN_QUESTIONS] VALUES('9A6DBBA7-01AE-4257-ABE9-0F9B60AC2E48',N'Страхователь поручает Страховщику в течение 30 календарных дней по окончании каждого налогового периода (года), в котором осуществлялись соответствующие расходы на уплату страховых взносов по настоящему договору страхования (при условии, что срок действия договора страхования от 5 лет и более), предоставлять сведения о фактических расходах Страхователя на уплату страховых взносов в электронной форме в порядке и по формату, которые утверждены федеральным органом исполнительной власти, уполномоченным по контролю и надзору в области налогов и сборов, в налоговый орган по месту нахождения Страховщика. Страховщик исполняет настоящее поручение без направления дополнительных заявлений от Страхователя, считая данное поручение заявлением, подлежащим исполнению по окончании каждого налогового периода (года), в котором осуществлялись соответствующие расходы на уплату страховых взносов по настоящему договору страхования. Настоящее поручение может быть отозвано в любое время в течение срока действия настоящего договора страхования путем направления соответствующего заявления Страхователя способом, позволяющим установить факт его получения Страховщиком.')
INSERT INTO [BFX_IMPL].[DECLARATION_MAIN_QUESTIONS] VALUES('B4CFB909-5980-40FD-B9E6-C20AD4211A11',N'Страхователь дает свое согласие на получение рекламы, рекламной информации (в том числе в форме рекламной рассылки) Общества с ограниченной ответственностью Страховая компания «Росгосстрах Жизнь» (121059, г. Москва, вн.тер.г. муниципальный округ Дорогомилово, ул. Киевская, д. 7, к. 1) по сетям электросвязи, в том числе посредством телефонной, подвижной радиотелефонной связи, по электронной почте, с использованием номера мобильного телефона (для направления СМС-сообщений, Push-сообщений, сообщений в мессенджерах и иных приложениях, передающих и принимающих информацию с использованием сетей электросвязи, звонков по телефону) и адреса электронной почты (для направления сообщений по электронной почте). Согласие на получение рекламы, рекламной информации (в том числе в форме рекламной рассылки) по сетям электросвязи дано без ограничения срока действия и может быть отозвано в любой момент времени путем направления Страховщику письменного заявления.')
INSERT INTO [BFX_IMPL].[DECLARATION_MAIN_QUESTIONS] VALUES('CBB0E12A-1EE5-47F4-BD04-E181ED8FD742',N'Страхователь и Застрахованный в соответствии с Федеральным законом от 27.07.2006 № 152-ФЗ «О персональных данных» свободно, своей волей и в своем интересе дают свое согласие Обществу с ограниченной ответственностью Страховая компания «Росгосстрах Жизнь» (место нахождения: 121059, г. Москва, вн.тер.г. муниципальный округ Дорогомилово, ул. Киевская, д. 7, к. 1), Публичному акционерному обществу Страховая Компания «Росгосстрах» (место нахождения: 140002, Московская область, г. Люберцы, ул. Парковая, д. 3), Банку ВТБ (публичное акционерное общество) (место нахождения: 191144, г. Санкт-Петербург, Дегтярный переулок, д. 11, лит. А), перестраховщикам (Акционерное общество «Российская Национальная Перестраховочная Компания» (место нахождения: 125047, г. Москва, вн.тер.г. муниципальный округ Пресненский, ул. Гашека, д. 6)), архивным компаниям (Общество с ограниченной ответственностью «ОСГ Рекордз Менеджмент» (место нахождения: 115093, г. Москва, ул. Павловская, влд. 7, пом. 14Б)) на обработку их персональных данных (включая сбор, запись, систематизацию, накопление, хранение, уточнение (обновление, изменение), извлечение, использование, передачу (предоставление, доступ), трансграничную передачу, в том числе в страны, обеспечивающие и не обеспечивающие адекватную защиту прав субъектов персональных данных (США), обезличивание, блокирование, удаление, уничтожение) совершаемую с использованием средств автоматизации или без использования таких средств. Цель обработки персональных данных: заключение, сопровождение, исполнение, прекращение договора страхования и перестрахования, продвижение страховых услуг, проведение рекламных и маркетинговых акций, передача Страховщиком в налоговый орган по месту нахождения Страховщика в электронной форме в порядке и по формату, которые утверждены федеральным органом исполнительной власти, уполномоченным по контролю и надзору в области налогов и сборов, сведений о фактических расходах Страхователя на уплату страховых взносов по настоящему договору страхования (при условии, что срок действия договора страхования от 5 лет и более) за каждый налоговый период (год), необходимых для предоставления социального налогового вычета на доходы физических лиц, предусмотренного Налоговым кодексом Российской Федерации, а также архивное хранение и выполнение требований законодательства Российской Федерации. Перечень персональных данных, на обработку которых дается согласие (при условии их раскрытия субъектом персональных данных): фамилия, имя, отчество; гражданство; дата рождения; место рождения; пол; серия (при наличии) и номер документа, удостоверяющего личность субъекта персональных данных, дата выдачи документа, орган, выдавший документ; адрес постоянной регистрации; почтовый адрес; контактные номера телефонов (мобильного и/или домашнего); адреса электронной почты; информация о состоянии здоровья и диагнозах Застрахованного (в т. ч. составляющая врачебную тайну в соответствии со ст. 13, 19, 22 Федерального закона от 21.11.2011 № 323-ФЗ «Об основах охраны здоровья граждан в Российской Федерации»); сведения о фактических расходах Страхователя на уплату страховых взносов по настоящему договору страхования. Страхователь и Застрахованный предоставляют Страховщику согласие на поручение обработки персональных данных и/или передачу их персональных данных, указанных в настоящем согласии, в целях, указанных в настоящем согласии, а также в целях исполнения отдельных указаний Страхователя и/или Застрахованного, данных ими третьим лицам о получении персональных данных от Страховщика, в Банк ВТБ (публичное акционерное общество) (место нахождения 191144, г. Санкт-Петербург, Дегтярный переулок, д. 11, лит. А). Страхователь и Застрахованный подтверждают, что в соответствии с ч. 4 ст. 18 Федерального закона от 27.07.2006 N 152-ФЗ «О персональных данных» до начала обработки их персональных данных им предоставлена информация о наименованиях и адресах операторов, о цели обработки персональных данных и ее правовом основании, о предполагаемых пользователях персональных данных и установленных Федеральным законом от 27.07.2006 N 152-ФЗ «О персональных данных» правах субъекта персональных данных. Страховщик вправе поручить обработку персональных данных также другому лицу, на основании заключаемого с этим лицом договора. Страховщик вправе передавать вышеуказанные персональные данные третьим лицам, в том числе партнерам Страховщика, оказывающим Страховщику маркетинговые услуги (в том числе услуги рекламораспространения) и иные услуги (перечень указан на сайте Страховщика (www.rgsl.ru)) в целях, указанных в настоящем согласии, а также в целях формирования рекламных предложений услуг Страховщика и его партнеров (в том числе, но не ограничиваясь, теми, которые указаны в настоящем согласии); продвижения услуг Страховщика и его партнеров (в том числе, но не ограничиваясь, теми, которые указаны в настоящем согласии) на рынке путем осуществления прямых контактов с потенциальными потребителями с помощью средств связи, а также направления рассылок в целях повышения уровня клиентоориентированности и лояльности (включая проведение исследований (опросов) в области сервисных услуг и их качества, предоставляемых Страховщиком и его партнерами, повышения финансовой грамотности и личного финансового планирования. Такая передача может быть осуществлена в т.ч. посредством электронной почты, API или на материальных носителях (бумажных или электронных). Страховщик оставляет за собой право изменить перечень ассистанских компаний (сервисных организаций) / перестраховщиков / архивных компаний / партнеров. Список стран, в которые может быть осуществлена указанными лицами трансграничная передача также может быть изменен. Актуальный перечень ассистанских компаний (сервисных организаций) (в том числе, но не ограничиваясь – курьерских служб, колл-центров и сервисных служб) / перестраховщиков / архивных компаний / партнеров представлен на сайте Страховщика в разделе «Раскрытие информации» (www.rgsl.ru/info/). Перечень стран, в которые может быть осуществлена трансграничная передача, также представлен на сайте Страховщика в разделе «Раскрытие информации» (www.rgsl.ru/info/). Страхователь и Застрахованный уведомлены, что перечень юридических лиц, которым Страховщик вправе передавать их персональные данные может быть изменен. Согласие на обработку персональных данных начинает свое действие с момента подписания договора страхования и действует в течение всего срока действия договора страхования, а также в течение 5 (пяти) лет с даты его прекращения. Согласие может быть отозвано в любое время путем направления Страховщику письменного уведомления (путем направления заказного письма с уведомлением о вручении либо путем вручения лично под расписку уполномоченному представителю Страховщика).')
INSERT INTO [BFX_IMPL].[DECLARATION_MAIN_QUESTIONS] VALUES('DBB242EB-D56A-4BC5-B3E2-A9BF4C689126',N'Застрахованный дает свое согласие на получение Обществом с ограниченной ответственностью Страховая компания «Росгосстрах Жизнь» (121059, г. Москва, вн.тер.г. муниципальный округ Дорогомилово, ул. Киевская, д. 7, к. 1) в целях исполнения договора страхования и перестрахования: медицинской информации от любого врача (медицинского учреждения), у которого он когда-либо консультировался и/или лечился, а также будет обращаться в последующем; на получение необходимой информации в правоохранительных, медицинских и других органах (учреждениях) для проверки предоставленной информации, а также для выяснения всех обстоятельств наступления страхового случая; на получение любой информации от страховых компаний, к которым Застрахованный обращался с заявлениями на страхование жизни. Данное согласие дано без ограничения срока действия.')