delete from bfx_impl.declaration_medical_questions where id = 'ADEF38D7-B61D-42CD-B3B8-2DCED2CA1E58'; insert into bfx_impl.declaration_medical_questions values ('ADEF38D7-B61D-42CD-B3B8-2DCED2CA1E58', N'не является и не являлся ранее инвалидом I, II или не имеет и не имел ранее присвоенной категории «ребенок-инвалид»;');
delete from bfx_impl.declaration_medical_questions where id = '3383CBEB-558B-4296-ABAF-AC35590AC616'; insert into bfx_impl.declaration_medical_questions values ('3383CBEB-558B-4296-ABAF-AC35590AC616', N'не подавал документы на освидетельствование для получения группы инвалидности / категории «ребенок-инвалид» и не имеет оснований для присвоения группы инвалидности / категории «ребенок-инвалид»;');
delete from bfx_impl.declaration_medical_questions where id = '5CFA18D2-12B2-4400-BA7F-C59316859DDB'; insert into bfx_impl.declaration_medical_questions values ('5CFA18D2-12B2-4400-BA7F-C59316859DDB', N'не состоит и не состоял ранее на учете в наркологическом, психоневрологическом, онкологическом диспансерах.');

delete from bfx_impl.declaration_medical where id = '2A67B54C-976F-4CBF-8954-3AEA64E47731'; insert into bfx_impl.declaration_medical values ('2A67B54C-976F-4CBF-8954-3AEA64E47731', 'ACCIDPC', '1', 'ADEF38D7-B61D-42CD-B3B8-2DCED2CA1E58', 'block','2000-01-01','2099-12-31',0);
delete from bfx_impl.declaration_medical where id = '7E922185-5781-4298-97E8-00ACDBA522CA'; insert into bfx_impl.declaration_medical values ('7E922185-5781-4298-97E8-00ACDBA522CA', 'ACCIDPC', '2', '3383CBEB-558B-4296-ABAF-AC35590AC616', 'block','2000-01-01','2099-12-31',0);
delete from bfx_impl.declaration_medical where id = 'F3377141-B958-42B7-93BC-406EDF2FD011'; insert into bfx_impl.declaration_medical values ('F3377141-B958-42B7-93BC-406EDF2FD011', 'ACCIDPC', '3', '5CFA18D2-12B2-4400-BA7F-C59316859DDB', 'block','2000-01-01','2099-12-31',0);

delete from bfx_impl.declaration_main_questions where id = '53094550-5C5D-43FC-80E6-5CD5AB7E3562'; insert into bfx_impl.declaration_main_questions values ('53094550-5C5D-43FC-80E6-5CD5AB7E3562', N'Страхователь подтверждает, что в отношении Застрахованного отсутствуют иные действующие в ООО СК «Росгосстрах Жизнь» договоры страхования, заключенные на основании Правил страхования спортсменов от несчастных случаев (в редакции от любого числа), с покрытием по следующим видам спорта: @sportTypes@.');
delete from bfx_impl.declaration_main_questions where id = 'AB983186-3848-4670-B486-0A58EC932451'; insert into bfx_impl.declaration_main_questions values ('AB983186-3848-4670-B486-0A58EC932451', N'Страхователь не является иностранным публичным должностным лицом, указанным в подп. 1 п. 1 ст. 7.3 Федерального закона от 07.08.2001 № 115-ФЗ «О противодействии легализации (отмыванию) доходов, полученных преступным путем, и финансированию терроризма», или родственником такого лица.');
delete from bfx_impl.declaration_main_questions where id = 'AF5DD2D3-CEF7-4EB7-BB65-A4F7DDB245F2'; insert into bfx_impl.declaration_main_questions values ('AF5DD2D3-CEF7-4EB7-BB65-A4F7DDB245F2', N'Страхователь в отношении данных Застрахованного, в интересах которого Страхователь действует, и при этом Страхователь гарантирует, что уполномочен на совершение указанных в настоящем пункте действий от имени Застрахованного, свободно, своей волей и в своем интересе дает согласие на получение Обществом с ограниченной ответственностью Страховая компания «Росгосстрах Жизнь» (121059, г. Москва, вн.тер.г. муниципальный округ Дорогомилово, ул. Киевская, д. 7, к. 1) в целях исполнения договора страхования и перестрахования: медицинской информации от любого врача (медицинского учреждения), у которого Застрахованный когда-либо консультировался и/или лечился, а также будет обращаться в последующем; на получение необходимой информации в правоохранительных, медицинских и других органах (учреждениях) для проверки предоставленной информации, а также для выяснения всех обстоятельств наступления страхового случая; на получение любой информации от страховых компаний, к которым Застрахованный обращался с заявлениями на страхование жизни. Данное согласие дано без ограничения срока действия.');
delete from bfx_impl.declaration_main_questions where id = '03A70202-4134-41C0-8433-54BFBE54E509'; insert into bfx_impl.declaration_main_questions values ('03A70202-4134-41C0-8433-54BFBE54E509', N'На основании положений Федерального закона от 21.11.2011 № 323-ФЗ «Об основах охраны здоровья граждан Российской Федерации» Страхователь в отношении данных Застрахованного, в интересах которого Страхователь действует, и при этом Страхователь гарантирует, что уполномочен на совершение указанных в настоящем пункте действий от имени Застрахованного, свободно, своей волей и в своем интересе разрешает медицинским и иным учреждениям предоставлять информацию о состоянии здоровья Застрахованного, о фактах обращения за оказанием медицинской помощи, диагнозе, иные сведения, полученные при медицинском обследовании и лечении Застрахованного, составляющие врачебную тайну, в том числе предоставление соответствующих копий документов, по запросу Страховщика.');
delete from bfx_impl.declaration_main_questions where id = '0909458D-A8B8-4E0F-BDFF-A9FB92598CF5'; insert into bfx_impl.declaration_main_questions values ('0909458D-A8B8-4E0F-BDFF-A9FB92598CF5', N'Страхователь в соответствии с Федеральным законом от 27.07.2006 № 152-ФЗ «О персональных данных» в отношении своих персональных данных и персональных данных Застрахованного, в интересах которого Страхователь действует, и при этом Страхователь гарантирует, что уполномочен на совершение указанных в настоящем пункте действия от имени Застрахованного, свободно, своей волей и в своем интересе дает свое согласие Обществу с ограниченной ответственностью Страховая компания «Росгосстрах Жизнь» (место нахождения: 121059, г. Москва, вн.тер.г. муниципальный округ Дорогомилово, ул. Киевская, д. 7, к. 1), Публичному акционерному обществу Страховая Компания «Росгосстрах» (место нахождения: 140002, Московская область, г. Люберцы, ул. Парковая, д. 3), перестраховщикам (Акционерное общество «Российская Национальная Перестраховочная Компания» (место нахождения: 125047, г. Москва, вн.тер.г. муниципальный округ Пресненский, ул. Гашека, д. 6)) и архивным компаниям (Общество с ограниченной ответственностью «ОСГ Рекордз Менеджмент» (место нахождения: 115093, г. Москва, ул. Павловская, влд. 7, пом. 14Б)) на обработку персональных данных (включая сбор, запись, систематизацию, накопление, хранение, уточнение (обновление, изменение), извлечение, использование, передачу (предоставление, доступ), трансграничную передачу, в том числе в страны, обеспечивающие и не обеспечивающие адекватную защиту прав субъектов персональных данных (США), обезличивание, блокирование, удаление, уничтожение) совершаемую с использованием средств автоматизации или без использования таких средств. Цель обработки персональных данных: заключение, сопровождение, исполнение, прекращение договора страхования и перестрахования, продвижение страховых услуг, проведение рекламных и маркетинговых акций, а также архивное хранение и выполнение требований законодательства Российской Федерации. Перечень персональных данных, на обработку которых дается согласие (при условии их раскрытия субъектом персональных данных): фамилия, имя, отчество; гражданство; дата рождения; место рождения; пол; серия (при наличии) и номер документа, удостоверяющего личность субъекта персональных данных, дата выдачи документа, орган, выдавший документ; адрес постоянной регистрации; почтовый адрес; контактные номера телефонов (мобильного и/или домашнего); адреса электронной почты; информация о состоянии здоровья и диагнозах Застрахованного (в т. ч. составляющая врачебную тайну в соответствии со ст. 13, 19, 22 Федерального закона от 21.11.2011 № 323-ФЗ «Об основах охраны здоровья граждан в Российской Федерации»). Страховщик вправе поручить обработку персональных данных другому лицу, на основании заключаемого с этим лицом договора. Страховщик вправе передавать вышеуказанные персональные данные третьим лицам, в том числе партнерам Страховщика, оказывающим Страховщику маркетинговые услуги (в том числе услуги рекламораспространения) и иные услуги (перечень указан на сайте Страховщика (www.rgsl.ru)) в целях, указанных в настоящем согласии, а также в целях формирования рекламных предложений услуг Страховщика и его партнеров (в том числе, но не ограничиваясь, теми, которые указаны в настоящем согласии); продвижения услуг Страховщика и его партнеров (в том числе, но не ограничиваясь, теми, которые указаны в настоящем согласии) на рынке путем осуществления прямых контактов с потенциальными потребителями с помощью средств связи, а также направления рассылок в целях повышения уровня клиентоориентированности и лояльности (включая проведение исследований (опросов) в области сервисных услуг и их качества, предоставляемых Страховщиком и его партнерами, повышения финансовой грамотности и личного финансового планирования. Такая передача может быть осуществлена в т.ч. посредством электронной почты, API или на материальных носителях (бумажных или электронных). Страховщик оставляет за собой право изменить перечень ассистанских компаний (сервисных организаций) / перестраховщиков / архивных компаний / партнеров. Список стран, в которые может быть осуществлена указанными лицами трансграничная передача также может быть изменен. Актуальный перечень ассистанских компаний (сервисных организаций) (в том числе, но не ограничиваясь – курьерских служб, колл-центров и сервисных служб) / перестраховщиков / архивных компаний / партнеров представлен на сайте Страховщика в разделе «Раскрытие информации» (www.rgsl.ru/info/). Перечень стран, в которые может быть осуществлена трансграничная передача, также представлен на сайте Страховщика в разделе «Раскрытие информации» (www.rgsl.ru/info/). Страхователь и Застрахованный уведомлены, что перечень юридических лиц, которым Страховщик вправе передавать их персональные данные может быть изменен. Согласие на обработку персональных данных начинает свое действие с момента подписания договора страхования и действует в течение всего срока действия договора страхования, а также в течение 5 (пяти) лет с даты его прекращения. Согласие может быть отозвано в любое время путем направления Страховщику письменного уведомления (путем направления заказного письма с уведомлением о вручении либо путем вручения лично под расписку уполномоченному представителю Страховщика).');
delete from bfx_impl.declaration_main_questions where id = '5619E97D-6F8E-4589-8056-A3953F208424'; insert into bfx_impl.declaration_main_questions values ('5619E97D-6F8E-4589-8056-A3953F208424', N'Страхователь и Застрахованный до заключения договора страхования с Правилами, расположенными на официальном сайте Страховщика (www.rgsl.ru), ознакомлены и согласны.');
delete from bfx_impl.declaration_main_questions where id = '504876C1-DC58-4F57-9739-89376DCBEAA5'; insert into bfx_impl.declaration_main_questions values ('504876C1-DC58-4F57-9739-89376DCBEAA5', N'Страхователь подтверждает, что Ключевой информационный документ об условиях договора добровольного страхования до заключения договора страхования им получен, с условиями Ключевого информационного документа ознакомлен и согласен.');
delete from bfx_impl.declaration_main_questions where id = 'C9D822AB-A76D-43FB-A15C-5FD4C5CEB3F2'; insert into bfx_impl.declaration_main_questions values ('C9D822AB-A76D-43FB-A15C-5FD4C5CEB3F2', N'Страхователь присоединяется к Соглашению об электронном документообороте (в редакции действующей на дату заключения настоящего договора страхования) (далее – Соглашение) в соответствии со статьей 428 Гражданского кодекса Российской Федерации. Страхователь подтверждает, что ознакомился с условиями Соглашения, расположенного на официальном сайте Страховщика (www.rgsl.ru), понимает текст данного Соглашения, выражает свое согласие с ним и обязуется выполнять.');
delete from bfx_impl.declaration_main_questions where id = 'DC48801E-F2D9-4884-9D26-7D98445491C6'; insert into bfx_impl.declaration_main_questions values ('DC48801E-F2D9-4884-9D26-7D98445491C6', N'Страхователь и Застрахованный дают свое согласие Обществу с ограниченной ответственностью Страховая компания «Росгосстрах Жизнь» (121059, г. Москва, вн.тер.г. муниципальный округ Дорогомилово, ул. Киевская, д. 7, к. 1), Публичному акционерному обществу Страховая Компания «Росгосстрах» (140002, Московская область, г. Люберцы, ул. Парковая, д. 3) на обработку и использование указанного в настоящем договоре страхования номера мобильного телефона, адреса электронной почты с целью оповещения/информирования об услугах и страховых продуктах Общества с ограниченной ответственностью Страховая компания «Росгосстрах Жизнь» (121059, г. Москва, вн.тер.г. муниципальный округ Дорогомилово, ул. Киевская, д. 7, к. 1), Публичного акционерного общества Страховая Компания «Росгосстрах» (140002, Московская область, г. Люберцы, ул. Парковая, д. 3), сообщения информации в отношении настоящего договора страхования, заключенного со Страхователем, и/или информации по страховому случаю, а также для поздравления с официальными праздниками и маркетинговых исследований. Согласие на получение информации по каналам связи дано без ограничения срока действия и может быть отозвано в любой момент времени путем направления Страховщику письменного заявления.');
delete from bfx_impl.declaration_main_questions where id = 'FFAE9962-B1AA-4151-8DEA-5BDE5A6B994D'; insert into bfx_impl.declaration_main_questions values ('FFAE9962-B1AA-4151-8DEA-5BDE5A6B994D', N'Страхователь дает свое согласие на получение рекламы, рекламной информации (в том числе в форме рекламной рассылки) Общества с ограниченной ответственностью Страховая компания «Росгосстрах Жизнь» (121059, г. Москва, вн.тер.г. муниципальный округ Дорогомилово, ул. Киевская, д. 7, к. 1) по сетям электросвязи, в том числе посредством телефонной, подвижной радиотелефонной связи, по электронной почте, с использованием номера мобильного телефона (для направления СМС-сообщений, Push-сообщений, сообщений в мессенджерах и иных приложениях, передающих и принимающих информацию с использованием сетей электросвязи, звонков по телефону) и адреса электронной почты (для направления сообщений по электронной почте). Согласие на получение рекламы, рекламной информации (в том числе в форме рекламной рассылки) по сетям электросвязи дано без ограничения срока действия и может быть отозвано в любой момент времени путем направления Страховщику письменного заявления.');
delete from bfx_impl.declaration_main_questions where id = 'B29A099B-99CF-4BD1-B86D-FF8B014086BE'; insert into bfx_impl.declaration_main_questions values ('B29A099B-99CF-4BD1-B86D-FF8B014086BE', N'Страхователь и Застрахованный подтверждают, что сведения, указанные в настоящем договоре страхования и приложениях к нему, являются правдивыми и содержат полную информацию. Информация, указанная в настоящем договоре страхования и приложениях к нему, признается сторонами существенной для определения вероятности наступления страхового случая.');


delete from bfx_impl.declaration_main where id = '86E451A7-8C11-4FA1-8B1E-44F850C69559'; insert into bfx_impl.declaration_main values ('86E451A7-8C11-4FA1-8B1E-44F850C69559', 'ACCIDPC', '1', '53094550-5C5D-43FC-80E6-5CD5AB7E3562', 'block','2000-01-01','2099-12-31');
delete from bfx_impl.declaration_main where id = '1C580185-4AEB-44A6-9BED-A5DFDA41117D'; insert into bfx_impl.declaration_main values ('1C580185-4AEB-44A6-9BED-A5DFDA41117D', 'ACCIDPC', '2', 'AB983186-3848-4670-B486-0A58EC932451', 'block','2000-01-01','2099-12-31');
delete from bfx_impl.declaration_main where id = '9A532CE1-BB25-4E35-8F2D-474EB65654DD'; insert into bfx_impl.declaration_main values ('9A532CE1-BB25-4E35-8F2D-474EB65654DD', 'ACCIDPC', '3', 'AF5DD2D3-CEF7-4EB7-BB65-A4F7DDB245F2', 'block','2000-01-01','2099-12-31');
delete from bfx_impl.declaration_main where id = '434D3AB5-9B38-4E3D-9B02-7582E337B02D'; insert into bfx_impl.declaration_main values ('434D3AB5-9B38-4E3D-9B02-7582E337B02D', 'ACCIDPC', '4', '03A70202-4134-41C0-8433-54BFBE54E509', 'block','2000-01-01','2099-12-31');
delete from bfx_impl.declaration_main where id = '56C7D4E2-E000-46F7-AFAB-D55F6232FE26'; insert into bfx_impl.declaration_main values ('56C7D4E2-E000-46F7-AFAB-D55F6232FE26', 'ACCIDPC', '5', '0909458D-A8B8-4E0F-BDFF-A9FB92598CF5', 'block','2000-01-01','2099-12-31');
delete from bfx_impl.declaration_main where id = 'F27D23DD-EF17-4216-A082-FD84597AF461'; insert into bfx_impl.declaration_main values ('F27D23DD-EF17-4216-A082-FD84597AF461', 'ACCIDPC', '6', '5619E97D-6F8E-4589-8056-A3953F208424', 'block','2000-01-01','2099-12-31');
delete from bfx_impl.declaration_main where id = '1C883D8D-7D0F-4DDE-A656-9ED9D2BCBA4F'; insert into bfx_impl.declaration_main values ('1C883D8D-7D0F-4DDE-A656-9ED9D2BCBA4F', 'ACCIDPC', '7', '504876C1-DC58-4F57-9739-89376DCBEAA5', 'block','2000-01-01','2099-12-31');
delete from bfx_impl.declaration_main where id = '26886E99-4C14-47C9-A0F2-C515D949DF8D'; insert into bfx_impl.declaration_main values ('26886E99-4C14-47C9-A0F2-C515D949DF8D', 'ACCIDPC', '8', 'C9D822AB-A76D-43FB-A15C-5FD4C5CEB3F2', 'block','2000-01-01','2099-12-31');
delete from bfx_impl.declaration_main where id = '144629CC-B629-443C-9CBD-5C658338E6D0'; insert into bfx_impl.declaration_main values ('144629CC-B629-443C-9CBD-5C658338E6D0', 'ACCIDPC', '9', 'DC48801E-F2D9-4884-9D26-7D98445491C6', 'block','2000-01-01','2099-12-31');
delete from bfx_impl.declaration_main where id = '6E1E410D-6ABA-458F-BE24-FCA98F967124'; insert into bfx_impl.declaration_main values ('6E1E410D-6ABA-458F-BE24-FCA98F967124', 'ACCIDPC', '10', 'FFAE9962-B1AA-4151-8DEA-5BDE5A6B994D', 'block','2000-01-01','2099-12-31');
delete from bfx_impl.declaration_main where id = '36784662-1EB1-497C-A764-285F98D4B154'; insert into bfx_impl.declaration_main values ('36784662-1EB1-497C-A764-285F98D4B154', 'ACCIDPC', '11', 'B29A099B-99CF-4BD1-B86D-FF8B014086BE', 'block','2000-01-01','2099-12-31');
