DELETE FROM [BFX_IMPL].[PRODUCTS] where code ='ECOF2ZENIT';
INSERT INTO [BFX_IMPL].[PRODUCTS] SELECT '0558BF93-8A18-4D74-B556-20EFC76DDF62', 'ECOF2ZENIT', N'endowment', N'Забота о семье 2.0', N'НСЖ', N'massZENIT', NULL
DELETE FROM [BFX_IMPL].[RISK_PRODUCT_RELATION] WHERE PRODUCT_CODE ='ECOF2ZENIT';
INSERT INTO [BFX_IMPL].[RISK_PRODUCT_RELATION]
(ID, RISK_CODE, PRODUCT_CODE, IS_REPLACEABLE, PARENT_RISK, CONDITIONS_FUNCTION, RELATION_TYPE_CODE, RISK_ORDER, RISK_PROGRAM, RISK_PERSON) 
VALUES 
('B8D8EED0-36B6-4A92-AA53-FCB3A1F7E2DB','E36404','ECOF2ZENIT',0,NULL, NULL, '01',1,'main','insuredPerson')
,('9335C836-0E0F-4D9D-AB34-FF62DB446D00','DLPSS36404','ECOF2ZENIT',0,NULL, NULL, '01',2,'main','insuredPerson')
,('45906832-E1BE-4209-AD6C-A4DE1C7223EB','DVV36404','ECOF2ZENIT',0,NULL, 'DVV36404ECOFPVTB','01',3,'main','insuredPerson')
,('76754EDB-7805-4285-9A11-DBF417FBDE26','DAVV36404','ECOF2ZENIT',0,NULL, 'DAVV36404ECOFPVTB','01',4,'main','insuredPerson')
,('D6B4B9A5-8DAA-4AB3-9212-DA8839D25A66','DNS36404','ECOF2ZENIT',0,NULL, 'DNS36404ECOFPVTB','01',5,'additional','insuredPerson')
,('A5DCBE10-E56E-4F4C-9E43-B7C2A68C6F59','DTP36404','ECOF2ZENIT',0,NULL, 'DTP36404ECOFPVTB','01',6,'additional','insuredPerson')
,('3EDCD29D-1ACC-41E1-AAEB-E88C0916FD6A','CTDA36404','ECOF2ZENIT',0,NULL, 'CTDA36404ECOFPVTB','01',7,'additional','insuredPerson')
,('02ECBCB0-1165-48B3-9A8A-01D928B9C011','DASS36404','ECOF2ZENIT',0,NULL, 'DASS36404ECOFPVTB','01',8,'additional','insuredPerson')
,('AC94606B-83F0-481C-86C2-98DFC8B4099D','CDHR10800','ECOF2ZENIT',0,NULL, 'CDHR10800ECOFPVTB','01',9,'additional','insuredPerson')
,('037F062A-148D-4CF5-8BDB-1D95D0AF320E','CDVV36404','ECOF2ZENIT',0,NULL, 'CDVV36404ECOFPVTB','01',10,'additional','insuredPerson')

DELETE FROM BFX_IMPL.DECLARATION_MEDICAL_QUESTIONS WHERE ID IN (SELECT [ITEM_TEXT_ID] FROM [BFX_IMPL].[DECLARATION_MEDICAL]   WHERE    [PRODUCT_CODE] ='ECOF2ZENIT')
DELETE FROM BFX_IMPL.DECLARATION_MEDICAL_QUESTIONS WHERE ID='096B2EF9-78AF-45E0-A77C-E6A7EA2175A3'
DELETE FROM BFX_IMPL.DECLARATION_MEDICAL_QUESTIONS WHERE ID='09B1FDCF-5DD3-4897-98FC-742D5F41DFCC'
DELETE FROM BFX_IMPL.DECLARATION_MEDICAL_QUESTIONS WHERE ID='13367FDC-CD7B-49C9-A352-D1A92F326B3E'
DELETE FROM BFX_IMPL.DECLARATION_MEDICAL_QUESTIONS WHERE ID='1AFE7A21-B0FA-4C9E-B68A-BE63FA3E9553'
DELETE FROM BFX_IMPL.DECLARATION_MEDICAL_QUESTIONS WHERE ID='239742BF-4820-49A4-AA92-F4915A0FDF90'
DELETE FROM BFX_IMPL.DECLARATION_MEDICAL_QUESTIONS WHERE ID='317A4D6D-D50F-4113-817C-9B233369EE87'
DELETE FROM BFX_IMPL.DECLARATION_MEDICAL_QUESTIONS WHERE ID='31CB4906-2E94-4476-8BDB-451EE49F2A86'
DELETE FROM BFX_IMPL.DECLARATION_MEDICAL_QUESTIONS WHERE ID='4513085D-08B5-40AD-BC55-D70471C57872'
DELETE FROM BFX_IMPL.DECLARATION_MEDICAL_QUESTIONS WHERE ID='4975FF64-383F-4B38-89BE-439A969B87A2'
DELETE FROM BFX_IMPL.DECLARATION_MEDICAL_QUESTIONS WHERE ID='5FCA3F67-2039-40FE-831B-3D0A2E25C1E0'
DELETE FROM BFX_IMPL.DECLARATION_MEDICAL_QUESTIONS WHERE ID='7006B26E-3819-4F4C-BFC5-B2BB1C994E39'
DELETE FROM BFX_IMPL.DECLARATION_MEDICAL_QUESTIONS WHERE ID='70F16853-9D2F-46A4-8242-01B6F7A17C81'
DELETE FROM BFX_IMPL.DECLARATION_MEDICAL_QUESTIONS WHERE ID='7976F97C-402C-4069-B154-ABFDD67EA487'
DELETE FROM BFX_IMPL.DECLARATION_MEDICAL_QUESTIONS WHERE ID='7BAFEA68-E7DC-4D5F-8F54-6D4E7E0DABD8'
DELETE FROM BFX_IMPL.DECLARATION_MEDICAL_QUESTIONS WHERE ID='B9A667A8-F6B2-4C09-9D1C-1B172B5B9BD7'
DELETE FROM BFX_IMPL.DECLARATION_MEDICAL_QUESTIONS WHERE ID='B9E08190-E5B9-4A6D-A251-6D08566D8B5D'
DELETE FROM BFX_IMPL.DECLARATION_MEDICAL_QUESTIONS WHERE ID='C3BFB1E8-E84B-4FDD-BE4D-EC03F425EF2E'
DELETE FROM BFX_IMPL.DECLARATION_MEDICAL_QUESTIONS WHERE ID='C644D5B0-E921-4BD4-83A5-F10B57B661F9'
DELETE FROM BFX_IMPL.DECLARATION_MEDICAL_QUESTIONS WHERE ID='CAAFF05A-731E-4DC2-B893-01712B139B14'
DELETE FROM BFX_IMPL.DECLARATION_MEDICAL_QUESTIONS WHERE ID='D570353D-0FF0-48F4-B68B-4E012D22D622'
DELETE FROM BFX_IMPL.DECLARATION_MEDICAL WHERE [PRODUCT_CODE]='ECOF2ZENIT'
INSERT INTO BFX_IMPL.DECLARATION_MEDICAL VALUES ('22E1A34E-F31A-4AEB-8C3D-1B14022A7A7C','ECOF2ZENIT',4,'CAAFF05A-731E-4DC2-B893-01712B139B14','underwriting','1900-01-01','2099-12-31',0)
INSERT INTO BFX_IMPL.DECLARATION_MEDICAL VALUES ('28924066-013C-4A3B-ADA2-B4DB584F94A3','ECOF2ZENIT',3,'1AFE7A21-B0FA-4C9E-B68A-BE63FA3E9553','underwriting','1900-01-01','2099-12-31',0)
INSERT INTO BFX_IMPL.DECLARATION_MEDICAL VALUES ('3540EB3B-34AE-45D6-8D70-630150197655','ECOF2ZENIT',15,'317A4D6D-D50F-4113-817C-9B233369EE87','underwriting','1900-01-01','2099-12-31',0)
INSERT INTO BFX_IMPL.DECLARATION_MEDICAL VALUES ('38CB9340-545A-49B4-AA36-C2E3F06D6C7D','ECOF2ZENIT',2,'7BAFEA68-E7DC-4D5F-8F54-6D4E7E0DABD8','underwriting','1900-01-01','2099-12-31',0)
INSERT INTO BFX_IMPL.DECLARATION_MEDICAL VALUES ('40C1D7FF-615A-4930-A8A7-18F29975A8A4','ECOF2ZENIT',17,'13367FDC-CD7B-49C9-A352-D1A92F326B3E','underwriting','1900-01-01','2099-12-31',0)
INSERT INTO BFX_IMPL.DECLARATION_MEDICAL VALUES ('46B7E0E1-3447-4B8B-828A-769B1C40F914','ECOF2ZENIT',19,'7006B26E-3819-4F4C-BFC5-B2BB1C994E39','underwriting','1900-01-01','2099-12-31',0)
INSERT INTO BFX_IMPL.DECLARATION_MEDICAL VALUES ('48D8E598-E101-4268-A2FC-B3E19139C2BE','ECOF2ZENIT',6,'31CB4906-2E94-4476-8BDB-451EE49F2A86','underwriting','1900-01-01','2099-12-31',0)
INSERT INTO BFX_IMPL.DECLARATION_MEDICAL VALUES ('65AF75EE-A93E-459F-90EA-D2FC1DCBA3AD','ECOF2ZENIT',14,'096B2EF9-78AF-45E0-A77C-E6A7EA2175A3','underwriting','1900-01-01','2099-12-31',0)
INSERT INTO BFX_IMPL.DECLARATION_MEDICAL VALUES ('6D022F14-EE0F-487C-B695-B7E969EE6057','ECOF2ZENIT',18,'09B1FDCF-5DD3-4897-98FC-742D5F41DFCC','underwriting','1900-01-01','2099-12-31',0)
INSERT INTO BFX_IMPL.DECLARATION_MEDICAL VALUES ('778EDA70-5F2C-4F2F-A8C0-D182856593DC','ECOF2ZENIT',1,'C644D5B0-E921-4BD4-83A5-F10B57B661F9','underwriting','1900-01-01','2099-12-31',0)
INSERT INTO BFX_IMPL.DECLARATION_MEDICAL VALUES ('88B5997A-F458-494F-80B6-9DF828665713','ECOF2ZENIT',12,'D570353D-0FF0-48F4-B68B-4E012D22D622','underwriting','1900-01-01','2099-12-31',0)
INSERT INTO BFX_IMPL.DECLARATION_MEDICAL VALUES ('9E9D3C42-3C2F-4F1F-88DD-1B440586F4F3','ECOF2ZENIT',8,'239742BF-4820-49A4-AA92-F4915A0FDF90','underwriting','1900-01-01','2099-12-31',0)
INSERT INTO BFX_IMPL.DECLARATION_MEDICAL VALUES ('A364F9A0-DF16-4162-A3E5-211C5EE40B28','ECOF2ZENIT',5,'4513085D-08B5-40AD-BC55-D70471C57872','underwriting','1900-01-01','2099-12-31',0)
INSERT INTO BFX_IMPL.DECLARATION_MEDICAL VALUES ('A67B2AD1-40AD-4BC3-9BAF-6DBC45ADD229','ECOF2ZENIT',16,'4975FF64-383F-4B38-89BE-439A969B87A2','underwriting','1900-01-01','2099-12-31',0)
INSERT INTO BFX_IMPL.DECLARATION_MEDICAL VALUES ('AF5B1FB2-E539-42AE-B62F-E52C83415020','ECOF2ZENIT',7,'7976F97C-402C-4069-B154-ABFDD67EA487','underwriting','1900-01-01','2099-12-31',0)
INSERT INTO BFX_IMPL.DECLARATION_MEDICAL VALUES ('AF7BB768-BDAB-4922-B91D-182003A99354','ECOF2ZENIT',10,'70F16853-9D2F-46A4-8242-01B6F7A17C81','underwriting','1900-01-01','2099-12-31',0)
INSERT INTO BFX_IMPL.DECLARATION_MEDICAL VALUES ('C3217ADD-C78D-4A94-8405-416A6D94CD43','ECOF2ZENIT',20,'B9E08190-E5B9-4A6D-A251-6D08566D8B5D','underwriting','1900-01-01','2099-12-31',0)
INSERT INTO BFX_IMPL.DECLARATION_MEDICAL VALUES ('D450FD77-A227-42E7-B343-41DBE82C2B1D','ECOF2ZENIT',13,'5FCA3F67-2039-40FE-831B-3D0A2E25C1E0','underwriting','1900-01-01','2099-12-31',0)
INSERT INTO BFX_IMPL.DECLARATION_MEDICAL VALUES ('D7773F1F-5217-4969-9F4A-470C4BADE051','ECOF2ZENIT',11,'B9A667A8-F6B2-4C09-9D1C-1B172B5B9BD7','underwriting','1900-01-01','2099-12-31',0)
INSERT INTO BFX_IMPL.DECLARATION_MEDICAL VALUES ('E636B241-D862-42AD-9336-09D5A7F33170','ECOF2ZENIT',9,'C3BFB1E8-E84B-4FDD-BE4D-EC03F425EF2E','underwriting','1900-01-01','2099-12-31',0)
INSERT INTO [BFX_IMPL].[DECLARATION_MEDICAL_QUESTIONS] VALUES('096B2EF9-78AF-45E0-A77C-E6A7EA2175A3',N'не находился на больничном более 14 дней подряд, кроме как в связи с гриппом, и у меня нет проблем со здоровьем, в связи с которыми предоставляется право на сокращенный рабочий день или частичную занятость;')
INSERT INTO [BFX_IMPL].[DECLARATION_MEDICAL_QUESTIONS] VALUES('09B1FDCF-5DD3-4897-98FC-742D5F41DFCC',N'мне не известно о каких-либо результатах онкологических или иных анализов, требующих дополнительных исследований или лечения;')
INSERT INTO [BFX_IMPL].[DECLARATION_MEDICAL_QUESTIONS] VALUES('13367FDC-CD7B-49C9-A352-D1A92F326B3E',N'за последние 12 месяцев у меня не было непреднамеренного снижения веса более чем на 10%;')
INSERT INTO [BFX_IMPL].[DECLARATION_MEDICAL_QUESTIONS] VALUES('1AFE7A21-B0FA-4C9E-B68A-BE63FA3E9553',N'не подавал(а) документы на освидетельствование для получения группы инвалидности и не имею оснований для присвоения группы инвалидности;')
INSERT INTO [BFX_IMPL].[DECLARATION_MEDICAL_QUESTIONS] VALUES('239742BF-4820-49A4-AA92-F4915A0FDF90',N'не намереваюсь путешествовать на территории, на которой объявлено чрезвычайное положение или проводятся боевые действия;')
INSERT INTO [BFX_IMPL].[DECLARATION_MEDICAL_QUESTIONS] VALUES('317A4D6D-D50F-4113-817C-9B233369EE87',N'на протяжении последних 10 лет у меня отсутствовали следующие симптомы и/или изменения в состоянии здоровья: боли в груди, повышение артериального давления, шумы в сердце, учащенное сердцебиение, патологические изменения на ЭКГ, повышение уровня триглицеридов и/или холестерина в крови, обмороки, потеря сознания, судорожные припадки, нарушение речи, желудочно-кишечное кровотечение, кровь или белок, или сахар в моче, я не получал(а) травмы, которые привели к постоянной или временной недееспособности')
INSERT INTO [BFX_IMPL].[DECLARATION_MEDICAL_QUESTIONS] VALUES('31CB4906-2E94-4476-8BDB-451EE49F2A86',N'на протяжении последних 12 месяцев я не подвергался (не подвергалась) хирургическим вмешательствам или не был(а) госпитализирован(а), за исключением госпитализации по причине: беременности и родов, аппендэктомии, грыжесечения, тонзилэктомии, аденоидэктомии, пункций околоносовых пазух, септопластики, геморроидэктомии, пластических операций, операции на венах, стоматологических операций;')
INSERT INTO [BFX_IMPL].[DECLARATION_MEDICAL_QUESTIONS] VALUES('4513085D-08B5-40AD-BC55-D70471C57872',N'не имел(а), не обращался (не обращалась) за медицинской помощью по нижеперечисленным заболеваниям и не страдаю ими в настоящее время: - доброкачественные или злокачественные опухоли, включая предраковые, любые опухоли кожи (включая кисты и любые новообразования), опухоли щитовидной железы, доброкачественные или злокачественные опухоли мозга, поликистоз почек, карцинома и меланома in situ, рак крови / лейкемия; - заболевания, вызванные воздействием радиации; - СПИД и другие заболевания, связанные с вирусом иммунодефицита человека; - заболевания сердечно-сосудистой системы (например: гипертоническая болезнь, ишемическая болезнь сердца, стенокардия, инфаркт миокарда, порок сердца, нарушения сердечного ритма, заболевания сердечного клапана, кардиомиопатия, инсульт, тромбоз, атеросклероз); - заболевания дыхательной системы (бронхит, пневмония, бронхиальная астма, плеврит, туберкулез легких, хроническое обструктивное заболевание легких, эмфизема, фиброз, саркоидоз); - заболевания кровеносной или иммунной системы, включая анемию, проблемы со свертываемостью крови, нарушения иммунной системы; - заболевания почек и мочевой системы (например: уролитиаз, нефрит, почечная недостаточность, энурез, поликистоз почек, простатит); - заболевания печени и селезенки (цирроз печени, гепатит В, С, D, E, хроническая печеночная недостаточность, жировое перерождение печени, спленомегалия); - заболевания желудочно-кишечного тракта, включая рефлюкс, гастрит, язвенная болезнь, колит, холецистит, панкреатит, кровотечение, пилонидальный абсцесс, грыжи любых типов, болезнь Крона, пищевод Барретта, полипы; - нарушение обмена веществ, заболевания эндокринной системы (например: ожирение, тиреотоксикоз, сахарный диабет I-II типа, заболевания гипофиза, пролактинома, подагра); - заболевания опорно-двигательного аппарата (например: артрит, артроз, анкилоз, деформация суставов или конечностей, заболевания позвоночника, ревматизм и/или генерализированные заболевания и/или расстройства, включая ревматоидный артрит, волчанка); - заболевания нервной системы, включая центральную нервную систему (мозг, спинной мозг), периферийную нервную систему, автономные нервные системы, опорные элементы нервной системы (например, череп, позвоночник) и их систему кровоснабжения (внечерепная цереброваскулярная система), эпилепсия, нарушение речи, параличи, невротические состояния, психические расстройства или заболевания;')
INSERT INTO [BFX_IMPL].[DECLARATION_MEDICAL_QUESTIONS] VALUES('4975FF64-383F-4B38-89BE-439A969B87A2',N'у меня не было и нет заболеваний половых и/или репродуктивных органов, включая грудь, неменструальное вагинальное кровотечение, миому матки, бесплодие (включая мужчин), дефектные яички, варикоцеле;')
INSERT INTO [BFX_IMPL].[DECLARATION_MEDICAL_QUESTIONS] VALUES('5FCA3F67-2039-40FE-831B-3D0A2E25C1E0',N'у меня никогда не диагностировали вирус папилломы человека, вирус Эпштейна-Барра, вирус герпеса человека 8-го типа, Хеликобактер пилори, вирусы гепатита, вирус иммунодефицита человека (ВИЧ);')
INSERT INTO [BFX_IMPL].[DECLARATION_MEDICAL_QUESTIONS] VALUES('7006B26E-3819-4F4C-BFC5-B2BB1C994E39',N'не выкуриваю более 20 сигарет/электронных сигарет в день или не курю ежедневно сигары, трубки, кальян/наргиле, или другие никотиновые заменители и не употребляю алкоголь более чем 5 единиц в день (одна единица = 300 мл пива или 100 мл вина или 20 мл спирта);')
INSERT INTO [BFX_IMPL].[DECLARATION_MEDICAL_QUESTIONS] VALUES('70F16853-9D2F-46A4-8242-01B6F7A17C81',N'не нахожусь под следствием и не являюсь осужденным к лишению свободы.')
INSERT INTO [BFX_IMPL].[DECLARATION_MEDICAL_QUESTIONS] VALUES('7976F97C-402C-4069-B154-ABFDD67EA487',N'не прохожу службу в вооруженных силах, не занят(а) в профессиональной или непрофессиональной авиации, в работах со взрывчатыми и радиоактивными веществами, ионизирующей радиацией (включая ультрафиолетовое излучение, микроволновое излучение), подземных работах, я не контактирую с канцерогенными или токсическими веществами или газами, электрическими сетями высокого напряжения, не являюсь водолазом, пожарным, скалолазом, работником ядерной промышленности, нефтяником (за исключением офисных сотрудников), охранником и профессиональным спортсменом, не работаю с оружием;')
INSERT INTO [BFX_IMPL].[DECLARATION_MEDICAL_QUESTIONS] VALUES('7BAFEA68-E7DC-4D5F-8F54-6D4E7E0DABD8',N'не являюсь и не являлся (не являлась) ранее инвалидом;')
INSERT INTO [BFX_IMPL].[DECLARATION_MEDICAL_QUESTIONS] VALUES('B9A667A8-F6B2-4C09-9D1C-1B172B5B9BD7',N'мне не проводились хирургические операции, и я не находился на стационарном лечении в связи с увеличением груди, трансплантацией органов, пересадкой костного мозга;')
INSERT INTO [BFX_IMPL].[DECLARATION_MEDICAL_QUESTIONS] VALUES('B9E08190-E5B9-4A6D-A251-6D08566D8B5D',N'на момент заключения договора страхования ни одному из моих ближайших родственников (отец, мать, дети, братья и сестры) никогда не диагностировали рак, предраковые состояния или сердечно-сосудистое заболевание в возрасте до 60 лет, а также семейный аденоматозный полипоз.')
INSERT INTO [BFX_IMPL].[DECLARATION_MEDICAL_QUESTIONS] VALUES('C3BFB1E8-E84B-4FDD-BE4D-EC03F425EF2E',N'не нахожусь под следствием и не являюсь осужденным к лишению свободы;')
INSERT INTO [BFX_IMPL].[DECLARATION_MEDICAL_QUESTIONS] VALUES('C644D5B0-E921-4BD4-83A5-F10B57B661F9',N'являюсь лицом в возрасте от 18 полных лет на дату заключения настоящего договора страхования и до 75 полных лет (включительно) на дату окончания срока действия договора страхования;')
INSERT INTO [BFX_IMPL].[DECLARATION_MEDICAL_QUESTIONS] VALUES('CAAFF05A-731E-4DC2-B893-01712B139B14',N'не употребляю и не употреблял(а) ранее наркотики, токсичные вещества, не страдаю алкоголизмом, не состою и не состоял(а) ранее на учете в наркологическом диспансере, психоневрологическом, туберкулезном диспансере, центрах профилактики борьбы со СПИДом;')
INSERT INTO [BFX_IMPL].[DECLARATION_MEDICAL_QUESTIONS] VALUES('D570353D-0FF0-48F4-B68B-4E012D22D622',N'у меня никогда не было продолжительного повышения температуры (более 7 дней подряд) в связи с заболеваниями, кроме гриппа;')

DELETE FROM BFX_IMPL.DECLARATION_MAIN_QUESTIONS WHERE ID IN (SELECT [ITEM_TEXT_ID] FROM [BFX_IMPL].[DECLARATION_MAIN]   WHERE    [PRODUCT_CODE] ='ECOF2ZENIT')
DELETE FROM BFX_IMPL.DECLARATION_MAIN_QUESTIONS WHERE ID='13C82BE2-3FC0-4A61-A48E-04DADA320EBA'
DELETE FROM BFX_IMPL.DECLARATION_MAIN_QUESTIONS WHERE ID='5C47B7E1-D2C6-4F0D-B85E-4301F55C2CAF'
DELETE FROM BFX_IMPL.DECLARATION_MAIN_QUESTIONS WHERE ID='6824115C-A5A4-43B2-91DB-9B1C9E5FB66B'
DELETE FROM BFX_IMPL.DECLARATION_MAIN_QUESTIONS WHERE ID='7DFC20FC-78E4-46E9-8E81-089E816B5A36'
DELETE FROM BFX_IMPL.DECLARATION_MAIN_QUESTIONS WHERE ID='9235C0F1-D646-404B-A167-71E857CC158B'
DELETE FROM BFX_IMPL.DECLARATION_MAIN_QUESTIONS WHERE ID='9C2A408E-2F03-435B-9AFB-619F08819A2E'
DELETE FROM BFX_IMPL.DECLARATION_MAIN_QUESTIONS WHERE ID='A840BCCA-2B7F-4EB6-8C51-F6ABF3BB8FD2'
DELETE FROM BFX_IMPL.DECLARATION_MAIN_QUESTIONS WHERE ID='C0D2BF4C-F680-437A-8411-1A2341006B22'
DELETE FROM BFX_IMPL.DECLARATION_MAIN_QUESTIONS WHERE ID='C786C466-805D-4588-9352-0662341D2D8C'
DELETE FROM BFX_IMPL.DECLARATION_MAIN_QUESTIONS WHERE ID='EFEC745D-C6BA-4ED2-9E20-16B248D3ABB1'
DELETE FROM BFX_IMPL.DECLARATION_MAIN_QUESTIONS WHERE ID='F5E626A4-0CCF-4E36-AB8C-B73226D413D2'
DELETE FROM BFX_IMPL.DECLARATION_MAIN_QUESTIONS WHERE ID='F64921BE-5827-4A63-A05A-EF3529DF3269'
DELETE FROM BFX_IMPL.DECLARATION_MAIN WHERE [PRODUCT_CODE]='ECOF2ZENIT'
INSERT INTO BFX_IMPL.DECLARATION_MAIN VALUES ('05B4CFA8-B6D1-4E63-A279-F15ABC75744E','ECOF2ZENIT',12,'F5E626A4-0CCF-4E36-AB8C-B73226D413D2','block','1900-01-01','2099-12-31')
INSERT INTO BFX_IMPL.DECLARATION_MAIN VALUES ('1D0FA12F-EC92-417C-A1F4-D8403203EE28','ECOF2ZENIT',6,'13C82BE2-3FC0-4A61-A48E-04DADA320EBA','compliance','1900-01-01','2099-12-31')
INSERT INTO BFX_IMPL.DECLARATION_MAIN VALUES ('40956AC9-559E-4566-A676-64848CD60F49','ECOF2ZENIT',7,'6824115C-A5A4-43B2-91DB-9B1C9E5FB66B','compliance','1900-01-01','2099-12-31')
INSERT INTO BFX_IMPL.DECLARATION_MAIN VALUES ('8F364719-FA06-491D-8B0C-F99A55D57BDF','ECOF2ZENIT',2,'9C2A408E-2F03-435B-9AFB-619F08819A2E','compliance','1900-01-01','2099-12-31')
INSERT INTO BFX_IMPL.DECLARATION_MAIN VALUES ('942B239B-5711-465E-ACBA-2F092D67253A','ECOF2ZENIT',4,'5C47B7E1-D2C6-4F0D-B85E-4301F55C2CAF','compliance','1900-01-01','2099-12-31')
INSERT INTO BFX_IMPL.DECLARATION_MAIN VALUES ('A88AE111-DD00-44D3-B502-ADF079A05613','ECOF2ZENIT',11,'7DFC20FC-78E4-46E9-8E81-089E816B5A36','block','1900-01-01','2099-12-31')
INSERT INTO BFX_IMPL.DECLARATION_MAIN VALUES ('D1FB0EA9-F260-46B0-91F1-B928D2473654','ECOF2ZENIT',8,'9235C0F1-D646-404B-A167-71E857CC158B','compliance','1900-01-01','2099-12-31')
INSERT INTO BFX_IMPL.DECLARATION_MAIN VALUES ('D67CE14F-A332-480C-95AA-10D14D932386','ECOF2ZENIT',1,'C786C466-805D-4588-9352-0662341D2D8C','underwriting','1900-01-01','2099-12-31')
INSERT INTO BFX_IMPL.DECLARATION_MAIN VALUES ('E1279DCC-957A-4453-ADC0-07E9E1A248CB','ECOF2ZENIT',5,'C0D2BF4C-F680-437A-8411-1A2341006B22','compliance','1900-01-01','2099-12-31')
INSERT INTO BFX_IMPL.DECLARATION_MAIN VALUES ('E1A4EEE4-B75B-4FC7-A9FF-B3816596F3D5','ECOF2ZENIT',9,'A840BCCA-2B7F-4EB6-8C51-F6ABF3BB8FD2','compliance','1900-01-01','2099-12-31')
INSERT INTO BFX_IMPL.DECLARATION_MAIN VALUES ('E469049D-D3D5-4E53-9DAD-FFE4A116A3C2','ECOF2ZENIT',3,'F64921BE-5827-4A63-A05A-EF3529DF3269','compliance','1900-01-01','2099-12-31')
INSERT INTO BFX_IMPL.DECLARATION_MAIN VALUES ('F45E276C-9DAE-4BC3-8607-18381D630C1A','ECOF2ZENIT',10,'EFEC745D-C6BA-4ED2-9E20-16B248D3ABB1','legal','1900-01-01','2099-12-31')
INSERT INTO [BFX_IMPL].[DECLARATION_MAIN_QUESTIONS] VALUES('13C82BE2-3FC0-4A61-A48E-04DADA320EBA',N'Страхователь подтверждает, что иное физическое лицо не имеет возможности контролировать действия Страхователя.')
INSERT INTO [BFX_IMPL].[DECLARATION_MAIN_QUESTIONS] VALUES('5C47B7E1-D2C6-4F0D-B85E-4301F55C2CAF',N'Страхователь не является иностранным публичным должностным лицом («иностранное публичное должностное лицо» означает любое назначаемое или избираемое лицо, занимающее какую-либо должность в законодательном, исполнительном, административном или судебном органе иностранного государства, и любое лицо, выполняющее какую-либо публичную функцию для иностранного государства, в том числе для публичного ведомства или публичного предприятия), должностным лицом публичных международных организаций («должностное лицо публичной международной организации» означает международного гражданского служащего или любое лицо, которое уполномочено такой организацией действовать от ее имени), российским публичным должностным лицом, лицом, замещающим (занимающим) государственные должности в Российской Федерации, должности членов Совета директоров Банка России, должности федеральной государственной службы, назначение на которые и освобождение от которых осуществляются Президентом Российской Федерации или Правительством Российской Федерации, должности в Банке России, государственных корпорациях и иных организациях, созданных Российской Федерацией на основании федеральных законов, включенные в перечни должностей, определяемые Президентом Российской Федерации, родственником кого-то из вышеперечисленных лиц (супругом, родителем, ребенком, дедушкой, бабушкой, внуком, полнородным и неполнородным (имеющим общих отца или мать) братом и сестрой, усыновителем и усыновленным) или представителем, действующим от его имени.')
INSERT INTO [BFX_IMPL].[DECLARATION_MAIN_QUESTIONS] VALUES('6824115C-A5A4-43B2-91DB-9B1C9E5FB66B',N'Страхователь подтверждает, что он не является налоговым резидентом США и не обладает ни одним из признаков налогового резидента США (не имеет гражданства США (в том числе в случае наличия двух и более гражданств) и разрешения на постоянное пребывание в США (форма I-551 Green Card); не соответствует критерию «Долгосрочное пребывание» на территории США; местом рождения Страхователя не является территория США; не имеет адреса проживания и/или почтового адреса, номера контактного телефона и/или факса на территории США; не имеет открытых счетов в кредитных организациях на территории США). (Физическое лицо соответствует критерию «Долгосрочное пребывание», если оно находилось на территории США не менее 31 дня в течение текущего календарного года и не менее 183 дней в течение 3 лет, включая текущий год и два непосредственно предшествующих года. При этом сумма дней, в течение которых физическое лицо присутствовало на территории США в текущем году, а также двух предшествующих годах, умножается на установленный коэффициент: коэффициент для текущего года равен 1 (т. е. учитываются все дни, проведенные в США в текущем году); коэффициент предшествующего года равен 1/3; коэффициент позапрошлого года – 1/6.).')
INSERT INTO [BFX_IMPL].[DECLARATION_MAIN_QUESTIONS] VALUES('7DFC20FC-78E4-46E9-8E81-089E816B5A36',N'Застрахованный дает свое согласие на получение Обществом с ограниченной ответственностью Страховая компания «Росгосстрах Жизнь» (121059, г. Москва, вн.тер.г. муниципальный округ Дорогомилово, ул. Киевская, д. 7, к. 1) в целях исполнения договора страхования и перестрахования: медицинской информации от любого врача (медицинского учреждения), у которого он когда-либо консультировался и/или лечился, а также будет обращаться в последующем; на получение необходимой информации в правоохранительных, медицинских и других органах (учреждениях) для проверки предоставленной информации, а также для выяснения всех обстоятельств наступления страхового случая; на получение любой информации от страховых компаний, к которым Застрахованный обращался с заявлениями на страхование жизни. Данное согласие дано без ограничения срока действия.')
INSERT INTO [BFX_IMPL].[DECLARATION_MAIN_QUESTIONS] VALUES('9235C0F1-D646-404B-A167-71E857CC158B',N'Страхователь подтверждает, что на момент заключения настоящего договора страхования, не является налоговым резидентом страны, отличной от Российской Федерации и не обладает ни одним из признаков иностранного налогового резидентства (не имеет иностранного адреса места фактического проживания или почтового адреса в иностранном государстве; не имеет номера телефона в иностранном государстве при отсутствии номера телефона в Российской Федерации; не имеет постоянного поручения на перечисление средств (за исключением банковского вклада) на счет или адрес в иностранном государстве; не имеет доверенности или права подписи, предоставленных лицу, проживающему в иностранном государстве; не имеет адреса до востребования в иностранной юрисдикции.')
INSERT INTO [BFX_IMPL].[DECLARATION_MAIN_QUESTIONS] VALUES('9C2A408E-2F03-435B-9AFB-619F08819A2E',N'Страхователь подтверждает, что страхование осуществляется в целях обеспечения защиты его интересов, за счет средств Страхователя.')
INSERT INTO [BFX_IMPL].[DECLARATION_MAIN_QUESTIONS] VALUES('A840BCCA-2B7F-4EB6-8C51-F6ABF3BB8FD2',N'Страхователь обязуется не реже одного раза в год и/или по мере изменения идентификационных данных, указанных в настоящем договоре страхования, направлять Страховщику обновленные персональные данные по форме, предложенной Страховщиком. Непредставление соответствующей информации Страховщик вправе расценить как неизменность сведений о Страхователе, установленных при его идентификации, и обновить идентификационные сведения на основе данных, представленных Страхователем ранее в сроки, установленные Федеральным законом от 07.08.2001 N 115-ФЗ «О противодействии легализации (отмыванию) доходов, полученных преступным путем, и финансированию терроризма».')
INSERT INTO [BFX_IMPL].[DECLARATION_MAIN_QUESTIONS] VALUES('C0D2BF4C-F680-437A-8411-1A2341006B22',N'Страхователь подтверждает, что не принадлежит (не зарегистрирован, не проживает и не находится) к государству (территории): с высокой террористической или экстремистской активностью; в отношении которого (которой) применяются специальные экономические меры в соответствии с Федеральным законом «О специальных экономических мерах»; которое (которая) не выполняет рекомендации Группы разработки финансовых мер борьбы с отмыванием денег (ФАТФ), либо с использованием счета в банке, зарегистрированном в указанном государстве (на указанной территории) – ИР Иран, КНДР (включая международные неправительственные организации), к государствам (территориям) с повышенным уровнем коррупции и/или другой преступной деятельности; предоставляющему (предоставляющей) льготный режим налогообложения и/или не предусматривающему (предусматривающей) раскрытия и предоставления информации при проведении финансовых операций (офшорной зоны); не имеет открытого банковского счета, зарегистрированного в указанном государстве или на указанной территории.')
INSERT INTO [BFX_IMPL].[DECLARATION_MAIN_QUESTIONS] VALUES('C786C466-805D-4588-9352-0662341D2D8C',N'Общая страховая сумма в отношении Застрахованного по всем договорам страхования, заключенным с ООО СК «Росгосстрах Жизнь», включая настоящий договор страхования, не превышает: - 10 500 000 рублей в сумме по рискам «Смерть Застрахованного по любой причине», «Смерть Застрахованного по любой причине с отложенной страховой выплатой» и «Смерть Застрахованного по любой причине с освобождением от уплаты страховых взносов»; - 10 500 000 рублей отдельно по каждому риску «Смерть Застрахованного в результате несчастного случая», «Смерть Застрахованного в результате транспортного происшествия»; - 6 000 000 рублей по риску «Первичное диагностирование Застрахованному критического заболевания»; - 6 000 000 рублей в сумме по рискам, подразумевающим выплату в случае установления Застрахованному I или II группы инвалидности; - 1 200 000 рублей по риску «Непрерывная временная утрата трудоспособности Застрахованным в результате несчастного случая».')
INSERT INTO [BFX_IMPL].[DECLARATION_MAIN_QUESTIONS] VALUES('EFEC745D-C6BA-4ED2-9E20-16B248D3ABB1',N'Страхователь дает свое согласие Страховщику на использование адреса электронной почты, указанного в пункте I договора страхования, с целью подключения услуги «Личный кабинет», в рамках которой предоставляется информация о текущем состоянии договора страхования. Данное согласие действует до даты прекращения настоящего договора страхования и может быть отозвано путем подачи соответствующего письменного уведомления, подписанного в присутствии уполномоченного представителя Страховщика, или путем передачи Страховщику отзыва настоящего согласия, подпись Страхователя на котором удостоверена нотариально. Страхователь обязуется незамедлительно уведомлять Страховщика о случаях несанкционированного использования зарегистрированных за Страхователем адреса электронной почты и пароля, не передавать пароль третьим лицам или использовать адреса электронной почты и пароли третьих лиц. Страхователь подтверждает, что осознает полную ответственность за сохранность информации о подключении услуги «Личный кабинет» (включая информацию об адресе электронной почты и пароле) и за все действия, которые будут произведены в «Личном кабинете» с использованием указанного выше адреса электронной почты и пароля к нему. Страхователь понимает, что информация, предоставленная в рамках услуги «Личный кабинет», носит информационно-справочный характер (не является публичной офертой); Страховщик не несет ответственности в случае возможного искажения информации в результате технических сбоев, действия несанкционированных (вредоносных) программ (вирусов), а также не несет ответственности за ущерб, который может быть причинен имуществу Страхователя (иному лицу) в результате таких событий.')
INSERT INTO [BFX_IMPL].[DECLARATION_MAIN_QUESTIONS] VALUES('F5E626A4-0CCF-4E36-AB8C-B73226D413D2',N'На основании положений Федерального закона от 21.11.2011 № 323-ФЗ «Об основах охраны здоровья граждан Российской Федерации» Застрахованный разрешает медицинским и иным учреждениям предоставлять информацию о состоянии его здоровья, о фактах обращения за оказанием медицинской помощи, диагнозе, иные сведения, полученные при медицинском обследовании и лечении Застрахованного, составляющие врачебную тайну, в том числе предоставление соответствующих копий документов, по запросу Страховщика.')
INSERT INTO [BFX_IMPL].[DECLARATION_MAIN_QUESTIONS] VALUES('F64921BE-5827-4A63-A05A-EF3529DF3269',N'Страхователь подтверждает отсутствие у него: действующей профессиональной дисквалификации, непогашенной судимости или административного взыскания в соответствии с законодательством Российской Федерации, просроченной задолженности в кредитных организациях.')