DELETE FROM [BFX_IMPL].[PRODUCTS] where code ='ECATFUBRR';
INSERT INTO [BFX_IMPL].[PRODUCTS] SELECT '1ECDA7E3-066F-489D-85B3-F0C4025E9564', 'ECATFUBRR', N'endowment', N'Забота о будущем', N'НСЖ', N'massUBRR', NULL
DELETE FROM [BFX_IMPL].[RISK_PRODUCT_RELATION] WHERE PRODUCT_CODE ='ECATFUBRR';
INSERT INTO [BFX_IMPL].[RISK_PRODUCT_RELATION]
(ID, RISK_CODE, PRODUCT_CODE, IS_REPLACEABLE, PARENT_RISK, CONDITIONS_FUNCTION, RELATION_TYPE_CODE, RISK_ORDER, RISK_PROGRAM, RISK_PERSON) 
VALUES 
('5141D284-63BF-470C-B213-7ED16B26E514','E36404','ECATFUBRR',0,NULL, NULL, '01',1,'main','insuredPerson')
,('6B082079-FACB-4E1C-8375-55913B38BD98','DLPDPE36404','ECATFUBRR',0,NULL, NULL, '01',2,'main','insuredPerson')
,('CFE10090-62C5-42A7-AD52-F23729A10EE7','DLPVV36404','ECATFUBRR',0,NULL, NULL, '01',3,'main','insuredPerson')
,('BFF51FB5-82FF-4AA5-B400-F6FD8905EC52','D36404','ECATFUBRR',0,NULL, 'D36404ECATFVVTB','01',4,'main','insuredPerson')
,('DC61F569-E8B0-4F4B-9087-3213597DEEB2','DA36404','ECATFUBRR',0,NULL, 'DA36404ECATFVVTB','01',5,'main','insuredPerson')

DELETE FROM BFX_IMPL.DECLARATION_MEDICAL_QUESTIONS WHERE ID IN (SELECT [ITEM_TEXT_ID] FROM [BFX_IMPL].[DECLARATION_MEDICAL]   WHERE    [PRODUCT_CODE] ='ECATFUBRR')
DELETE FROM BFX_IMPL.DECLARATION_MEDICAL_QUESTIONS WHERE ID='0F678186-60A7-4DE1-82DF-EA69CBE64AA1'
DELETE FROM BFX_IMPL.DECLARATION_MEDICAL_QUESTIONS WHERE ID='21E63B9F-8A59-4D05-8EA5-D638598B7DDF'
DELETE FROM BFX_IMPL.DECLARATION_MEDICAL_QUESTIONS WHERE ID='2F06CBC9-A6CF-4D60-A34C-85ADA5BF3DC1'
DELETE FROM BFX_IMPL.DECLARATION_MEDICAL_QUESTIONS WHERE ID='310707F0-8BE8-4586-B6E1-D06E7989FEF5'
DELETE FROM BFX_IMPL.DECLARATION_MEDICAL_QUESTIONS WHERE ID='626B1B99-0D22-435D-8F37-9A9B46782196'
DELETE FROM BFX_IMPL.DECLARATION_MEDICAL_QUESTIONS WHERE ID='BE88120D-EA5A-416C-A6DA-45F63C60EA1C'
DELETE FROM BFX_IMPL.DECLARATION_MEDICAL_QUESTIONS WHERE ID='CA9B5F99-F500-416D-A23A-67466F3223C2'
DELETE FROM BFX_IMPL.DECLARATION_MEDICAL WHERE [PRODUCT_CODE]='ECATFUBRR'
INSERT INTO BFX_IMPL.DECLARATION_MEDICAL VALUES ('1C94FEF2-7E14-4194-A0C8-1E79A9D61C5C','ECATFUBRR',3,'0F678186-60A7-4DE1-82DF-EA69CBE64AA1','underwriting','1900-01-01','2099-12-31',0)
INSERT INTO BFX_IMPL.DECLARATION_MEDICAL VALUES ('3F404703-2567-450C-8DAD-DF863C030023','ECATFUBRR',6,'2F06CBC9-A6CF-4D60-A34C-85ADA5BF3DC1','underwriting','1900-01-01','2099-12-31',0)
INSERT INTO BFX_IMPL.DECLARATION_MEDICAL VALUES ('682DD3E8-0CC3-424A-BA03-CE49F40390B2','ECATFUBRR',2,'626B1B99-0D22-435D-8F37-9A9B46782196','underwriting','1900-01-01','2099-12-31',0)
INSERT INTO BFX_IMPL.DECLARATION_MEDICAL VALUES ('6859F028-7BCD-48EF-B9A6-06410095CE00','ECATFUBRR',5,'BE88120D-EA5A-416C-A6DA-45F63C60EA1C','underwriting','1900-01-01','2099-12-31',0)
INSERT INTO BFX_IMPL.DECLARATION_MEDICAL VALUES ('8C937463-A37B-4889-9ABE-2B05249CFB79','ECATFUBRR',1,'21E63B9F-8A59-4D05-8EA5-D638598B7DDF','underwriting','1900-01-01','2099-12-31',0)
INSERT INTO BFX_IMPL.DECLARATION_MEDICAL VALUES ('C1B48362-B0B4-4FDA-A2B7-AB963E97C7A4','ECATFUBRR',7,'CA9B5F99-F500-416D-A23A-67466F3223C2','underwriting','1900-01-01','2099-12-31',0)
INSERT INTO BFX_IMPL.DECLARATION_MEDICAL VALUES ('FCCA43AD-8083-4594-BDEC-7394AA7F8D71','ECATFUBRR',4,'310707F0-8BE8-4586-B6E1-D06E7989FEF5','underwriting','1900-01-01','2099-12-31',0)
INSERT INTO [BFX_IMPL].[DECLARATION_MEDICAL_QUESTIONS] VALUES('0F678186-60A7-4DE1-82DF-EA69CBE64AA1',N'не употребляю и не употреблял(а) ранее наркотики, токсичные вещества, не страдаю алкоголизмом, не состою и не состоял(а) ранее на учете в наркологическом диспансере, психоневрологическом, туберкулезном диспансере, центрах профилактики борьбы со СПИДом;')
INSERT INTO [BFX_IMPL].[DECLARATION_MEDICAL_QUESTIONS] VALUES('21E63B9F-8A59-4D05-8EA5-D638598B7DDF',N'не являюсь и не являлся (не являлась) ранее инвалидом;')
INSERT INTO [BFX_IMPL].[DECLARATION_MEDICAL_QUESTIONS] VALUES('2F06CBC9-A6CF-4D60-A34C-85ADA5BF3DC1',N'не намереваюсь путешествовать на территории, на которой объявлено чрезвычайное положение или проводятся боевые действия;')
INSERT INTO [BFX_IMPL].[DECLARATION_MEDICAL_QUESTIONS] VALUES('310707F0-8BE8-4586-B6E1-D06E7989FEF5',N'не имел(а), не обращался (не обращалась) за медицинской помощью по нижеперечисленным заболеваниям и не страдаю ими в настоящее время:
- доброкачественные или злокачественные опухоли, включая предраковые, любые опухоли кожи (включая кисты и любые новообразования), опухоли щитовидной железы, доброкачественные или злокачественные опухоли мозга, поликистоз почек, карцинома и меланома in situ, рак крови / лейкемия;
- заболевания, вызванные воздействием радиации;
- СПИД и другие заболевания, связанные с вирусом иммунодефицита человека;
- заболевания сердечно-сосудистой системы (например: гипертоническая болезнь, ишемическая болезнь сердца, стенокардия, инфаркт миокарда, порок сердца, нарушения сердечного ритма, заболевания сердечного клапана, кардиомиопатия, инсульт, тромбоз, атеросклероз);
- заболевания дыхательной системы (бронхит, пневмония, бронхиальная астма, плеврит, туберкулез легких, хроническое обструктивное заболевание легких, эмфизема, фиброз, саркоидоз);
- заболевания кровеносной или иммунной системы, включая анемию, проблемы со свертываемостью крови, нарушения иммунной системы;
- заболевания почек и мочевой системы (например: уролитиаз, нефрит, почечная недостаточность, энурез, поликистоз почек, простатит);
- заболевания печени и селезенки (цирроз печени, гепатит В, С, D, E, хроническая печеночная недостаточность, жировое перерождение печени, спленомегалия);
- заболевания желудочно-кишечного тракта, включая язвенную болезнь, колит, холецистит, панкреатит, кровотечение, пилонидальный абсцесс, грыжи любых типов, болезнь Крона, пищевод Барретта, полипы;
- нарушение обмена веществ, заболевания эндокринной системы (например: ожирение, тиреотоксикоз, сахарный диабет I-II типа, заболевания гипофиза, пролактинома, подагра);
- заболевания опорно-двигательного аппарата (например: артрит, артроз, анкилоз, деформация суставов или конечностей, заболевания позвоночника, ревматизм и/или генерализированные заболевания и/или расстройства, включая ревматоидный артрит, волчанка);
- заболевания нервной системы, включая центральную нервную систему (мозг, спинной мозг), периферийную нервную систему, автономные нервные системы, опорные элементы нервной системы (например, череп, позвоночник) и их систему кровоснабжения (внечерепная цереброваскулярная система), эпилепсия, нарушение речи, параличи, невротические состояния, психические расстройства или заболевания;')
INSERT INTO [BFX_IMPL].[DECLARATION_MEDICAL_QUESTIONS] VALUES('626B1B99-0D22-435D-8F37-9A9B46782196',N'не подавал(а) документы на освидетельствование для получения группы инвалидности и не имею оснований для присвоения группы инвалидности;')
INSERT INTO [BFX_IMPL].[DECLARATION_MEDICAL_QUESTIONS] VALUES('BE88120D-EA5A-416C-A6DA-45F63C60EA1C',N'не прохожу службу в вооруженных силах, не занят(а) в профессиональной или непрофессиональной авиации, в работах со взрывчатыми и радиоактивными веществами, ионизирующей радиацией (включая ультрафиолетовое излучение, микроволновое излучение), подземных работах, я не контактирую с канцерогенными или токсическими веществами или газами, электрическими сетями высокого напряжения, не являюсь водолазом, пожарным, скалолазом, работником ядерной промышленности, нефтяником (за исключением офисных сотрудников), охранником и профессиональным спортсменом, не работаю с оружием;')
INSERT INTO [BFX_IMPL].[DECLARATION_MEDICAL_QUESTIONS] VALUES('CA9B5F99-F500-416D-A23A-67466F3223C2',N'не нахожусь под следствием и не являюсь осужденным к лишению свободы.')

DELETE FROM BFX_IMPL.DECLARATION_MAIN_QUESTIONS WHERE ID IN (SELECT [ITEM_TEXT_ID] FROM [BFX_IMPL].[DECLARATION_MAIN]   WHERE    [PRODUCT_CODE] ='ECATFUBRR')
DELETE FROM BFX_IMPL.DECLARATION_MAIN_QUESTIONS WHERE ID='07773FF6-8F8D-44D2-B47E-AB2803AB3B71'
DELETE FROM BFX_IMPL.DECLARATION_MAIN_QUESTIONS WHERE ID='18672AE2-9DDA-480F-88C5-6D04ED509CC2'
DELETE FROM BFX_IMPL.DECLARATION_MAIN_QUESTIONS WHERE ID='1A57CB76-687A-4689-A9B2-68DDA4FEDF20'
DELETE FROM BFX_IMPL.DECLARATION_MAIN_QUESTIONS WHERE ID='1AF4D887-DC14-46F1-AEAF-2661728D020C'
DELETE FROM BFX_IMPL.DECLARATION_MAIN_QUESTIONS WHERE ID='209BAC8C-4A7E-4CF4-9780-C07272601D1E'
DELETE FROM BFX_IMPL.DECLARATION_MAIN_QUESTIONS WHERE ID='3C2EF6D5-E7A9-4A60-B993-14F6DA51DA1A'
DELETE FROM BFX_IMPL.DECLARATION_MAIN_QUESTIONS WHERE ID='4154B44B-48F2-471A-8641-B8CEA54CEA25'
DELETE FROM BFX_IMPL.DECLARATION_MAIN_QUESTIONS WHERE ID='456DE3DA-3F2D-43D7-AA79-4519509C4310'
DELETE FROM BFX_IMPL.DECLARATION_MAIN_QUESTIONS WHERE ID='5D28FB15-C249-46DB-A3CF-3020036FC660'
DELETE FROM BFX_IMPL.DECLARATION_MAIN_QUESTIONS WHERE ID='66465BD8-54D2-49FA-957D-4A9D2E713C66'
DELETE FROM BFX_IMPL.DECLARATION_MAIN_QUESTIONS WHERE ID='7591B346-F248-4594-A422-22DCFAB36D54'
DELETE FROM BFX_IMPL.DECLARATION_MAIN_QUESTIONS WHERE ID='82DE8ABC-4E7C-4A8D-9923-411A698822BF'
DELETE FROM BFX_IMPL.DECLARATION_MAIN_QUESTIONS WHERE ID='91739AB9-5B43-4AE6-AEA2-B318E8710810'
DELETE FROM BFX_IMPL.DECLARATION_MAIN_QUESTIONS WHERE ID='99219AEB-46D7-4EEE-82D4-D4D3DB33BF78'
DELETE FROM BFX_IMPL.DECLARATION_MAIN_QUESTIONS WHERE ID='A4839010-D8CA-46B8-826B-A60809871DDA'
DELETE FROM BFX_IMPL.DECLARATION_MAIN_QUESTIONS WHERE ID='A70171CA-673C-448B-8193-E15C89F5E8F3'
DELETE FROM BFX_IMPL.DECLARATION_MAIN_QUESTIONS WHERE ID='ACEA3625-9EA5-47C2-99BC-39D762846F7E'
DELETE FROM BFX_IMPL.DECLARATION_MAIN_QUESTIONS WHERE ID='B3A2361F-B111-4BB8-B096-E116B53DB410'
DELETE FROM BFX_IMPL.DECLARATION_MAIN_QUESTIONS WHERE ID='BEC61946-11FF-48DC-BB80-4AE36233B29A'
DELETE FROM BFX_IMPL.DECLARATION_MAIN WHERE [PRODUCT_CODE]='ECATFUBRR'
INSERT INTO BFX_IMPL.DECLARATION_MAIN VALUES ('250B1DA0-1525-40C9-9CC2-2DCD239B5F7E','ECATFUBRR',16,'7591B346-F248-4594-A422-22DCFAB36D54','legal','1900-01-01','2099-12-31')
INSERT INTO BFX_IMPL.DECLARATION_MAIN VALUES ('366780F1-CAB8-4A88-85A9-512BA1CA6A36','ECATFUBRR',18,'18672AE2-9DDA-480F-88C5-6D04ED509CC2','block','1900-01-01','2099-12-31')
INSERT INTO BFX_IMPL.DECLARATION_MAIN VALUES ('36FD18E1-11B6-4EDE-811E-7A7DC56C6F0D','ECATFUBRR',8,'B3A2361F-B111-4BB8-B096-E116B53DB410','compliance','1900-01-01','2099-12-31')
INSERT INTO BFX_IMPL.DECLARATION_MAIN VALUES ('3E16AD74-D5EA-4B1D-9471-FAB3473D241C','ECATFUBRR',14,'99219AEB-46D7-4EEE-82D4-D4D3DB33BF78','block','1900-01-01','2099-12-31')
INSERT INTO BFX_IMPL.DECLARATION_MAIN VALUES ('583BCE1F-CFED-4FFD-B9FA-7C4BA21DA1F7','ECATFUBRR',19,'3C2EF6D5-E7A9-4A60-B993-14F6DA51DA1A','block','1900-01-01','2099-12-31')
INSERT INTO BFX_IMPL.DECLARATION_MAIN VALUES ('5BA566B8-D557-4D60-9D41-F9F1CB7EE41E','ECATFUBRR',2,'66465BD8-54D2-49FA-957D-4A9D2E713C66','compliance','1900-01-01','2099-12-31')
INSERT INTO BFX_IMPL.DECLARATION_MAIN VALUES ('5BE73091-8430-4053-8879-DABDE2BBDA6B','ECATFUBRR',15,'82DE8ABC-4E7C-4A8D-9923-411A698822BF','block','1900-01-01','2099-12-31')
INSERT INTO BFX_IMPL.DECLARATION_MAIN VALUES ('5F28700A-FA8A-435A-9D16-7897594E7DEF','ECATFUBRR',17,'BEC61946-11FF-48DC-BB80-4AE36233B29A','block','1900-01-01','2099-12-31')
INSERT INTO BFX_IMPL.DECLARATION_MAIN VALUES ('6412F906-25C1-4F96-A0CA-8EED54BAF25A','ECATFUBRR',5,'209BAC8C-4A7E-4CF4-9780-C07272601D1E','compliance','1900-01-01','2099-12-31')
INSERT INTO BFX_IMPL.DECLARATION_MAIN VALUES ('7B56A326-662E-4AF0-9794-82ACDA583BF2','ECATFUBRR',4,'4154B44B-48F2-471A-8641-B8CEA54CEA25','compliance','1900-01-01','2099-12-31')
INSERT INTO BFX_IMPL.DECLARATION_MAIN VALUES ('87EBC75D-FC77-4EBB-90E4-503989B37F49','ECATFUBRR',6,'07773FF6-8F8D-44D2-B47E-AB2803AB3B71','compliance','1900-01-01','2099-12-31')
INSERT INTO BFX_IMPL.DECLARATION_MAIN VALUES ('8A02AE69-38AD-4ACB-8F82-5120EBD2753C','ECATFUBRR',7,'5D28FB15-C249-46DB-A3CF-3020036FC660','compliance','1900-01-01','2099-12-31')
INSERT INTO BFX_IMPL.DECLARATION_MAIN VALUES ('9AFCA0F2-A4C1-414E-B4FC-F7318EC5377D','ECATFUBRR',13,'A4839010-D8CA-46B8-826B-A60809871DDA','legal','1900-01-01','2099-12-31')
INSERT INTO BFX_IMPL.DECLARATION_MAIN VALUES ('B8FAC9A6-67E7-4F77-A140-DE46DFBF9C96','ECATFUBRR',10,'A70171CA-673C-448B-8193-E15C89F5E8F3','legal','1900-01-01','2099-12-31')
INSERT INTO BFX_IMPL.DECLARATION_MAIN VALUES ('BEFA9466-8157-4C0F-9698-88470FE46455','ECATFUBRR',12,'1AF4D887-DC14-46F1-AEAF-2661728D020C','block','1900-01-01','2099-12-31')
INSERT INTO BFX_IMPL.DECLARATION_MAIN VALUES ('D7DB2835-4D8F-4F5B-85CF-9B5FD4C9B05C','ECATFUBRR',9,'1A57CB76-687A-4689-A9B2-68DDA4FEDF20','compliance','1900-01-01','2099-12-31')
INSERT INTO BFX_IMPL.DECLARATION_MAIN VALUES ('ECDF2850-D71F-4865-93E7-475D236A2D77','ECATFUBRR',3,'91739AB9-5B43-4AE6-AEA2-B318E8710810','compliance','1900-01-01','2099-12-31')
INSERT INTO BFX_IMPL.DECLARATION_MAIN VALUES ('EE71BB49-A7C0-42DE-87E5-E4A6328963CC','ECATFUBRR',11,'456DE3DA-3F2D-43D7-AA79-4519509C4310','block','1900-01-01','2099-12-31')
INSERT INTO BFX_IMPL.DECLARATION_MAIN VALUES ('F5EFCAD2-C8F1-4E00-9CB8-477F544DAAEF','ECATFUBRR',1,'ACEA3625-9EA5-47C2-99BC-39D762846F7E','underwriting','1900-01-01','2099-12-31')
INSERT INTO [BFX_IMPL].[DECLARATION_MAIN_QUESTIONS] VALUES('07773FF6-8F8D-44D2-B47E-AB2803AB3B71',N'Страхователь подтверждает, что иное физическое лицо не имеет возможности контролировать действия Страхователя.')
INSERT INTO [BFX_IMPL].[DECLARATION_MAIN_QUESTIONS] VALUES('18672AE2-9DDA-480F-88C5-6D04ED509CC2',N'Страхователь дает свое согласие на получение рекламы, рекламной информации (в том числе в форме рекламной рассылки) Общества с ограниченной ответственностью Страховая компания «Росгосстрах Жизнь» (121059, г. Москва, вн.тер.г. муниципальный округ Дорогомилово, ул. Киевская, д. 7, к. 1) по сетям электросвязи, в том числе посредством телефонной, подвижной радиотелефонной связи, по электронной почте, с использованием номера мобильного телефона (для направления СМС-сообщений, Push-сообщений, сообщений в мессенджерах и иных приложениях, передающих и принимающих информацию с использованием сетей электросвязи, звонков по телефону) и адреса электронной почты (для направления сообщений по электронной почте). Согласие на получение рекламы, рекламной информации (в том числе в форме рекламной рассылки) по сетям электросвязи дано без ограничения срока действия и может быть отозвано в любой момент времени путем направления Страховщику письменного заявления.')
INSERT INTO [BFX_IMPL].[DECLARATION_MAIN_QUESTIONS] VALUES('1A57CB76-687A-4689-A9B2-68DDA4FEDF20',N'Страхователь обязуется не реже одного раза в год и/или по мере изменения идентификационных данных, указанных в настоящем договоре страхования, направлять Страховщику обновленные персональные данные по форме, предложенной Страховщиком. Непредоставление соответствующей информации Страховщик вправе расценить как неизменность сведений о Страхователе, установленных при его идентификации, и обновить идентификационные сведения на основе данных, представленных Страхователем ранее в сроки, установленные Федеральным законом от 07.08.2001 N 115-ФЗ «О противодействии легализации (отмыванию) доходов, полученных преступным путем, и финансированию терроризма».')
INSERT INTO [BFX_IMPL].[DECLARATION_MAIN_QUESTIONS] VALUES('1AF4D887-DC14-46F1-AEAF-2661728D020C',N'На основании положений Федерального закона от 21.11.2011 № 323-ФЗ «Об основах охраны здоровья граждан Российской Федерации» Застрахованный разрешает медицинским и иным учреждениям предоставлять информацию о состоянии его здоровья, о фактах обращения за оказанием медицинской помощи, диагнозе, иные сведения, полученные при медицинском обследовании и лечении Застрахованного, составляющие врачебную тайну, в том числе предоставление соответствующих копий документов, по запросу Страховщика.')
INSERT INTO [BFX_IMPL].[DECLARATION_MAIN_QUESTIONS] VALUES('209BAC8C-4A7E-4CF4-9780-C07272601D1E',N'Страхователь подтверждает, что не принадлежит (не зарегистрирован, не проживает и не находится) к государству (территории): с высокой террористической или экстремистской активностью; в отношении которого (которой) применяются специальные экономические меры в соответствии с Федеральным законом «О специальных экономических мерах»; которое (которая) не выполняет рекомендации Группы разработки финансовых мер борьбы с отмыванием денег (ФАТФ), либо с использованием счета в банке, зарегистрированном в указанном государстве (на указанной территории) – ИР Иран, КНДР (включая международные неправительственные организации), к государствам (территориям) с повышенным уровнем коррупции и/или другой преступной деятельности; предоставляющему (предоставляющей) льготный режим налогообложения и/или не предусматривающему (предусматривающей) раскрытия и предоставления информации при проведении финансовых операций (офшорной зоны); не имеет открытого банковского счета, зарегистрированного в указанном государстве или на указанной территории.')
INSERT INTO [BFX_IMPL].[DECLARATION_MAIN_QUESTIONS] VALUES('3C2EF6D5-E7A9-4A60-B993-14F6DA51DA1A',N'Страхователь и Застрахованный подтверждают, что сведения, указанные в настоящем договоре страхования и приложениях к нему, являются правдивыми и содержат полную информацию. Информация, указанная в настоящем договоре страхования и приложениях к нему, признается сторонами существенной для определения вероятности наступления страхового случая.')
INSERT INTO [BFX_IMPL].[DECLARATION_MAIN_QUESTIONS] VALUES('4154B44B-48F2-471A-8641-B8CEA54CEA25',N'Страхователь не является иностранным публичным должностным лицом («иностранное публичное должностное лицо» означает любое назначаемое или избираемое лицо, занимающее какую-либо должность в законодательном, исполнительном, административном или судебном органе иностранного государства, и любое лицо, выполняющее какую-либо публичную функцию для иностранного государства, в том числе для публичного ведомства или публичного предприятия), должностным лицом публичных международных организаций («должностное лицо публичной международной организации» означает международного гражданского служащего или любое лицо, которое уполномочено такой организацией действовать от ее имени), российским публичным должностным лицом, лицом, замещающим (занимающим) государственные должности в Российской Федерации, должности членов Совета директоров Банка России, должности федеральной государственной службы, назначение на которые и освобождение от которых осуществляются Президентом Российской Федерации или Правительством Российской Федерации, должности в Банке России, государственных корпорациях и иных организациях, созданных Российской Федерацией на основании федеральных законов, включенные в перечни должностей, определяемые Президентом Российской Федерации, родственником кого-то из вышеперечисленных лиц (супругом, родителем, ребенком, дедушкой, бабушкой, внуком, полнородным и неполнородным (имеющим общих отца или мать) братом и сестрой, усыновителем и усыновленным) или представителем, действующим от его имени.')
INSERT INTO [BFX_IMPL].[DECLARATION_MAIN_QUESTIONS] VALUES('456DE3DA-3F2D-43D7-AA79-4519509C4310',N'Застрахованный дает свое согласие на получение Обществом с ограниченной ответственностью Страховая компания «Росгосстрах Жизнь» (121059, г. Москва, вн.тер.г. муниципальный округ Дорогомилово, ул. Киевская, д. 7, к. 1) в целях исполнения договора страхования и перестрахования: медицинской информации от любого врача (медицинского учреждения), у которого он когда-либо консультировался и/или лечился, а также будет обращаться в последующем; на получение необходимой информации в правоохранительных, медицинских и других органах (учреждениях) для проверки предоставленной информации, а также для выяснения всех обстоятельств наступления страхового случая; на получение любой информации от страховых компаний, к которым Застрахованный обращался с заявлениями на страхование жизни. Данное согласие дано без ограничения срока действия.')
INSERT INTO [BFX_IMPL].[DECLARATION_MAIN_QUESTIONS] VALUES('5D28FB15-C249-46DB-A3CF-3020036FC660',N'Страхователь подтверждает, что он не является налоговым резидентом США и не обладает ни одним из признаков налогового резидента США (не имеет гражданства США (в том числе в случае наличия двух и более гражданств) и разрешения на постоянное пребывание в США (форма I-551 Green Card); не соответствует критерию «Долгосрочное пребывание» на территории США; местом рождения Страхователя не является территория США; не имеет адреса проживания и/или почтового адреса, номера контактного телефона и/или факса на территории США; не имеет открытых счетов в кредитных организациях на территории США). (Физическое лицо соответствует критерию «Долгосрочное пребывание», если оно находилось на территории США не менее 31 дня в течение текущего календарного года и не менее 183 дней в течение 3 лет, включая текущий год и два непосредственно предшествующих года. При этом сумма дней, в течение которых физическое лицо присутствовало на территории США в текущем году, а также двух предшествующих годах, умножается на установленный коэффициент: коэффициент для текущего года равен 1 (т. е. учитываются все дни, проведенные в США в текущем году); коэффициент предшествующего года равен 1/3; коэффициент позапрошлого года – 1/6.).')
INSERT INTO [BFX_IMPL].[DECLARATION_MAIN_QUESTIONS] VALUES('66465BD8-54D2-49FA-957D-4A9D2E713C66',N'Страхователь подтверждает, что страхование осуществляется в целях обеспечения защиты его интересов, за счет средств Страхователя.')
INSERT INTO [BFX_IMPL].[DECLARATION_MAIN_QUESTIONS] VALUES('7591B346-F248-4594-A422-22DCFAB36D54',N'Страхователь присоединяется к Соглашению об электронном документообороте (в редакции действующей на дату заключения настоящего договора страхования) (далее – Соглашение) в соответствии со статьей 428 Гражданского кодекса Российской Федерации. Страхователь подтверждает, что ознакомился с условиями Соглашения, расположенного на официальном сайте Страховщика (www.rgsl.ru), понимает текст данного Соглашения, выражает свое согласие с ним и обязуется выполнять.')
INSERT INTO [BFX_IMPL].[DECLARATION_MAIN_QUESTIONS] VALUES('82DE8ABC-4E7C-4A8D-9923-411A698822BF',N'Страхователь подтверждает, что Ключевой информационный документ об условиях договора добровольного страхования до заключения договора страхования им получен, с условиями Ключевого информационного документа он ознакомлен и согласен.')
INSERT INTO [BFX_IMPL].[DECLARATION_MAIN_QUESTIONS] VALUES('91739AB9-5B43-4AE6-AEA2-B318E8710810',N'Страхователь подтверждает отсутствие у него: действующей профессиональной дисквалификации, непогашенной судимости или административного взыскания в соответствии с законодательством Российской Федерации, просроченной задолженности в кредитных организациях.')
INSERT INTO [BFX_IMPL].[DECLARATION_MAIN_QUESTIONS] VALUES('99219AEB-46D7-4EEE-82D4-D4D3DB33BF78',N'Страхователь и Застрахованный до заключения договора страхования с Правилами, расположенными на официальном сайте Страховщика (www.rgsl.ru), ознакомлены и согласны.')
INSERT INTO [BFX_IMPL].[DECLARATION_MAIN_QUESTIONS] VALUES('A4839010-D8CA-46B8-826B-A60809871DDA',N'Страхователь и Застрахованный в соответствии с Федеральным законом от 27.07.2006 № 152-ФЗ «О персональных данных» свободно, своей волей и в своем интересе дают свое согласие Обществу с ограниченной ответственностью Страховая компания «Росгосстрах Жизнь» (место нахождения: 121059, г. Москва, вн.тер.г. муниципальный округ Дорогомилово, ул. Киевская, д. 7, к. 1), Публичному акционерному обществу Страховая Компания «Росгосстрах» (место нахождения: 140002, Московская область, г. Люберцы, ул. Парковая, д. 3), перестраховщикам (Акционерное общество «Российская Национальная Перестраховочная Компания» (место нахождения: 125047, г. Москва, вн.тер.г. муниципальный округ Пресненский, ул. Гашека, д. 6)) и ассистанским компаниям (сервисным организациям) (Общество с ограниченной ответственностью «Инновационные Сервисы» (место нахождения: 127055, г. Москва, Бутырский вал, д. 68/70, стр. 1; этаж 3; пом. I, ком. 5), Общество с ограниченной ответственностью «Евразия Ассистанс» (место нахождения: 115114, г. Москва, 1-й Кожевнический пер., д. 6, стр. 1, этаж 4, пом. VIII, офис 3), Общество с ограниченной ответственностью «Мобильная Помощь Онлайн» (место нахождения: 454007, Челябинская область, г. Челябинск, пр-кт Ленина, д. 13а, офис 2, помещение 6)) и архивным компаниям (Общество с ограниченной ответственностью «ОСГ Рекордз Менеджмент» (место нахождения: 115093, г. Москва, ул. Павловская, влд. 7, пом. 14Б)) на обработку их персональных данных (включая сбор, запись, систематизацию, накопление, хранение, уточнение (обновление, изменение), извлечение, использование, передачу (предоставление, доступ), трансграничную передачу, в том числе в страны, обеспечивающие и не обеспечивающие адекватную защиту прав субъектов персональных данных (США), обезличивание, блокирование, удаление, уничтожение) совершаемую с использованием средств автоматизации или без использования таких средств. Цель обработки персональных данных: заключение, сопровождение, исполнение, прекращение договора страхования и перестрахования, продвижение страховых услуг, проведение рекламных и маркетинговых акций, а также архивное хранение и выполнение требований законодательства Российской Федерации. Перечень персональных данных, на обработку которых дается согласие (при условии их раскрытия субъектом персональных данных): фамилия, имя, отчество; гражданство; дата рождения; место рождения; пол; серия (при наличии) и номер документа, удостоверяющего личность субъекта персональных данных, дата выдачи документа, орган, выдавший документ; адрес постоянной регистрации; почтовый адрес; контактные номера телефонов (мобильного и/или домашнего); адреса электронной почты; информация о состоянии здоровья и диагнозах Застрахованного (в т. ч. составляющая врачебную тайну в соответствии со ст. 13, 19, 22 Федерального закона от 21.11.2011 № 323-ФЗ «Об основах охраны здоровья граждан в Российской Федерации»). Страховщик вправе поручить обработку персональных данных другому лицу, на основании заключаемого с этим лицом договора. Страховщик оставляет за собой право изменить перечень ассистанских компаний (сервисных организаций) / перестраховщиков / архивных компаний, а также список стран, в которые может быть осуществлена трансграничная передача в связи с указанными изменениями. Настоящее согласие распространяется на партнеров ООО СК «Росгосстрах Жизнь», осуществляющих сопровождение процесса заключения договора страхования, внесение в него изменений и его исполнения. К партнерам, в частности, относятся курьерские службы, колл-центры и сервисные службы. Актуальный перечень ассистанских компаний (сервисных организаций) (в том числе, но не ограничиваясь, курьерских служб, колл-центров и сервисных служб) / перестраховщиков / архивных компаний / стран, в которые может быть осуществлена трансграничная передача, представлен на сайте Страховщика в разделе «Раскрытие информации» (www.rgsl.ru/info/). Согласие на обработку персональных данных начинает свое действие с момента подписания договора страхования и действует в течение всего срока действия договора страхования, а также в течение 5 (пяти) лет с даты его прекращения. Согласие может быть отозвано в любое время путем направления Страховщику письменного уведомления (путем направления заказного письма с уведомлением о вручении либо путем вручения лично под расписку уполномоченному представителю Страховщика).')
INSERT INTO [BFX_IMPL].[DECLARATION_MAIN_QUESTIONS] VALUES('A70171CA-673C-448B-8193-E15C89F5E8F3',N'Страхователь дает свое согласие Страховщику на использование адреса электронной почты, указанного в пункте I договора страхования, с целью подключения услуги «Личный кабинет», в рамках которой предоставляется информация о текущем состоянии договора страхования. Данное согласие действует до даты прекращения настоящего договора страхования и может быть отозвано путем подачи соответствующего письменного уведомления, подписанного в присутствии уполномоченного представителя Страховщика, или путем передачи Страховщику отзыва настоящего согласия, подпись Страхователя на котором удостоверена нотариально. Страхователь обязуется незамедлительно уведомлять Страховщика о случаях несанкционированного использования зарегистрированных за Страхователем адреса электронной почты и пароля, не передавать пароль третьим лицам или использовать адреса электронной почты и пароли третьих лиц. Страхователь подтверждает, что осознает полную ответственность за сохранность информации о подключении услуги «Личный кабинет» (включая информацию об адресе электронной почты и пароле) и за все действия, которые будут произведены в «Личном кабинете» с использованием указанного выше адреса электронной почты и пароля к нему. Страхователь понимает, что информация, предоставленная в рамках услуги «Личный кабинет», носит информационно-справочный характер (не является публичной офертой); Страховщик не несет ответственности в случае возможного искажения информации в результате технических сбоев, действия несанкционированных (вредоносных) программ (вирусов), а также не несет ответственности за ущерб, который может быть причинен имуществу Страхователя (иному лицу) в результате таких событий.')
INSERT INTO [BFX_IMPL].[DECLARATION_MAIN_QUESTIONS] VALUES('ACEA3625-9EA5-47C2-99BC-39D762846F7E',N'Общая страховая сумма в отношении Застрахованного по всем договорам страхования, заключенным с ООО СК «Росгосстрах Жизнь», включая настоящий договор страхования, не превышает:  
- 7 500 000 рублей в сумме по рискам «Смерть Застрахованного по любой причине», «Смерть Застрахованного по любой причине с отложенной страховой выплатой» и «Смерть Застрахованного по любой причине с освобождением от уплаты страховых взносов»;  
- 5 000 000 рублей в сумме по рискам, подразумевающим выплату в случае установления Застрахованному I или II группы инвалидности.')
INSERT INTO [BFX_IMPL].[DECLARATION_MAIN_QUESTIONS] VALUES('B3A2361F-B111-4BB8-B096-E116B53DB410',N'Страхователь подтверждает, что на момент заключения настоящего договора страхования, не является налоговым резидентом страны, отличной от Российской Федерации и не обладает ни одним из признаков иностранного налогового резидентства (не имеет иностранного адреса места фактического проживания или почтового адреса в иностранном государстве; не имеет номера телефона в иностранном государстве при отсутствии номера телефона в Российской Федерации; не имеет постоянного поручения на перечисление средств (за исключением банковского вклада) на счет или адрес в иностранном государстве; не имеет доверенности или права подписи, предоставленных лицу, проживающему в иностранном государстве; не имеет адреса до востребования в иностранной юрисдикции.')
INSERT INTO [BFX_IMPL].[DECLARATION_MAIN_QUESTIONS] VALUES('BEC61946-11FF-48DC-BB80-4AE36233B29A',N'Страхователь и Застрахованный дают свое согласие Обществу с ограниченной ответственностью Страховая компания «Росгосстрах Жизнь» (121059, г. Москва, вн.тер.г. муниципальный округ Дорогомилово, ул. Киевская, д. 7, к. 1), Публичному акционерному обществу Страховая Компания «Росгосстрах» (140002, Московская область, г. Люберцы, ул. Парковая, д. 3) на обработку и использование указанного в настоящем договоре страхования номера мобильного телефона, адреса электронной почты с целью оповещения/информирования об услугах и страховых продуктах Общества с ограниченной ответственностью Страховая компания «Росгосстрах Жизнь» (121059, г. Москва, вн.тер.г. муниципальный округ Дорогомилово, ул. Киевская, д. 7, к. 1), Публичного акционерного общества Страховая Компания «Росгосстрах» (140002, Московская область, г. Люберцы, ул. Парковая, д. 3), сообщения информации в отношении настоящего договора страхования, заключенного со Страхователем, и/или информации по страховому случаю, а также для поздравления с официальными праздниками и маркетинговых исследований. Согласие на получение информации по каналам связи дано без ограничения срока действия и может быть отозвано в любой момент времени путем направления Страховщику письменного заявления.')