delete from bfx_impl.declaration_medical where product_code = 'TERMVVTB'
delete from bfx_impl.declaration_main where product_code = 'TERMVVTB'
delete from bfx_impl.declaration_sport where product_code = 'TERMVVTB'

--Терм ВТБ. Декларация здоровья
delete from bfx_impl.declaration_medical_questions where id = '416C7ABA-E0BB-49E1-9BA1-04E3BA4F21B6'; insert into bfx_impl.declaration_medical_questions values ('416C7ABA-E0BB-49E1-9BA1-04E3BA4F21B6', N'являюсь лицом в возрасте от 18 полных лет на дату заключения настоящего договора страхования и до 75 полных лет (включительно) на дату окончания срока действия договора страхования');
delete from bfx_impl.declaration_medical_questions where id = '05D6F06E-6ABD-48EB-A36F-08DECB2304BF'; insert into bfx_impl.declaration_medical_questions values ('05D6F06E-6ABD-48EB-A36F-08DECB2304BF', N'не являюсь и не являлся (не являлась) ранее инвалидом');
delete from bfx_impl.declaration_medical_questions where id = '1DDC2896-5A21-40E8-A989-11A2A58D9B66'; insert into bfx_impl.declaration_medical_questions values ('1DDC2896-5A21-40E8-A989-11A2A58D9B66', N'не подавал(а) документы на освидетельствование для получения группы инвалидности и не имею оснований для присвоения группы инвалидности');
delete from bfx_impl.declaration_medical_questions where id = 'BB246600-B0D4-41AF-85A6-13B54809DA98'; insert into bfx_impl.declaration_medical_questions values ('BB246600-B0D4-41AF-85A6-13B54809DA98', N'не употребляю и не употреблял(а) ранее наркотики, токсичные вещества, не страдаю алкоголизмом, не состою и не состоял(а) ранее на учете в наркологическом диспансере, психоневрологическом, туберкулезном диспансере, центрах профилактики борьбы со СПИДом');
delete from bfx_impl.declaration_medical_questions where id = '131EC026-BF1E-4A00-AC58-13C9D7E4874F'; insert into bfx_impl.declaration_medical_questions values ('131EC026-BF1E-4A00-AC58-13C9D7E4874F', N'не имел(а), не обращался (не обращалась) за медицинской помощью по нижеперечисленным заболеваниям и не страдаю ими в настоящее время:
- доброкачественные или злокачественные опухоли, включая предраковые, любые опухоли кожи (включая кисты и любые новообразования), опухоли щитовидной железы, доброкачественные или злокачественные опухоли мозга, поликистоз почек, карцинома и меланома in situ, рак крови / лейкемия;
- заболевания, вызванные воздействием радиации
- СПИД и другие заболевания, связанные с вирусом иммунодефицита человека;
- заболевания сердечно-сосудистой системы (например: гипертоническая болезнь, ишемическая болезнь сердца, стенокардия, инфаркт миокарда, порок сердца, нарушения сердечного ритма, заболевания сердечного клапана, кардиомиопатия, инсульт, тромбоз, атеросклероз);
- заболевания дыхательной системы (бронхит, пневмония, бронхиальная астма, плеврит, туберкулез легких, хроническое обструктивное заболевание легких, эмфизема, фиброз, саркоидоз);
- заболевания кровеносной или иммунной системы, включая анемию, проблемы со свертываемостью крови, нарушения иммунной системы;
- заболевания почек и мочевой системы (например: уролитиаз, нефрит, почечная недостаточность, энурез, поликистоз почек, простатит);
- заболевания печени и селезенки (цирроз печени, гепатит В, С, D, E, хроническая печеночная недостаточность, жировое перерождение печени, спленомегалия);
- заболевания желудочно-кишечного тракта, включая рефлюкс, гастрит, язвенная болезнь, колит, холецистит, панкреатит, кровотечение, пилонидальный абсцесс, грыжи любых типов, болезнь Крона, пищевод Барретта, полипы;
- нарушение обмена веществ, заболевания эндокринной системы (например: ожирение, тиреотоксикоз, сахарный диабет I-II типа, заболевания гипофиза, пролактинома, подагра);
- заболевания опорно-двигательного аппарата (например: артрит, артроз, анкилоз, деформация суставов или конечностей, заболевания позвоночника, ревматизм и/или генерализированные заболевания и/или расстройства, включая ревматоидный артрит, волчанка);
- заболевания нервной системы, включая центральную нервную систему (мозг, спинной мозг), периферийную нервную систему, автономные нервные системы, опорные элементы нервной системы (например, череп, позвоночник) и их систему кровоснабжения (внечерепная цереброваскулярная система), эпилепсия, нарушение речи, параличи, невротические состояния, психические расстройства или заболевания;');
delete from bfx_impl.declaration_medical_questions where id = 'EB21B643-F556-48F0-9332-18EDB6F9BC25'; insert into bfx_impl.declaration_medical_questions values ('EB21B643-F556-48F0-9332-18EDB6F9BC25', N'на протяжении последних 12 месяцев я не подвергался (не подвергалась) хирургическим вмешательствам или не был(а) госпитализирован(а), за исключением госпитализации по причине: беременности и родов, аппендэктомии, грыжесечения, тонзилэктомии, аденоидэктомии, пункций околоносовых пазух, септопластики, геморроидэктомии, пластических операций, операции на венах, стоматологических операций');
delete from bfx_impl.declaration_medical_questions where id = 'D506F72C-314D-40F1-9C5B-2A5C425B6AE3'; insert into bfx_impl.declaration_medical_questions values ('D506F72C-314D-40F1-9C5B-2A5C425B6AE3', N'не прохожу службу в вооруженных силах, не занят(а) в профессиональной или непрофессиональной авиации, в работах со взрывчатыми и радиоактивными веществами, ионизирующей радиацией (включая ультрафиолетовое излучение, микроволновое излучение), подземных работах, я не контактирую с канцерогенными или токсическими веществами или газами, электрическими сетями высокого напряжения, не являюсь водолазом, пожарным, скалолазом, работником ядерной промышленности, нефтяником (за исключением офисных сотрудников), охранником и профессиональным спортсменом, не работаю с оружием');
delete from bfx_impl.declaration_medical_questions where id = '8E3E7755-B289-4297-BABA-3AA2A50A0AFF'; insert into bfx_impl.declaration_medical_questions values ('8E3E7755-B289-4297-BABA-3AA2A50A0AFF', N'не намереваюсь путешествовать на территории, на которой объявлено чрезвычайное положение или проводятся боевые действия');
delete from bfx_impl.declaration_medical_questions where id = 'C66008AE-071D-4E07-8B5A-4048322F448E'; insert into bfx_impl.declaration_medical_questions values ('C66008AE-071D-4E07-8B5A-4048322F448E', N'не нахожусь под следствием и не являюсь осужденным к лишению свободы');
delete from bfx_impl.declaration_medical_questions where id = 'D91C2315-C996-484A-8A8F-484ADE1365E0'; insert into bfx_impl.declaration_medical_questions values ('D91C2315-C996-484A-8A8F-484ADE1365E0', N'не занимаюсь и не намереваюсь заниматься иными видами конного спорта, кроме верховой езды, вольтижировки');
delete from bfx_impl.declaration_medical_questions where id = '2829754D-2273-4F7C-AD17-4FA919374DC3'; insert into bfx_impl.declaration_medical_questions values ('2829754D-2273-4F7C-AD17-4FA919374DC3', N'не занимаюсь и не намереваюсь заниматься иными видами стрельбы, кроме стрельбы из лука, стендовой стрельбы, дартса');
delete from bfx_impl.declaration_medical_questions where id = '93516887-C43C-4004-A628-5648AADDC7BB'; insert into bfx_impl.declaration_medical_questions values ('93516887-C43C-4004-A628-5648AADDC7BB', N'не занимаюсь и не намереваюсь заниматься дайвингом (подводным плаванием) в одиночку без подготовки и без сопровождения опытного сертифицированного инструктора; не погружаюсь и не намереваюсь погружаться на глубину более 40 метров; не осуществляю и не намереваюсь осуществлять погружения в пещерах, выбоинах, на затонувшие корабли; не использую и не намереваюсь использовать изолирующий дыхательный аппарат');
delete from bfx_impl.declaration_medical_questions where id = 'BE5C9296-4E66-4600-95AE-58F9645020F6'; insert into bfx_impl.declaration_medical_questions values ('BE5C9296-4E66-4600-95AE-58F9645020F6', N'не занимаюсь и не намереваюсь заниматься парусным спортом на парусно-моторных и/или моторных суднах; не занимаюсь и не намереваюсь заниматься парусным спортом, не имея лицензии на осуществление парусного спорта');
delete from bfx_impl.declaration_medical_questions where id = 'D99FA886-9B7F-4D7D-8D8B-634215F14C16'; insert into bfx_impl.declaration_medical_questions values ('D99FA886-9B7F-4D7D-8D8B-634215F14C16', N'не занимаюсь и не намереваюсь заниматься воздушными видами спорта, такими как: планеризм, дельтапланеризм, парасейлинг более 25 часов в календарный год');
delete from bfx_impl.declaration_medical_questions where id = '277E72AE-3588-4BFB-B533-695D37485569'; insert into bfx_impl.declaration_medical_questions values ('277E72AE-3588-4BFB-B533-695D37485569', N'не совершаю и не намереваюсь совершать более 50 прыжков в календарный год при занятии парашютным спортом или скайсерфингом');
delete from bfx_impl.declaration_medical_questions where id = '600A874F-EF20-4C4C-A5E1-6B2C08A76430'; insert into bfx_impl.declaration_medical_questions values ('600A874F-EF20-4C4C-A5E1-6B2C08A76430', N'не участвую и не намереваюсь участвовать в походах в горы на высоте более 5 000 метров');
delete from bfx_impl.declaration_medical_questions where id = 'E63991F7-07D6-4A2D-A2FB-6F8D2F248D60'; insert into bfx_impl.declaration_medical_questions values ('E63991F7-07D6-4A2D-A2FB-6F8D2F248D60', N'не занимаюсь и не намереваюсь заниматься спелеотуризмом без сопровождения опытного сертифицированного инструктора и/или не занимаюсь и не намереваюсь заниматьсяспелеотуризмом более 12 раз в календарный год');
delete from bfx_impl.declaration_medical_questions where id = '6BB1B3EE-B53A-476F-93A2-78157C9600A6'; insert into bfx_impl.declaration_medical_questions values ('6BB1B3EE-B53A-476F-93A2-78157C9600A6', N'не занимаюсь и не намереваюсь заниматься греблей на байдарке в водоемах с бурным течением');
delete from bfx_impl.declaration_medical_questions where id = 'C92418E6-BB28-43DF-96B5-91ED5A793909'; insert into bfx_impl.declaration_medical_questions values ('C92418E6-BB28-43DF-96B5-91ED5A793909', N'не занимаюсь и не намереваюсь заниматься более 10 раз в календарный год следующими видами спорта: банджи-джампинг, зорбинг');
delete from bfx_impl.declaration_medical_questions where id = 'D21DFF9E-DDAF-450D-9B81-93277C820D62'; insert into bfx_impl.declaration_medical_questions values ('D21DFF9E-DDAF-450D-9B81-93277C820D62', N'не занимаюсь и не намереваюсь заниматься паркуром на высоте более 15 метров');
delete from bfx_impl.declaration_medical_questions where id = '779C0929-11EB-4786-80E6-99A2419E28CD'; insert into bfx_impl.declaration_medical_questions values ('779C0929-11EB-4786-80E6-99A2419E28CD', N'мне не проводились хирургические операции, и я не находился на стационарном лечении в связи с увеличением груди, трансплантацией органов, пересадкой костного мозга');
delete from bfx_impl.declaration_medical_questions where id = '7AF93499-D001-4CEE-8922-A60E0660B5D1'; insert into bfx_impl.declaration_medical_questions values ('7AF93499-D001-4CEE-8922-A60E0660B5D1', N'у меня никогда не было продолжительного повышения температуры (более 7 дней подряд) в связи с заболеваниями, кроме гриппа');
delete from bfx_impl.declaration_medical_questions where id = 'E79ACA0A-A91A-4B1E-BFC1-B12F9A4E902A'; insert into bfx_impl.declaration_medical_questions values ('E79ACA0A-A91A-4B1E-BFC1-B12F9A4E902A', N'у меня никогда не диагностировали вирус папилломы человека, вирус Эпштейна-Барра, вирус герпеса человека 8-го типа, Хеликобактер пилори, вирусы гепатита, вирус иммунодефицита человека (ВИЧ)');
delete from bfx_impl.declaration_medical_questions where id = 'FA2B3ECF-16F1-4ABC-997A-C0713EB4894C'; insert into bfx_impl.declaration_medical_questions values ('FA2B3ECF-16F1-4ABC-997A-C0713EB4894C', N'не находился на больничном более 14 дней подряд, кроме как в связи с гриппом, и у меня нет проблем со здоровьем, в связи с которыми предоставляется право на сокращенный рабочий день или частичную занятость');
delete from bfx_impl.declaration_medical_questions where id = '63BF98FC-B4C3-4701-98BF-C17E8624C252'; insert into bfx_impl.declaration_medical_questions values ('63BF98FC-B4C3-4701-98BF-C17E8624C252', N'на протяжении последних 10 лет у меня отсутствовали следующие симптомы и/или изменения в состоянии здоровья: боли в груди, повышение артериального давления, шумы в сердце, учащенное сердцебиение, патологические изменения на ЭКГ, повышение уровня триглицеридов и/или холестерина в крови, обмороки, потеря сознания, судорожные припадки, нарушение речи, желудочно-кишечное кровотечение, кровь или белок, или сахар в моче, я не получал(а) травмы, которые привели к постоянной или временной недееспособности');
delete from bfx_impl.declaration_medical_questions where id = 'A00C3672-72AA-44D9-B7BC-C5D1B95C3EBE'; insert into bfx_impl.declaration_medical_questions values ('A00C3672-72AA-44D9-B7BC-C5D1B95C3EBE', N'у меня не было и нет заболеваний половых и/или репродуктивных органов, включая грудь, неменструальное вагинальное кровотечение, миому матки, бесплодие (включая мужчин), дефектные яички, варикоцеле');
delete from bfx_impl.declaration_medical_questions where id = 'F7B8B874-4F8F-4552-A189-E73026E860CA'; insert into bfx_impl.declaration_medical_questions values ('F7B8B874-4F8F-4552-A189-E73026E860CA', N'за последние 12 месяцев у меня не было непреднамеренного снижения веса более чем на 10%');
delete from bfx_impl.declaration_medical_questions where id = 'E5F24A87-2A6F-4438-97A6-E828988FAE28'; insert into bfx_impl.declaration_medical_questions values ('E5F24A87-2A6F-4438-97A6-E828988FAE28', N'мне не известно о каких-либо результатах онкологических или иных анализов, требующих дополнительных исследований или лечения');
delete from bfx_impl.declaration_medical_questions where id = '75681537-C0AA-4FD5-BA2E-F1FE682140D8'; insert into bfx_impl.declaration_medical_questions values ('75681537-C0AA-4FD5-BA2E-F1FE682140D8', N'не выкуриваю более 20 сигарет/электронных сигарет в день или не курю ежедневно сигары, трубки, кальян/наргиле, или другие никотиновые заменители и не употребляю алкоголь более чем 5 единиц в день (одна единица = 300 мл пива или 100 мл вина или 20 мл спирта)');
delete from bfx_impl.declaration_medical_questions where id = 'C0223272-322A-4622-A9A2-F86500D56803'; insert into bfx_impl.declaration_medical_questions values ('C0223272-322A-4622-A9A2-F86500D56803', N'на момент заключения договора страхования ни одному из моих ближайших родственников (отец, мать, дети, братья и сестры) никогда не диагностировали рак, предраковые состояния или сердечно-сосудистое заболевание в возрасте до 60 лет, а также семейный аденоматозный полипоз.');

delete from bfx_impl.declaration_medical where id = 'FFA47E39-85F0-4DC7-8ECE-07D526AF7159'; insert into bfx_impl.declaration_medical values ('FFA47E39-85F0-4DC7-8ECE-07D526AF7159', 'TERMVVTB', '1', '416C7ABA-E0BB-49E1-9BA1-04E3BA4F21B6', 'underwriting', '1900-01-01', '2099-12-31', 0);
delete from bfx_impl.declaration_medical where id = '00EAF334-D34F-472C-AC25-11B9FE46EAA3'; insert into bfx_impl.declaration_medical values ('00EAF334-D34F-472C-AC25-11B9FE46EAA3', 'TERMVVTB', '2', '05D6F06E-6ABD-48EB-A36F-08DECB2304BF', 'underwriting', '1900-01-01', '2099-12-31', 0);
delete from bfx_impl.declaration_medical where id = '6BEE4246-ACE2-42D0-A0DB-1B4C22CACD45'; insert into bfx_impl.declaration_medical values ('6BEE4246-ACE2-42D0-A0DB-1B4C22CACD45', 'TERMVVTB', '3', '1DDC2896-5A21-40E8-A989-11A2A58D9B66', 'underwriting', '1900-01-01', '2099-12-31', 0);
delete from bfx_impl.declaration_medical where id = 'A860FBAB-C469-4A63-85AF-21392E47DA9F'; insert into bfx_impl.declaration_medical values ('A860FBAB-C469-4A63-85AF-21392E47DA9F', 'TERMVVTB', '4', 'BB246600-B0D4-41AF-85A6-13B54809DA98', 'underwriting', '1900-01-01', '2099-12-31', 0);
delete from bfx_impl.declaration_medical where id = '90C926AE-64A1-4DA8-BA70-22768DCA4B8D'; insert into bfx_impl.declaration_medical values ('90C926AE-64A1-4DA8-BA70-22768DCA4B8D', 'TERMVVTB', '5', '131EC026-BF1E-4A00-AC58-13C9D7E4874F', 'underwriting', '1900-01-01', '2099-12-31', 0);
delete from bfx_impl.declaration_medical where id = '987FD7A5-BE4E-4AAF-8E3E-22D88D37D152'; insert into bfx_impl.declaration_medical values ('987FD7A5-BE4E-4AAF-8E3E-22D88D37D152', 'TERMVVTB', '6', 'EB21B643-F556-48F0-9332-18EDB6F9BC25', 'underwriting', '1900-01-01', '2099-12-31', 0);
delete from bfx_impl.declaration_medical where id = '798F2BC5-4DEB-4AE0-A42E-37ADAE246412'; insert into bfx_impl.declaration_medical values ('798F2BC5-4DEB-4AE0-A42E-37ADAE246412', 'TERMVVTB', '7', 'D506F72C-314D-40F1-9C5B-2A5C425B6AE3', 'underwriting', '1900-01-01', '2099-12-31', 0);
delete from bfx_impl.declaration_medical where id = '89140673-6839-4B01-A364-4896B9228D9E'; insert into bfx_impl.declaration_medical values ('89140673-6839-4B01-A364-4896B9228D9E', 'TERMVVTB', '8', '8E3E7755-B289-4297-BABA-3AA2A50A0AFF', 'underwriting', '1900-01-01', '2099-12-31', 0);
delete from bfx_impl.declaration_medical where id = '58DFF541-C590-4504-95DF-4E600E8FB535'; insert into bfx_impl.declaration_medical values ('58DFF541-C590-4504-95DF-4E600E8FB535', 'TERMVVTB', '9', 'C66008AE-071D-4E07-8B5A-4048322F448E', 'underwriting', '1900-01-01', '2099-12-31', 0);
delete from bfx_impl.declaration_medical where id = 'D63374A4-3348-4B2C-BB00-5088D3568B95'; insert into bfx_impl.declaration_medical values ('D63374A4-3348-4B2C-BB00-5088D3568B95', 'TERMVVTB', '10', 'D91C2315-C996-484A-8A8F-484ADE1365E0', 'underwriting', '1900-01-01', '2099-12-31', 0);
delete from bfx_impl.declaration_medical where id = '84052B29-C939-4842-BC4E-5A9BA90B5E98'; insert into bfx_impl.declaration_medical values ('84052B29-C939-4842-BC4E-5A9BA90B5E98', 'TERMVVTB', '11', '2829754D-2273-4F7C-AD17-4FA919374DC3', 'underwriting', '1900-01-01', '2099-12-31', 0);
delete from bfx_impl.declaration_medical where id = '872A2156-3A7D-4156-AAD1-5D95CC12A825'; insert into bfx_impl.declaration_medical values ('872A2156-3A7D-4156-AAD1-5D95CC12A825', 'TERMVVTB', '12', '93516887-C43C-4004-A628-5648AADDC7BB', 'underwriting', '1900-01-01', '2099-12-31', 0);
delete from bfx_impl.declaration_medical where id = '98C72E83-A590-47A6-9FB2-65B0760D56F9'; insert into bfx_impl.declaration_medical values ('98C72E83-A590-47A6-9FB2-65B0760D56F9', 'TERMVVTB', '13', 'BE5C9296-4E66-4600-95AE-58F9645020F6', 'underwriting', '1900-01-01', '2099-12-31', 0);
delete from bfx_impl.declaration_medical where id = 'A3D187F6-4024-434F-9E1F-6765620EAD6B'; insert into bfx_impl.declaration_medical values ('A3D187F6-4024-434F-9E1F-6765620EAD6B', 'TERMVVTB', '14', 'D99FA886-9B7F-4D7D-8D8B-634215F14C16', 'underwriting', '1900-01-01', '2099-12-31', 0);
delete from bfx_impl.declaration_medical where id = '5587D5D6-9B90-471B-8BB2-6FDF581E0D10'; insert into bfx_impl.declaration_medical values ('5587D5D6-9B90-471B-8BB2-6FDF581E0D10', 'TERMVVTB', '15', '277E72AE-3588-4BFB-B533-695D37485569', 'underwriting', '1900-01-01', '2099-12-31', 0);
delete from bfx_impl.declaration_medical where id = '514707CC-354B-4CD4-9880-7797C76A8119'; insert into bfx_impl.declaration_medical values ('514707CC-354B-4CD4-9880-7797C76A8119', 'TERMVVTB', '16', '600A874F-EF20-4C4C-A5E1-6B2C08A76430', 'underwriting', '1900-01-01', '2099-12-31', 0);
delete from bfx_impl.declaration_medical where id = '9CCD1BCD-3B00-4D83-9832-8880776D45FB'; insert into bfx_impl.declaration_medical values ('9CCD1BCD-3B00-4D83-9832-8880776D45FB', 'TERMVVTB', '17', 'E63991F7-07D6-4A2D-A2FB-6F8D2F248D60', 'underwriting', '1900-01-01', '2099-12-31', 0);
delete from bfx_impl.declaration_medical where id = '6690B742-BD1C-40BC-A6B2-8A7BE6D0D3D5'; insert into bfx_impl.declaration_medical values ('6690B742-BD1C-40BC-A6B2-8A7BE6D0D3D5', 'TERMVVTB', '18', '6BB1B3EE-B53A-476F-93A2-78157C9600A6', 'underwriting', '1900-01-01', '2099-12-31', 0);
delete from bfx_impl.declaration_medical where id = '680D267E-9C26-4359-99A6-97A9AB9363EA'; insert into bfx_impl.declaration_medical values ('680D267E-9C26-4359-99A6-97A9AB9363EA', 'TERMVVTB', '19', 'C92418E6-BB28-43DF-96B5-91ED5A793909', 'underwriting', '1900-01-01', '2099-12-31', 0);
delete from bfx_impl.declaration_medical where id = 'D879FD4C-0B6A-44D8-BF79-9DE752543404'; insert into bfx_impl.declaration_medical values ('D879FD4C-0B6A-44D8-BF79-9DE752543404', 'TERMVVTB', '20', 'D21DFF9E-DDAF-450D-9B81-93277C820D62', 'underwriting', '1900-01-01', '2099-12-31', 0);
delete from bfx_impl.declaration_medical where id = '66FA6959-D965-4A59-80E1-A87F7A78F7E7'; insert into bfx_impl.declaration_medical values ('66FA6959-D965-4A59-80E1-A87F7A78F7E7', 'TERMVVTB', '21', '779C0929-11EB-4786-80E6-99A2419E28CD', 'underwriting', '1900-01-01', '2099-12-31', 0);
delete from bfx_impl.declaration_medical where id = '12DDBDE1-091C-455D-A89B-A94336D86485'; insert into bfx_impl.declaration_medical values ('12DDBDE1-091C-455D-A89B-A94336D86485', 'TERMVVTB', '22', '7AF93499-D001-4CEE-8922-A60E0660B5D1', 'underwriting', '1900-01-01', '2099-12-31', 0);
delete from bfx_impl.declaration_medical where id = 'CE8CE3A4-78F7-44A6-A30D-B4D8F893FA80'; insert into bfx_impl.declaration_medical values ('CE8CE3A4-78F7-44A6-A30D-B4D8F893FA80', 'TERMVVTB', '23', 'E79ACA0A-A91A-4B1E-BFC1-B12F9A4E902A', 'underwriting', '1900-01-01', '2099-12-31', 0);
delete from bfx_impl.declaration_medical where id = 'D7EB3349-71E0-4E8B-B270-B9FF12C6A905'; insert into bfx_impl.declaration_medical values ('D7EB3349-71E0-4E8B-B270-B9FF12C6A905', 'TERMVVTB', '24', 'FA2B3ECF-16F1-4ABC-997A-C0713EB4894C', 'underwriting', '1900-01-01', '2099-12-31', 0);
delete from bfx_impl.declaration_medical where id = '28990D55-AD7B-44E5-BEF7-BD4B4A8108C1'; insert into bfx_impl.declaration_medical values ('28990D55-AD7B-44E5-BEF7-BD4B4A8108C1', 'TERMVVTB', '25', '63BF98FC-B4C3-4701-98BF-C17E8624C252', 'underwriting', '1900-01-01', '2099-12-31', 0);
delete from bfx_impl.declaration_medical where id = 'E26D1545-5D00-401E-852C-C593D3A1458A'; insert into bfx_impl.declaration_medical values ('E26D1545-5D00-401E-852C-C593D3A1458A', 'TERMVVTB', '26', 'A00C3672-72AA-44D9-B7BC-C5D1B95C3EBE', 'underwriting', '1900-01-01', '2099-12-31', 0);
delete from bfx_impl.declaration_medical where id = '301C5B57-7A0B-41E2-93BF-EC615B420EE5'; insert into bfx_impl.declaration_medical values ('301C5B57-7A0B-41E2-93BF-EC615B420EE5', 'TERMVVTB', '27', 'F7B8B874-4F8F-4552-A189-E73026E860CA', 'underwriting', '1900-01-01', '2099-12-31', 0);
delete from bfx_impl.declaration_medical where id = '31DD8B59-A921-4F4A-9FC0-EC6ACF6093DE'; insert into bfx_impl.declaration_medical values ('31DD8B59-A921-4F4A-9FC0-EC6ACF6093DE', 'TERMVVTB', '28', 'E5F24A87-2A6F-4438-97A6-E828988FAE28', 'underwriting', '1900-01-01', '2099-12-31', 0);
delete from bfx_impl.declaration_medical where id = '1595B17B-BB3C-4FA2-9296-F369BC5860E5'; insert into bfx_impl.declaration_medical values ('1595B17B-BB3C-4FA2-9296-F369BC5860E5', 'TERMVVTB', '29', '75681537-C0AA-4FD5-BA2E-F1FE682140D8', 'underwriting', '1900-01-01', '2099-12-31', 0);
delete from bfx_impl.declaration_medical where id = 'FEC99FFE-A744-4E5C-8527-F492799F3358'; insert into bfx_impl.declaration_medical values ('FEC99FFE-A744-4E5C-8527-F492799F3358', 'TERMVVTB', '30', 'C0223272-322A-4622-A9A2-F86500D56803', 'underwriting', '1900-01-01', '2099-12-31', 0);

--Декларация страхователя\застрахованного
delete from bfx_impl.declaration_main_questions where id = 'F4D182CB-0DB2-4192-B65A-007F6C6FD3BA'; insert into bfx_impl.declaration_main_questions values ('F4D182CB-0DB2-4192-B65A-007F6C6FD3BA', N'Общая страховая сумма в отношении Застрахованного по всем договорам страхования / заявлениям на страхование по продуктам накопительного и рискового страхования жизни, заключенным с ООО СК «Росгосстрах Жизнь», включая настоящий договор страхования, не превышает:
- 10 500 000 рублей по каждому из рисков «Смерть Застрахованного по любой причине», «Смерть Застрахованного в результате несчастного случая», «Смерть Застрахованного в результате транспортного происшествия» для Застрахованных в возрасте от 18 до 65 полных лет (включительно) на дату заключения договора страхования (5 000 000 рублей для Застрахованных в возрасте от 66 до 70 полных лет (включительно) на дату заключения договора страхования);
- 10 500 000 рублей по риску «Инвалидность Застрахованного с установлением I, II группы инвалидности по любой причине» в возрасте от 18 до 65 полных лет (включительно) на дату заключения договора страхования;
- 7 000 000 рублей по риску «Травма Застрахованного в результате несчастного случая» для Застрахованных в возрасте от 18 до 65 полных лет (включительно) на дату заключения договора страхования (5 000 000 рублей для Застрахованных в возрасте от 66 до 70 полных лет (включительно) на дату заключения договора страхования).');
delete from bfx_impl.declaration_main_questions where id = 'A3180BFB-3FA7-4CFF-9B65-018E98444461'; insert into bfx_impl.declaration_main_questions values ('A3180BFB-3FA7-4CFF-9B65-018E98444461', N'В отношении Застрахованного нет договора страхования, заключенного с ООО СК «Росгосстрах Жизнь» (а также нет заявлений на заключение договора страхования, переданных на рассмотрение Страховщику), предусматривающего страхование на случай диагностирования онкологического или критического заболевания с осуществлением выплаты в виде организации и оплаты медицинских и иных услуг, связанных с лечением данного заболевания.');
delete from bfx_impl.declaration_main_questions where id = 'FEAAA66C-AE9D-40B4-8935-0397E58CEE9A'; insert into bfx_impl.declaration_main_questions values ('FEAAA66C-AE9D-40B4-8935-0397E58CEE9A', N'Страхователь подтверждает, что страхование осуществляется в целях обеспечения защиты его интересов, за счет средств Страхователя.');
delete from bfx_impl.declaration_main_questions where id = 'E5BCFC53-773C-4C1F-9A2B-0DEF4A1531F1'; insert into bfx_impl.declaration_main_questions values ('E5BCFC53-773C-4C1F-9A2B-0DEF4A1531F1', N'Страхователь подтверждает отсутствие у него: действующей профессиональной дисквалификации, непогашенной судимости или административного взыскания в соответствии с законодательством Российской Федерации, просроченной задолженности в кредитных организациях.');
delete from bfx_impl.declaration_main_questions where id = 'C09E3444-1430-4D12-95C4-1E755B1518FF'; insert into bfx_impl.declaration_main_questions values ('C09E3444-1430-4D12-95C4-1E755B1518FF', N'Страхователь не является иностранным публичным должностным лицом («иностранное публичное должностное лицо» означает любое назначаемое или избираемое лицо, занимающее какую-либо должность в законодательном, исполнительном, административном или судебном органе иностранного государства, и любое лицо, выполняющее какую-либо публичную функцию для иностранного государства, в том числе для публичного ведомства или публичного предприятия), должностным лицом публичных международных организаций («должностное лицо публичной международной организации» означает международного гражданского служащего или любое лицо, которое уполномочено такой организацией действовать от ее имени), российским публичным должностным лицом, лицом, замещающим (занимающим) государственные должности в Российской Федерации, должности членов Совета директоров Банка России, должности федеральной государственной службы, назначение на которые и освобождение от которых осуществляются Президентом Российской Федерации или Правительством Российской Федерации, должности в Банке России, государственных корпорациях и иных организациях, созданных Российской Федерацией на основании федеральных законов, включенные в перечни должностей, определяемые Президентом Российской Федерации, родственником кого-то из вышеперечисленных лиц (супругом, родителем, ребенком, дедушкой, бабушкой, внуком, полнородным и неполнородным (имеющим общих отца или мать) братом и сестрой, усыновителем и усыновленным) или представителем, действующим от его имени.');
delete from bfx_impl.declaration_main_questions where id = 'BBBEFA6B-9B9B-4073-8B10-280FC298F312'; insert into bfx_impl.declaration_main_questions values ('BBBEFA6B-9B9B-4073-8B10-280FC298F312', N'Страхователь подтверждает, что не принадлежит (не зарегистрирован, не проживает и не находится) к государству (территории): с высокой террористической или экстремистской активностью; в отношении которого (которой) применяются специальные экономические меры в соответствии с Федеральным законом «О специальных экономических мерах»; которое (которая) не выполняет рекомендации Группы разработки финансовых мер борьбы с отмыванием денег (ФАТФ), либо с использованием счета в банке, зарегистрированном в указанном государстве (на указанной территории) – ИР Иран, КНДР (включая международные неправительственные организации), к государствам (территориям) с повышенным уровнем коррупции и/или другой преступной деятельности; предоставляющему (предоставляющей) льготный режим налогообложения и/или не предусматривающему (предусматривающей) раскрытия и предоставления информации при проведении финансовых операций (офшорной зоны); не имеет открытого банковского счета, зарегистрированного в указанном государстве или на указанной территории.');
delete from bfx_impl.declaration_main_questions where id = 'FB3A8749-9E4B-4798-9359-2BC46DD9A7CC'; insert into bfx_impl.declaration_main_questions values ('FB3A8749-9E4B-4798-9359-2BC46DD9A7CC', N'Страхователь подтверждает, что иное физическое лицо не имеет возможности контролировать действия Страхователя.');
delete from bfx_impl.declaration_main_questions where id = 'FFC6CBCD-CB58-4CE6-859D-2C277034408D'; insert into bfx_impl.declaration_main_questions values ('FFC6CBCD-CB58-4CE6-859D-2C277034408D', N'Страхователь подтверждает, что он не является налоговым резидентом США и не обладает ни одним из признаков налогового резидента США (не имеет гражданства США (в том числе в случае наличия двух и более гражданств) и разрешения на постоянное пребывание в США (форма I-551 Green Card); не соответствует критерию «Долгосрочное пребывание» на территории США; местом рождения Страхователя не является территория США; не имеет адреса проживания и/или почтового адреса, номера контактного телефона и/или факса на территории США; не имеет открытых счетов в кредитных организациях на территории США). (Физическое лицо соответствует критерию «Долгосрочное пребывание», если оно находилось на территории США не менее 31 дня в течение текущего календарного года и не менее 183 дней в течение 3 лет, включая текущий год и два непосредственно предшествующих года. При этом сумма дней, в течение которых физическое лицо присутствовало на территории США в текущем году, а также двух предшествующих годах, умножается на установленный коэффициент: коэффициент для текущего года равен 1 (т. е. учитываются все дни, проведенные в США в текущем году); коэффициент предшествующего года равен 1/3; коэффициент позапрошлого года – 1/6.).');
delete from bfx_impl.declaration_main_questions where id = '5C72C19A-B1ED-43E5-B2E7-3041F233D487'; insert into bfx_impl.declaration_main_questions values ('5C72C19A-B1ED-43E5-B2E7-3041F233D487', N'Страхователь подтверждает, что на момент заключения настоящего договора страхования, не является налоговым резидентом страны, отличной от Российской Федерации и не обладает ни одним из признаков иностранного налогового резидентства (не имеет иностранного адреса места фактического проживания или почтового адреса в иностранном государстве; не имеет номера телефона в иностранном государстве при отсутствии номера телефона в Российской Федерации; не имеет постоянного поручения на перечисление средств (за исключением банковского вклада) на счет или адрес в иностранном государстве; не имеет доверенности или права подписи, предоставленных лицу, проживающему в иностранном государстве; не имеет адреса до востребования в иностранной юрисдикции.');
delete from bfx_impl.declaration_main_questions where id = '67428C5A-B381-402B-8FD0-335D064B1906'; insert into bfx_impl.declaration_main_questions values ('67428C5A-B381-402B-8FD0-335D064B1906', N'Страхователь обязуется не реже одного раза в год и/или по мере изменения идентификационных данных, указанных в настоящем договоре страхования, направлять Страховщику обновленные персональные данные по форме, предложенной Страховщиком.
Непредставление соответствующей информации Страховщик вправе расценить как неизменность сведений о Страхователе, установленных при его идентификации, и обновить идентификационные сведения на основе данных, представленных Страхователем ранее в сроки, установленные Федеральным законом от 07.08.2001 N 115-ФЗ «О противодействии легализации (отмыванию) доходов, полученных преступным путем, и финансированию терроризма».');
delete from bfx_impl.declaration_main_questions where id = 'BEDDE496-1856-43FB-B671-35715F986F20'; insert into bfx_impl.declaration_main_questions values ('BEDDE496-1856-43FB-B671-35715F986F20', N'Страхователь дает свое согласие Страховщику на использование адреса электронной почты, указанного в разделе I договора страхования, с целью подключения услуги «Личный кабинет», в рамках которой предоставляется информация о текущем состоянии договора страхования. Данное согласие действует до даты прекращения настоящего договора страхования и может быть отозвано путем подачи соответствующего письменного уведомления, подписанного в присутствии уполномоченного представителя Страховщика, или путем передачи Страховщику отзыва настоящего согласия, подпись Страхователя на котором удостоверена нотариально. Страхователь обязуется незамедлительно уведомлять Страховщика о случаях несанкционированного использования зарегистрированных за Страхователем адреса электронной почты и пароля, не передавать пароль третьим лицам или использовать адреса электронной почты и пароли третьих лиц. Страхователь подтверждает, что осознает полную ответственность за сохранность информации о подключении услуги «Личный кабинет» (включая информацию об адресе электронной почты и пароле) и за все действия, которые будут произведены в «Личном кабинете» с использованием указанного выше адреса электронной почты и пароля к нему. Страхователь понимает, что информация, предоставленная в рамках услуги «Личный кабинет», носит информационно-справочный характер (не является публичной офертой); Страховщик не несет ответственности в случае возможного искажения информации в результате технических сбоев, действия несанкционированных (вредоносных) программ (вирусов), а также не несет ответственности за ущерб, который может быть причинен имуществу Страхователя (иному лицу) в результате таких событий.');
delete from bfx_impl.declaration_main_questions where id = '2630657A-4922-4C79-A4A4-3ADE3761C186'; insert into bfx_impl.declaration_main_questions values ('2630657A-4922-4C79-A4A4-3ADE3761C186', N'Застрахованный дает свое согласие на получение Обществом с ограниченной ответственностью Страховая компания «Росгосстрах Жизнь» (121059, г. Москва, вн.тер.г. муниципальный округ Дорогомилово, ул. Киевская, д. 7, к. 1) в целях исполнения договора страхования и перестрахования: медицинской информации от любого врача (медицинского учреждения), у которого он когда-либо консультировался и/или лечился, а также будет обращаться в последующем; на получение необходимой информации в правоохранительных, медицинских и других органах (учреждениях) для проверки предоставленной информации, а также для выяснения всех обстоятельств наступления страхового случая; на получение любой информации от страховых компаний, к которым Застрахованный обращался с заявлениями на страхование жизни. Данное согласие дано без ограничения срока действия.');
delete from bfx_impl.declaration_main_questions where id = '66407BE5-B97E-4EF3-AC45-4A807C8EF5E4'; insert into bfx_impl.declaration_main_questions values ('66407BE5-B97E-4EF3-AC45-4A807C8EF5E4', N'На основании положений Федерального закона от 21.11.2011 № 323-ФЗ «Об основах охраны здоровья граждан Российской Федерации» Застрахованный разрешает медицинским и иным учреждениям предоставлять информацию о состоянии его здоровья, о фактах обращения за оказанием медицинской помощи, диагнозе, иные сведения, полученные при медицинском обследовании и лечении Застрахованного, составляющие врачебную тайну, в том числе предоставление соответствующих копий документов, по запросу Страховщика.');
delete from bfx_impl.declaration_main_questions where id = 'E141384B-9F8C-4106-8995-4F1225117F09'; insert into bfx_impl.declaration_main_questions values ('E141384B-9F8C-4106-8995-4F1225117F09', N'Страхователь и Застрахованный в соответствии с Федеральным законом от 27.07.2006 № 152-ФЗ «О персональных данных» свободно, своей волей и в своем интересе дают свое согласие Обществу с ограниченной ответственностью Страховая компания «Росгосстрах Жизнь» (место нахождения: 121059, г. Москва, вн.тер.г. муниципальный округ Дорогомилово, ул. Киевская, д. 7, к. 1), Публичному акционерному обществу Страховая Компания «Росгосстрах» (место нахождения: 140002, Московская область, г. Люберцы, ул. Парковая, д. 3), перестраховщикам (Акционерное общество «Российская Национальная Перестраховочная Компания» (место нахождения: 125047, г. Москва, вн.тер.г. муниципальный округ Пресненский, ул. Гашека, д. 6)) и ассистанским компаниям (сервисным организациям) (Madanes Advanced Healthcare Services Ltd. (место нахождения: 67060, Израиль, Тель-Авив, ул. Хашлоша, д. 2)) и архивным компаниям (Общество с ограниченной ответственностью «ОСГ Рекордз Менеджмент» (место нахождения: 115093, г. Москва, ул. Павловская, влд. 7, пом. 14Б)) на обработку их персональных данных (включая сбор, запись, систематизацию, накопление, хранение, уточнение (обновление, изменение), извлечение, использование, передачу (предоставление, доступ), трансграничную передачу, в том числе в страны, обеспечивающие и не обеспечивающие адекватную защиту прав субъектов персональных данных (Израиль, США), обезличивание, блокирование, удаление, уничтожение) совершаемую с использованием средств автоматизации или без использования таких средств. Цель обработки персональных данных: заключение, сопровождение, исполнение, прекращение договора страхования и перестрахования, продвижение страховых услуг, проведение рекламных и маркетинговых акций, а также архивное хранение и выполнение требований законодательства Российской Федерации. Перечень персональных данных, на обработку которых дается согласие (при условии их раскрытия субъектом персональных данных): фамилия, имя, отчество; гражданство; дата рождения; место рождения; пол; серия (при наличии) и номер документа, удостоверяющего личность субъекта персональных данных, дата выдачи документа, орган, выдавший документ; адрес постоянной регистрации; почтовый адрес; контактные номера телефонов (мобильного и/или домашнего); адреса электронной почты; информация о состоянии здоровья и диагнозах Застрахованного (в т. ч. составляющая врачебную тайну в соответствии со ст. 13, 19, 22 Федерального закона от 21.11.2011 № 323-ФЗ «Об основах охраны здоровья граждан в Российской Федерации»). Страховщик вправе поручить обработку персональных данных другому лицу, на основании заключаемого с этим лицом договора. Страховщик оставляет за собой право изменить перечень ассистанских компаний (сервисных организаций) / перестраховщиков / архивных компаний, а также список стран, в которые может быть осуществлена трансграничная передача в связи с указанными изменениями. Актуальный перечень ассистанских компаний (сервисных организаций) / перестраховщиков / архивных компаний / стран, в которые может быть осуществлена трансграничная передача, представлен на сайте Страховщика в разделе «Раскрытие информации» (www.rgsl.ru/info/). Согласие на обработку персональных данных начинает свое действие с момента подписания договора страхования и действует в течение всего срока действия договора страхования, а также в течение 5 (пяти) лет с даты его прекращения. Согласие может быть отозвано в любое время путем направления Страховщику письменного уведомления (путем направления заказного письма с уведомлением о вручении либо путем вручения лично под расписку уполномоченному представителю Страховщика).');
delete from bfx_impl.declaration_main_questions where id = '0626175B-86E4-44F7-A818-5653160AB92C'; insert into bfx_impl.declaration_main_questions values ('0626175B-86E4-44F7-A818-5653160AB92C', N'Страхователь и Застрахованный с Правилами, расположенными на официальном сайте Страховщика (www.rgsl.ru), ознакомлены и согласны');
delete from bfx_impl.declaration_main_questions where id = 'D8C0B8C1-FAB9-4D6B-8AC0-58DAC9869FA6'; insert into bfx_impl.declaration_main_questions values ('D8C0B8C1-FAB9-4D6B-8AC0-58DAC9869FA6', N'Страхователь подтверждает, что Ключевой информационный документ об условиях договора добровольного страхования до заключения договора страхования им получен, с условиями Ключевого информационного документа он ознакомлен и согласен.');
delete from bfx_impl.declaration_main_questions where id = 'EE97E744-1718-492C-8430-773A5E056688'; insert into bfx_impl.declaration_main_questions values ('EE97E744-1718-492C-8430-773A5E056688', N'Страхователь и Застрахованный дают свое согласие Обществу с ограниченной ответственностью Страховая компания «Росгосстрах Жизнь» (121059, г. Москва, вн.тер.г. муниципальный округ Дорогомилово, ул. Киевская, д. 7, к. 1), Публичному акционерному обществу Страховая Компания «Росгосстрах» (140002, Московская область, г. Люберцы, ул. Парковая, д. 3) на обработку и использование указанного в настоящем договоре страхования номера мобильного телефона, адреса электронной почты с целью оповещения/информирования об услугах и страховых продуктах Общества с ограниченной ответственностью Страховая компания «Росгосстрах Жизнь» (121059, г. Москва, вн.тер.г. муниципальный округ Дорогомилово, ул. Киевская, д. 7, к. 1), Публичного акционерного общества Страховая Компания «Росгосстрах» (140002, Московская область, г. Люберцы, ул. Парковая, д. 3), сообщения информации в отношении настоящего договора страхования, заключенного со Страхователем, и/или информации по страховому случаю, а также для поздравления с официальными праздниками и маркетинговых исследований. Согласие на получение информации по каналам связи дано без ограничения срока действия и может быть отозвано в любой момент времени путем направления Страховщику письменного заявления.');
delete from bfx_impl.declaration_main_questions where id = '727C31A4-19A5-4B31-BE1B-7F700C9F371A'; insert into bfx_impl.declaration_main_questions values ('727C31A4-19A5-4B31-BE1B-7F700C9F371A', N'Страхователь и Застрахованный подтверждают, что сведения, указанные в настоящем договоре страхования и приложениях к нему, являются правдивыми и содержат полную информацию. Информация, указанная в настоящем договоре страхования и приложениях к нему, признается сторонами существенной для определения вероятности наступления страхового случая.');

delete from bfx_impl.declaration_main where id = 'E615303D-C27B-481B-9007-00A91EC248D8'; insert into bfx_impl.declaration_main values ('E615303D-C27B-481B-9007-00A91EC248D8', 'TERMVVTB', '1', 'F4D182CB-0DB2-4192-B65A-007F6C6FD3BA', 'underwriting', '1900-01-01', '2099-12-31');
delete from bfx_impl.declaration_main where id = '53BCBC46-CC12-43E0-8AD4-07902BFD24E4'; insert into bfx_impl.declaration_main values ('53BCBC46-CC12-43E0-8AD4-07902BFD24E4', 'TERMVVTB', '2', 'A3180BFB-3FA7-4CFF-9B65-018E98444461', 'compliance', '1900-01-01', '2099-12-31');
delete from bfx_impl.declaration_main where id = '0B98B974-75A9-4820-A197-14F1C9946806'; insert into bfx_impl.declaration_main values ('0B98B974-75A9-4820-A197-14F1C9946806', 'TERMVVTB', '3', 'FEAAA66C-AE9D-40B4-8935-0397E58CEE9A', 'compliance', '1900-01-01', '2099-12-31');
delete from bfx_impl.declaration_main where id = '31FEBCD0-E5BB-4CD4-BB3C-1DD3925B10A3'; insert into bfx_impl.declaration_main values ('31FEBCD0-E5BB-4CD4-BB3C-1DD3925B10A3', 'TERMVVTB', '4', 'E5BCFC53-773C-4C1F-9A2B-0DEF4A1531F1', 'compliance', '1900-01-01', '2099-12-31');
delete from bfx_impl.declaration_main where id = '199B2673-BD96-4557-9FFE-31F6E233FD5D'; insert into bfx_impl.declaration_main values ('199B2673-BD96-4557-9FFE-31F6E233FD5D', 'TERMVVTB', '5', 'C09E3444-1430-4D12-95C4-1E755B1518FF', 'compliance', '1900-01-01', '2099-12-31');
delete from bfx_impl.declaration_main where id = '38071E74-DE70-4560-A354-45652978A6C7'; insert into bfx_impl.declaration_main values ('38071E74-DE70-4560-A354-45652978A6C7', 'TERMVVTB', '6', 'BBBEFA6B-9B9B-4073-8B10-280FC298F312', 'compliance', '1900-01-01', '2099-12-31');
delete from bfx_impl.declaration_main where id = 'A03BC6D4-E820-42C0-B708-4736D0D8BB26'; insert into bfx_impl.declaration_main values ('A03BC6D4-E820-42C0-B708-4736D0D8BB26', 'TERMVVTB', '7', 'FB3A8749-9E4B-4798-9359-2BC46DD9A7CC', 'compliance', '1900-01-01', '2099-12-31');
delete from bfx_impl.declaration_main where id = '596BACBC-CEC6-4ADB-81DC-4A884244B577'; insert into bfx_impl.declaration_main values ('596BACBC-CEC6-4ADB-81DC-4A884244B577', 'TERMVVTB', '8', 'FFC6CBCD-CB58-4CE6-859D-2C277034408D', 'compliance', '1900-01-01', '2099-12-31');
delete from bfx_impl.declaration_main where id = '30FEF09E-EE9B-4B85-8856-5B4B14310E1B'; insert into bfx_impl.declaration_main values ('30FEF09E-EE9B-4B85-8856-5B4B14310E1B', 'TERMVVTB', '9', '5C72C19A-B1ED-43E5-B2E7-3041F233D487', 'compliance', '1900-01-01', '2099-12-31');
delete from bfx_impl.declaration_main where id = '47C56AAF-87BB-4F16-855C-5F042BFD09DD'; insert into bfx_impl.declaration_main values ('47C56AAF-87BB-4F16-855C-5F042BFD09DD', 'TERMVVTB', '10', '67428C5A-B381-402B-8FD0-335D064B1906', 'legal', '1900-01-01', '2099-12-31');
delete from bfx_impl.declaration_main where id = '5E3EA59B-FEB9-43AF-81D5-68CA7AF29B7D'; insert into bfx_impl.declaration_main values ('5E3EA59B-FEB9-43AF-81D5-68CA7AF29B7D', 'TERMVVTB', '11', 'BEDDE496-1856-43FB-B671-35715F986F20', 'block', '1900-01-01', '2099-12-31');
delete from bfx_impl.declaration_main where id = 'EA906BA7-2FC2-4B6A-BF38-6E989FC2E500'; insert into bfx_impl.declaration_main values ('EA906BA7-2FC2-4B6A-BF38-6E989FC2E500', 'TERMVVTB', '12', '2630657A-4922-4C79-A4A4-3ADE3761C186', 'block', '1900-01-01', '2099-12-31');
delete from bfx_impl.declaration_main where id = 'CAECF317-E4F1-4A49-AAF2-70C8C8FB2765'; insert into bfx_impl.declaration_main values ('CAECF317-E4F1-4A49-AAF2-70C8C8FB2765', 'TERMVVTB', '13', '66407BE5-B97E-4EF3-AC45-4A807C8EF5E4', 'legal', '1900-01-01', '2099-12-31');
delete from bfx_impl.declaration_main where id = '818AE34B-D597-49B5-91D1-7A621E44482A'; insert into bfx_impl.declaration_main values ('818AE34B-D597-49B5-91D1-7A621E44482A', 'TERMVVTB', '14', 'E141384B-9F8C-4106-8995-4F1225117F09', 'block', '1900-01-01', '2099-12-31');
delete from bfx_impl.declaration_main where id = '46C2BF8E-F969-4956-B8D4-7FC53356209B'; insert into bfx_impl.declaration_main values ('46C2BF8E-F969-4956-B8D4-7FC53356209B', 'TERMVVTB', '15', '0626175B-86E4-44F7-A818-5653160AB92C', 'block', '1900-01-01', '2099-12-31');
delete from bfx_impl.declaration_main where id = '92FFCF40-9862-4D63-8974-81C256AF9513'; insert into bfx_impl.declaration_main values ('92FFCF40-9862-4D63-8974-81C256AF9513', 'TERMVVTB', '16', 'D8C0B8C1-FAB9-4D6B-8AC0-58DAC9869FA6', 'legal', '1900-01-01', '2099-12-31');
delete from bfx_impl.declaration_main where id = 'F38B2A48-3EB2-47CC-A589-8E5AD6267DF4'; insert into bfx_impl.declaration_main values ('F38B2A48-3EB2-47CC-A589-8E5AD6267DF4', 'TERMVVTB', '17', 'EE97E744-1718-492C-8430-773A5E056688', 'block', '1900-01-01', '2099-12-31');
delete from bfx_impl.declaration_main where id = '6DEE191B-6139-4806-8334-908D1E4AAF05'; insert into bfx_impl.declaration_main values ('6DEE191B-6139-4806-8334-908D1E4AAF05', 'TERMVVTB', '18', '727C31A4-19A5-4B31-BE1B-7F700C9F371A', 'block', '1900-01-01', '2099-12-31');


--Терм. ВТБ. Любительский спорт.
delete from bfx_impl.declaration_sport_questions where id = '927A19A2-20D6-40FE-A88A-0453F0A7DE24'; insert into bfx_impl.declaration_sport_questions values ('927A19A2-20D6-40FE-A88A-0453F0A7DE24', N'Не признаются страховыми случаями по рискам, включенным в договор страхования, кроме риска «Смерть Застрахованного по любой причине», события, наступившие в результате несчастного случая, прямой или косвенной причиной которых являются занятия Застрахованным любым видом спорта на профессиональном уровне, включая соревнования и тренировки (как на любительском, так и профессиональном уровне).');
delete from bfx_impl.declaration_sport_questions where id = '3FEB104A-AAE0-43CE-B85E-0900D8E73DAB'; insert into bfx_impl.declaration_sport_questions values ('3FEB104A-AAE0-43CE-B85E-0900D8E73DAB', N'Не признаются страховыми случаями по рискам, включенным в договор страхования, кроме риска «Смерть Застрахованного по любой причине», события, наступившие в результате несчастного случая, прямой или косвенной причиной которых являются занятия Застрахованным видами спорта/увлечений, которые указаны в п. 5.4.5 Правил (прыжки с парашютом, дайвинг (на глубину свыше 25 (двадцати пяти) метров), кайтинг, рафтинг, бейсджампинг, вейкбординг, аквабайк, «Формула-1» на воде, маунтинбайк, скайсерфинг, альпинизм, скалолазание, ВМХ (Modified Bike X-treme), конный спорт, гребной слалом, фристайл, прыжки на лыжах с трамплина, авиационный спорт, поло (конное поло), подводное ориентирование, подводная охота, апноэ (фридайвинг), акватлон (подводная борьба), спортивный туризм (горный, лыжный, водный) 4-5-й категории сложности, спортивный сплав, банджи-джампинг, воздухоплавание на воздушных шарах, занятия контактными единоборствами, охота, родео, авто- и мотоспорт), а также следующими видами спорта: стрельба, серфинг, виндсерфинг, снорклинг, прыжки с трамплина в воду, парусный спорт, езда на моторном катере, катание на водных лыжах, спелеотуризм, каноинг, каякинг, гребля на байдарке, паркур, зорбинг. ');
delete from bfx_impl.declaration_sport_questions where id = 'F07E8A48-C4BC-4077-8952-09DC570EA6E0'; insert into bfx_impl.declaration_sport_questions values ('F07E8A48-C4BC-4077-8952-09DC570EA6E0', N'Страховыми случаями по рискам, включенным в договор страхования,< кроме риска «Обращение Застрахованного за предоставлением медицинских или иных услуг, предусмотренных Программой ДМС «Диагностирование и лечение критического заболевания», вследствие расстройства здоровья или состояния Застрахованного, требующих получения таких услуг»,>  признаются события, наступившие в результате несчастного случая, прямой или косвенной причиной которых являются занятия Застрахованным следующими видами спорта/увлечений: конный спорт, родео, стрельба, серфинг, вейкбординг, дайвинг, катание на водных мотоциклах, виндсерфинг, снорклинг, прыжки с трамплина в воду, парусный спорт, езда на моторном катере, катание на водных лыжах, подводное ориентирование, подводная охота, апноэ (фридайвинг), акватлон (подводная борьба), фристайл, прыжки на лыжах с трамплина, бокс, кикбоксинг, тайский бокс, армрестлинг, езда на горном велосипеде, планеризм, дельтапланеризм, парасейлинг, парашютный спорт, скайсерфинг, охота, походы и горный туризм, спелеотуризм, каноинг, каякинг, гребля на байдарке (гребной слалом), кайтинг, рафтинг (спортивный сплав), банджи-джампинг, паркур, зорбинг.');
delete from bfx_impl.declaration_sport_questions where id = 'BDB505C2-D8F0-48E9-948D-1498CE941317'; insert into bfx_impl.declaration_sport_questions values ('BDB505C2-D8F0-48E9-948D-1498CE941317', N'Занятия Застрахованным опасными (экстремальными) видами спорта и хобби, связанными с повышенным риском для жизни и здоровья, которые указаны в п. 5.4.5 Правил и не указаны в пункте выше, не покрываются настоящим договором страхования и события, которые произойдут в результате занятия Застрахованным данными видами сорта/увлечений не будут признаны Страховщиком страховым случаем. К таким опасными (экстремальными) видами спорта/увлечений относятся: бейсджампинг, «Формула-1» на воде, альпинизм, скалолазание, ВМХ (Modified Bike X-treme), авиационный/воздушный спорт (кроме планеризм, дельтапланеризм, парасейлинг, парашютный спорт, скайсерфинг), воздухоплавание на воздушных шарах, занятия контактными единоборствами (кроме бокс, кикбоксинг, тайский бокс, армрестлинг), авто- и мотоспорт.');

delete from bfx_impl.declaration_sport where id = 'F7FFE052-93A8-484B-A260-2CE72ACB9609'; insert into bfx_impl.declaration_sport values ('F7FFE052-93A8-484B-A260-2CE72ACB9609', 'TERMVVTB', '1', '927A19A2-20D6-40FE-A88A-0453F0A7DE24', 'underwriting', '1900-01-01', '2099-12-31');
delete from bfx_impl.declaration_sport where id = '5BD98C8D-12F2-4660-A147-2CFBEEEAD9C6'; insert into bfx_impl.declaration_sport values ('5BD98C8D-12F2-4660-A147-2CFBEEEAD9C6', 'TERMVVTB', '2', '3FEB104A-AAE0-43CE-B85E-0900D8E73DAB', 'underwriting', '1900-01-01', '2099-12-31');
delete from bfx_impl.declaration_sport where id = '2ED6EC9F-4C7F-49E5-88B2-465FCA20453E'; insert into bfx_impl.declaration_sport values ('2ED6EC9F-4C7F-49E5-88B2-465FCA20453E', 'TERMVVTB', '3', 'F07E8A48-C4BC-4077-8952-09DC570EA6E0', 'underwriting', '1900-01-01', '2099-12-31');
delete from bfx_impl.declaration_sport where id = '47D67BCC-6675-48B6-8F27-4BDB890A69FB'; insert into bfx_impl.declaration_sport values ('47D67BCC-6675-48B6-8F27-4BDB890A69FB', 'TERMVVTB', '4', 'BDB505C2-D8F0-48E9-948D-1498CE941317', 'underwriting', '1900-01-01', '2099-12-31');