-- 1.1. Описание групп продуктов
INSERT INTO PAS_IMPL.CUMULATION_PRODUCT_GROUP (CODE, CODE_DESCRIPTION)
VALUES
(N'RISK_ACCUMULATION_DNS', N'Продукты рискового и накопительного страхования, страхования от НС'),
(N'INVEST_BOND_REPACKS', N'Продукты инвестиционного страхования, бонд репаки и их аналоги')

-- 1.2. Связь группы продуктов с кодами продуктов
INSERT INTO PAS_IMPL.CUMULATION_PRODUCT_GROUP_RELATION (ID, PRODUCT_GROUP_CODE, PRODUCT_CODE)
VALUES
(N'CB2A298D-15A5-4046-95E8-AF9A879A712F', N'RISK_ACCUMULATION_DNS', N'ERC'),
(N'2985D599-E7C8-4F75-BB73-E315E5575F6B', N'RISK_ACCUMULATION_DNS', N'ERCP'),
(N'626B64C2-348D-4C28-BB13-F1E4D02AFDD3', N'RISK_ACCUMULATION_DNS', N'EHVP'),
(N'5089FE84-C6E1-4ABE-AE67-BA1F7A82802A', N'RISK_ACCUMULATION_DNS', N'ERC2'),
(N'ED89D0E2-9E40-46BC-81E7-4C1F2F25B792', N'RISK_ACCUMULATION_DNS', N'ERCP2'),
(N'67C8E3EC-F6E6-4C7A-A9C9-30D8F642C4C7', N'RISK_ACCUMULATION_DNS', N'EHVP2'),
(N'F00AD8C0-A14E-475C-B336-8D5C81A07357', N'RISK_ACCUMULATION_DNS', N'EFRBFKO'),
(N'1B656B45-7D28-44D1-AF57-1209793932D9', N'RISK_ACCUMULATION_DNS', N'EPGPAKBARS'),
(N'D72457F9-A85F-4B08-A490-1F1639B93838', N'RISK_ACCUMULATION_DNS', N'EBMBFKO'),
(N'D52A044E-286A-4AF9-AF4D-C2CAEBAA72F8', N'RISK_ACCUMULATION_DNS', N'EPCLZENIT'),
(N'1519AA11-8ECD-4305-A2FC-B87EFB825AAC', N'RISK_ACCUMULATION_DNS', N'EBMZENIT'),
(N'AA768E77-764F-47D7-93EB-F5949B1D6700', N'RISK_ACCUMULATION_DNS', N'EPGPZENIT'),
(N'3925173F-08F8-4C42-8977-D8394A4DF464', N'RISK_ACCUMULATION_DNS', N'EBMAKCEPT'),
(N'FC4D9A3F-C2B7-4795-B9F6-422A641B22AB', N'RISK_ACCUMULATION_DNS', N'EBMOAS'),
(N'638E2CF4-169C-4784-8BEE-EDC512E4092A', N'RISK_ACCUMULATION_DNS', N'EBMAKBARS'),
(N'447DF506-12DD-47C9-850C-1B4109C236BA', N'RISK_ACCUMULATION_DNS', N'CAPCLRELOAS'),
(N'414E966F-B3D7-4F0F-A517-7F876324A3EA', N'RISK_ACCUMULATION_DNS', N'CAPCLRELBOXOAS'),
(N'929C563B-A8B2-4A68-9E15-0E372420E652', N'RISK_ACCUMULATION_DNS', N'CAPCLCHILDOAS'),
(N'F6DE3892-935B-4A69-A057-8496F6295655', N'RISK_ACCUMULATION_DNS', N'CAPCLCHILDBOXOAS'),
(N'B6F9C1A8-C2F9-443E-BCD3-B057A90BEA34', N'RISK_ACCUMULATION_DNS', N'EBMGBFKO'),
(N'35C1DA1F-81CE-41EF-AC1B-70F84BDFE52E', N'RISK_ACCUMULATION_DNS', N'EBMPYBFKO'),
(N'4241D447-3B06-474D-84A3-28AE962CDB6F', N'RISK_ACCUMULATION_DNS', N'EBMIBFKO'),
(N'E4761E0D-9095-45E8-B48F-B323D357572E', N'RISK_ACCUMULATION_DNS', N'EBMPFBFKO'),
(N'16166C5F-DD24-40BF-9DB8-6440797B9822', N'RISK_ACCUMULATION_DNS', N'E703BFKOP'),
(N'C21FA00E-A9D5-45E1-83A8-C6B0AE7640B5', N'RISK_ACCUMULATION_DNS', N'E703SAS'),
(N'4BEA8C56-DB22-4D0B-B042-52A33B04A4F5', N'RISK_ACCUMULATION_DNS', N'E1OAS'),
(N'6B146C68-2A02-4250-A9BD-838D0124B13D', N'RISK_ACCUMULATION_DNS', N'E1SAS'),
(N'322260B8-AF36-4EF7-901E-12743A667F91', N'RISK_ACCUMULATION_DNS', N'E400BFKO'),
(N'FB7633D9-2156-461A-A196-496C6598AEED', N'RISK_ACCUMULATION_DNS', N'E641BFKOP'),
(N'81347E50-5F6C-40A1-9745-73E71DF70282', N'RISK_ACCUMULATION_DNS', N'E703OAS'),
(N'03EC3FD9-F24C-4A36-BA99-7E4B91D9DB92', N'RISK_ACCUMULATION_DNS', N'E703BFKO'),
(N'CC18C5E7-5FF3-428B-B53E-B49A7DC4FC0F', N'RISK_ACCUMULATION_DNS', N'E580PSB'),
(N'85661733-49EF-4A7A-9B5B-1C573B8546BE', N'RISK_ACCUMULATION_DNS', N'E638ZENIT'),
(N'5F4A2822-334E-4DE6-A10A-1D5523E698C6', N'RISK_ACCUMULATION_DNS', N'E638AKBARS'),
(N'DBB07188-C2E4-4C2F-B9CD-5693E536B396', N'RISK_ACCUMULATION_DNS', N'E641BFKO'),
(N'335F6C3D-380F-413A-AE8D-5443F1117D7F', N'RISK_ACCUMULATION_DNS', N'EBMGMINBANK'),
(N'EA5C584F-1A81-4CEB-B660-1A0A7DAB2AC9', N'RISK_ACCUMULATION_DNS', N'EBMOAS2'),
(N'EDF2F7F5-30E6-423D-91AD-4A9A927E9CF7', N'RISK_ACCUMULATION_DNS', N'C1SAS'),
(N'8FD07F00-8B30-4F5E-9355-929E6E0F9BB8', N'RISK_ACCUMULATION_DNS', N'C1OAS'),
(N'74F35881-5D31-410B-A9F9-7C2DD2814C87', N'RISK_ACCUMULATION_DNS', N'C8OAS'),
(N'AF167F4C-E078-421A-B64A-CB45A991986D', N'RISK_ACCUMULATION_DNS', N'E8OAS'),
(N'FD738734-887D-4EB8-A0BC-069A6D18D064', N'RISK_ACCUMULATION_DNS', N'C15SAS'),
(N'D3467D3D-F89E-48CA-8D77-2E96AF23E44E', N'RISK_ACCUMULATION_DNS', N'C15OAS'),
(N'78BE3AB2-F055-4A0C-A211-450648605651', N'RISK_ACCUMULATION_DNS', N'E15OAS'),
(N'5E7522FE-65C5-40D2-8CC1-3B4D27FBFEE2', N'RISK_ACCUMULATION_DNS', N'E113SAS'),
(N'16291499-9E93-4CE1-8694-4FA59DB404D7', N'RISK_ACCUMULATION_DNS', N'E396BFKO'),
(N'72EA581F-1D16-4E54-866A-CA8E3AF95E3A', N'RISK_ACCUMULATION_DNS', N'E397BFKO'),
(N'0912A49A-5A47-4B2E-92DC-03573F5A78A8', N'RISK_ACCUMULATION_DNS', N'E398BFKO'),
(N'5C2A5A30-DD5A-4B95-8DAC-B10D76A15FC0', N'RISK_ACCUMULATION_DNS', N'E401BFKO'),
(N'2DFCADED-542A-46E7-9B20-A289EB074DEF', N'RISK_ACCUMULATION_DNS', N'E402BFKO'),
(N'51474E8C-BD62-49D5-8127-2C63A12E599E', N'RISK_ACCUMULATION_DNS', N'E403BFKO'),
(N'7D9DA37C-A5C6-430C-BEBC-3BE40AC9FDF1', N'RISK_ACCUMULATION_DNS', N'E404BFKO'),
(N'D72CDE8D-E055-4FDD-90E6-1358421F6541', N'RISK_ACCUMULATION_DNS', N'E405BFKO'),
(N'06542613-F37C-4249-8C5D-8DA48157B1A1', N'RISK_ACCUMULATION_DNS', N'E406BFKO'),
(N'DDBED8CF-9439-4752-B13D-FDE71FA9A51A', N'RISK_ACCUMULATION_DNS', N'E407BFKO'),
(N'5860EF71-B51E-4817-AE39-51C6C71034C7', N'RISK_ACCUMULATION_DNS', N'E422PSB'),
(N'830430DF-6672-4051-ABEE-A762F86CA8F7', N'RISK_ACCUMULATION_DNS', N'E438PrimSocBank'),
(N'97AB01EB-1700-42C5-A8A0-24A01BD35C7E', N'RISK_ACCUMULATION_DNS', N'E484ATBbank'),
(N'A08227CE-C5DE-4A39-AF53-1E0383E9BA17', N'RISK_ACCUMULATION_DNS', N'E484Akbars'),
(N'92CC3022-75FE-4F0A-8307-BE96047FBFF2', N'RISK_ACCUMULATION_DNS', N'E485ATBbank'),
(N'6B1FF296-0598-4ED9-81CB-665B3B9A7243', N'RISK_ACCUMULATION_DNS', N'E485Sinergiya'),
(N'3028382F-89E8-4E61-B740-2294BFEB79EA', N'RISK_ACCUMULATION_DNS', N'E519RaifPrivate'),
(N'4DAD10F8-8505-4CAC-9DAF-07445D2EFED4', N'RISK_ACCUMULATION_DNS', N'E519BFKOP'),
(N'0638A80A-EB8B-4BC3-AF0F-5A9EAAA4B1BA', N'RISK_ACCUMULATION_DNS', N'E519Sinergiya'),
(N'3DE3F838-A949-4522-BD72-E338DA28F9BA', N'RISK_ACCUMULATION_DNS', N'E543Akcept'),
(N'09765EFE-6ABC-43EE-A34E-74C24A3F8C05', N'RISK_ACCUMULATION_DNS', N'E548Zenit'),
(N'9B206F7B-8AC3-4343-81A6-26E19CBBFBA5', N'RISK_ACCUMULATION_DNS', N'E548ATBbank'),
(N'EF4A5D83-ED01-47A2-9216-A0E2938C9526', N'RISK_ACCUMULATION_DNS', N'E560BFKOP'),
(N'A85DD23C-F8DD-4C3B-B19F-6652E117D720', N'RISK_ACCUMULATION_DNS', N'E576PSB'),
(N'325620A1-E197-44AF-A452-72908C3B11C9', N'RISK_ACCUMULATION_DNS', N'E581PSB'),
(N'29246FDD-D7D3-49F2-AC32-E59589E38A7B', N'RISK_ACCUMULATION_DNS', N'E582PSB'),
(N'015B9501-EB29-4E7A-BF05-A18438FCA4CE', N'RISK_ACCUMULATION_DNS', N'E662Zenit'),
(N'182AE2C8-3A4E-4284-BD19-69CF406E7EDD', N'RISK_ACCUMULATION_DNS', N'E680OAS'),
(N'472FA8F6-6FA1-4BF3-88B5-232420F69E6F', N'RISK_ACCUMULATION_DNS', N'E681OAS'),
(N'B80506D2-5E41-4DBE-8B58-FA360C2095DA', N'RISK_ACCUMULATION_DNS', N'EBMG'),
(N'6282FAA7-4720-4AA1-90C1-D978540A9CD5', N'RISK_ACCUMULATION_DNS', N'EBMGP'),
(N'D57FD5ED-DD6B-4352-B814-E86DC8D29F45', N'RISK_ACCUMULATION_DNS', N'E2SAS'),
(N'5D7B0048-A9CE-4610-962E-A0A7EFE98C77', N'RISK_ACCUMULATION_DNS', N'E2RGSL'),
(N'185AE720-EB72-4CC9-BA65-9B987C866062', N'RISK_ACCUMULATION_DNS', N'E2OAS'),
(N'42C59239-5030-4F97-97D2-CD743339EF23', N'RISK_ACCUMULATION_DNS', N'E4SAS'),
(N'FB2E8FA3-976D-4D0F-95BA-57B47BE9E58A', N'RISK_ACCUMULATION_DNS', N'E4OAS'),
(N'DA96842F-1CA6-4B4E-AF7D-44994A4C5223', N'RISK_ACCUMULATION_DNS', N'E9SAS'),
(N'7FB921A7-D3D5-45C3-BDE8-4C37634A1134', N'RISK_ACCUMULATION_DNS', N'E9OAS'),
(N'71AEA90E-ACE2-46C9-AB66-E11AFB11A498', N'RISK_ACCUMULATION_DNS', N'E11SAS'),
(N'DF07C071-DCF5-47A5-8629-7404A4E12076', N'RISK_ACCUMULATION_DNS', N'E11OAS'),
(N'C17D28C9-4356-43B3-BFD7-541B09E72313', N'RISK_ACCUMULATION_DNS', N'E16SAS'),
(N'C6F50F03-2D47-42A6-906A-CCF0E932D220', N'RISK_ACCUMULATION_DNS', N'E16OAS'),
(N'58F4459B-0D8F-4331-A144-1BD3BA36047C', N'RISK_ACCUMULATION_DNS', N'E18SAS'),
(N'8F7E3CF9-B49D-47D7-8FC5-48FE0C2D89B9', N'RISK_ACCUMULATION_DNS', N'E18OAS'),
(N'47D55AD6-1367-497D-B633-7B8A2A65D3E2', N'RISK_ACCUMULATION_DNS', N'A22SAS'),
(N'86439012-2AED-421E-9C92-5B353701303F', N'RISK_ACCUMULATION_DNS', N'A22OAS'),
(N'CF813A33-722D-4DBF-BF2B-3738A2640F63', N'RISK_ACCUMULATION_DNS', N'A23SAS'),
(N'F018CE1A-9EF4-4D53-BFCD-913804E2BC57', N'RISK_ACCUMULATION_DNS', N'A23OAS'),
(N'D236E5EA-31E8-4C7D-A7EB-99FFEF7D402E', N'RISK_ACCUMULATION_DNS', N'A26SAS'),
(N'55427F18-D971-42E9-A59B-756358A99A34', N'RISK_ACCUMULATION_DNS', N'A26OAS'),
(N'B3493E39-251A-4841-B82E-A450407AF575', N'RISK_ACCUMULATION_DNS', N'A27SAS'),
(N'675D2A2F-7F8C-4FAE-B5CF-EE9630152B36', N'RISK_ACCUMULATION_DNS', N'A27OAS'),
(N'6886ECE9-0091-48CE-B5AF-6DB03A8A0362', N'RISK_ACCUMULATION_DNS', N'A30SAS'),
(N'ADE1B424-4AA7-46FD-9003-80F61E4A2A86', N'RISK_ACCUMULATION_DNS', N'A30OAS'),
(N'CECBCE3F-AD27-4D37-AF73-53C54881454F', N'RISK_ACCUMULATION_DNS', N'A31SAS'),
(N'FBB2617A-0B51-4725-8E6B-A6F11B5BF2DA', N'RISK_ACCUMULATION_DNS', N'A31OAS'),
(N'DA51C521-5703-4C07-B5A5-F262B4BCE523', N'RISK_ACCUMULATION_DNS', N'R103OAS'),
(N'89407DEE-560E-48CD-A19A-ABB3337AAFEF', N'RISK_ACCUMULATION_DNS', N'R103SAS'),
(N'EBB4C20A-9109-4CCD-8749-003789DC670C', N'RISK_ACCUMULATION_DNS', N'R104OAS'),
(N'D07DCEE0-D2A2-4A69-823D-CB6578ABD52A', N'RISK_ACCUMULATION_DNS', N'R105OAS'),
(N'9C23D895-14E2-482B-9ACE-D5D26CB0909D', N'RISK_ACCUMULATION_DNS', N'E106UCB'),
(N'B0D32B16-47AB-4DF5-A170-979CDB175E14', N'RISK_ACCUMULATION_DNS', N'E107UCB'),
(N'B4E85DB1-73A0-41DA-9FAB-A060302C775C', N'RISK_ACCUMULATION_DNS', N'E108UCB'),
(N'74CE0CD1-C99D-4CB3-AEB5-99F7A0201D0C', N'RISK_ACCUMULATION_DNS', N'E108UCBPrivate'),
(N'4C55B08C-4EC8-4412-AE5C-65A8327011AF', N'RISK_ACCUMULATION_DNS', N'E108OAS'),
(N'B0F6B042-2A63-4E56-A99C-5FB17B28101E', N'RISK_ACCUMULATION_DNS', N'E122UCB'),
(N'FEF23BB4-4431-4230-AF3F-9ED3530E5ACA', N'RISK_ACCUMULATION_DNS', N'E122UCBPrivate'),
(N'23764CFC-51EB-409C-90CD-CF1D594E11FA', N'RISK_ACCUMULATION_DNS', N'E123UCB'),
(N'ADFBE6F2-5F1F-4BB6-A2F8-4DDC641B7464', N'RISK_ACCUMULATION_DNS', N'E124UCB'),
(N'45676216-D3A3-4EA2-94DB-F49281466514', N'RISK_ACCUMULATION_DNS', N'E124UCBPrivate'),
(N'7AFB1330-D682-4244-B02D-2ACAE090829B', N'RISK_ACCUMULATION_DNS', N'E128UCB'),
(N'EFA9D135-8FC5-40F4-83C8-00166C7E6D26', N'RISK_ACCUMULATION_DNS', N'E130UCB'),
(N'52295E8E-FD29-4C22-BE83-3E1A574ABC36', N'RISK_ACCUMULATION_DNS', N'E131UCB'),
(N'39445655-646B-4E78-B8D2-1D14FF78EB61', N'RISK_ACCUMULATION_DNS', N'A144OAS'),
(N'560AC72A-800C-4B5B-90D4-AF42E8A16A9B', N'RISK_ACCUMULATION_DNS', N'A144SAS'),
(N'32AFB87B-80D4-4AC1-89A8-E823709375B8', N'RISK_ACCUMULATION_DNS', N'A145SAS'),
(N'3BB92D1A-C46E-4ACD-B4FC-FD3279A2361B', N'RISK_ACCUMULATION_DNS', N'A145OAS'),
(N'F705B3B1-C14F-4E9E-924B-849BE776A378', N'RISK_ACCUMULATION_DNS', N'A146SAS'),
(N'F343D55D-1F1D-42DB-9450-E5CF1D76F27B', N'RISK_ACCUMULATION_DNS', N'A146OAS'),
(N'455201E7-F1EA-404B-B99B-1508AEDA060A', N'RISK_ACCUMULATION_DNS', N'E150UCB'),
(N'7FCF0EE6-0BEF-4996-90DD-ABF89233A5B3', N'RISK_ACCUMULATION_DNS', N'E151UCB'),
(N'09E40FF2-9EB8-401D-86B1-465D0A6129C1', N'RISK_ACCUMULATION_DNS', N'E152UCB'),
(N'8CB16ECC-3934-48E7-9FC7-9EA813164391', N'RISK_ACCUMULATION_DNS', N'E156UCBPrivate'),
(N'BB2F7700-9526-4CA5-821A-C9FFEDF7F429', N'RISK_ACCUMULATION_DNS', N'E157UCBPrivate'),
(N'9C36B9B0-F3A0-4109-BA02-34944BBA29EB', N'RISK_ACCUMULATION_DNS', N'E158UCBPrivate'),
(N'AC9AE719-9944-41CC-9AF9-330D86BF0D5C', N'RISK_ACCUMULATION_DNS', N'E162UCB'),
(N'C08C6300-D79D-4BCF-BD47-CEFB5DFF564B', N'RISK_ACCUMULATION_DNS', N'E162UCBPrivate'),
(N'F89D12F5-2607-4C55-8A1A-2A3B151E13FA', N'RISK_ACCUMULATION_DNS', N'E163UCB'),
(N'BD795F51-3B55-41DF-BBAE-36E59B67B49E', N'RISK_ACCUMULATION_DNS', N'E164UCB'),
(N'0B0572D9-E7BF-4EFC-B623-519FE443164B', N'RISK_ACCUMULATION_DNS', N'E164UCBPrivate'),
(N'04B64833-445C-4C22-A797-0BAB35BD4BF2', N'RISK_ACCUMULATION_DNS', N'R203OAS'),
(N'D5B5F77D-BA91-47AF-9ADC-1C5C067327A0', N'RISK_ACCUMULATION_DNS', N'R203SAS'),
(N'637AF72C-AA82-41BE-932E-B2FD7EA2CD75', N'RISK_ACCUMULATION_DNS', N'R205OAS'),
(N'429DD8AA-AADD-4113-9E17-5CC4D9750330', N'RISK_ACCUMULATION_DNS', N'E208SAS'),
(N'C28B43E8-5D0F-42F7-913B-DC2DB6A0F357', N'RISK_ACCUMULATION_DNS', N'E208RaifPrivate'),
(N'4C9C6FF3-B01E-42F5-AA84-B3A33592CCCC', N'RISK_ACCUMULATION_DNS', N'E208BFKOP'),
(N'2340F0A4-FF0C-466F-A9D9-55E346F883F0', N'RISK_ACCUMULATION_DNS', N'E209RaifPrivate'),
(N'84AACD06-772F-4487-AFA7-A7E035B840A5', N'RISK_ACCUMULATION_DNS', N'E209BFKOP'),
(N'5BF9A675-03FB-421C-976F-174E0B237BC0', N'RISK_ACCUMULATION_DNS', N'E209RGSBank'),
(N'FE8544C7-86E3-4D9E-968F-59E3E790154E', N'RISK_ACCUMULATION_DNS', N'E213OAS'),
(N'8469F95C-5599-4BCF-A66E-83C498D284CB', N'RISK_ACCUMULATION_DNS', N'E214OAS'),
(N'2B3819D0-4899-4560-B9F1-262ED99AD55B', N'RISK_ACCUMULATION_DNS', N'E215OAS'),
(N'6D64692D-7F83-4794-9043-D5F7510481DF', N'RISK_ACCUMULATION_DNS', N'E216OAS'),
(N'C5352B24-5633-48F1-96BE-EA28F9614200', N'RISK_ACCUMULATION_DNS', N'E229Rosbank'),
(N'AE551BCA-24E8-4D03-AEF7-BAB22A931A8A', N'RISK_ACCUMULATION_DNS', N'E231UCB'),
(N'71886FB6-083B-46CC-BA2A-D2A08EA34FF3', N'RISK_ACCUMULATION_DNS', N'E232UCB'),
(N'F710769B-2C43-4BAC-B3D8-FC382CF5A664', N'RISK_ACCUMULATION_DNS', N'E233UCB'),
(N'0BB0AC0E-4D45-459C-990D-883144A8E8C9', N'RISK_ACCUMULATION_DNS', N'E234UCB'),
(N'C1361416-5A4B-42B5-803B-0F9927B1CAFB', N'RISK_ACCUMULATION_DNS', N'E235UCB'),
(N'6025AC4E-1DB4-4A45-910F-43704E8AB49E', N'RISK_ACCUMULATION_DNS', N'E249UCB'),
(N'5A10FB9C-1094-4136-88AB-4295FA8FA08D', N'RISK_ACCUMULATION_DNS', N'E250UCB'),
(N'D9AE23D0-FEAF-4235-939E-05A9788E8A0A', N'RISK_ACCUMULATION_DNS', N'E250UCBPrivate'),
(N'763EB11C-D40F-4E24-B4AE-AB30B16F2738', N'RISK_ACCUMULATION_DNS', N'E251UCB'),
(N'DFE2550E-EF4F-4DE9-B7A1-1C22D2F75FDA', N'RISK_ACCUMULATION_DNS', N'E252UCB'),
(N'4F21D02D-46CF-42A1-967E-7A303A61FC94', N'RISK_ACCUMULATION_DNS', N'E254UCB'),
(N'A48EC7AF-E220-46CF-A271-10B289E6CCB8', N'RISK_ACCUMULATION_DNS', N'E268Rosbank'),
(N'C033DBC0-2F66-4D8D-B8A8-D44FAB5E5FE2', N'RISK_ACCUMULATION_DNS', N'E271BFKOP'),
(N'56E89302-2EDD-4180-841B-3B3808F832C9', N'RISK_ACCUMULATION_DNS', N'E272Rosbank'),
(N'D72B0E8F-DF69-41CB-A099-BED4A904D414', N'RISK_ACCUMULATION_DNS', N'E272BFKOP'),
(N'B8B66A3F-97AD-44F8-874B-F0C8F34325CC', N'RISK_ACCUMULATION_DNS', N'E286Zenit'),
(N'39B9E88D-50C3-458C-B203-149D0EF51841', N'RISK_ACCUMULATION_DNS', N'E286BFKO'),
(N'5255628B-D953-4F56-9947-BE0BB2633851', N'RISK_ACCUMULATION_DNS', N'E286RGSL'),
(N'F48665C3-20BA-46A2-AD59-268B22BFDCA9', N'RISK_ACCUMULATION_DNS', N'E287SvyazBank'),
(N'ED3ABB27-12FC-46DC-A6F3-4D1751E1768D', N'RISK_ACCUMULATION_DNS', N'E287Zenit'),
(N'B158B8DE-0729-4B75-AC5F-0F7846D5E525', N'RISK_ACCUMULATION_DNS', N'E287BFKO'),
(N'57768DBB-C066-46F3-BFC9-094997CB7EDE', N'RISK_ACCUMULATION_DNS', N'E287BFKOP'),
(N'0319ACC7-B0F9-4099-8DA9-A265E4EEDE1E', N'RISK_ACCUMULATION_DNS', N'E287PSB'),
(N'1A40C0F7-7E11-46F7-9A50-43FCACBD96C8', N'RISK_ACCUMULATION_DNS', N'E288BFKO'),
(N'D9B6464E-F0CC-48FE-BF57-A71047A02C74', N'RISK_ACCUMULATION_DNS', N'E288RGSBank'),
(N'10255E72-FC38-4D50-B52F-38DC5BCC49CB', N'RISK_ACCUMULATION_DNS', N'E298RGSBank'),
(N'AFA3B810-3512-4395-80AF-5F41A2CD6E0C', N'RISK_ACCUMULATION_DNS', N'E310TKBBank'),
(N'CDDB8589-420A-47A3-B3CD-60AAEAD82970', N'RISK_ACCUMULATION_DNS', N'E323OAS'),
(N'2A2BA540-C1B2-4DD6-958D-33230753E9D5', N'RISK_ACCUMULATION_DNS', N'E339RGSBank'),
(N'0F05E8FF-5918-468C-9E86-83C5CDD94362', N'RISK_ACCUMULATION_DNS', N'E356OAS'),
(N'952505FF-DE3B-4518-A280-DB038D8BF87E', N'RISK_ACCUMULATION_DNS', N'E357OAS'),
(N'94491C9D-9A4A-46F7-A0F3-D3CCA8EF42C5', N'RISK_ACCUMULATION_DNS', N'E358OAS'),
(N'09BF6C65-AFF5-4FCA-8CEF-4C73C6B105ED', N'RISK_ACCUMULATION_DNS', N'E359OAS'),
(N'6C72A37A-9725-4148-AAAA-8FC534061112', N'RISK_ACCUMULATION_DNS', N'E360OAS'),
(N'49CAF17F-674C-4234-8BA1-A9B92870C670', N'RISK_ACCUMULATION_DNS', N'E374BFKO'),
(N'4A661ADA-7B62-4198-AFA7-67F3E28AE0B4', N'RISK_ACCUMULATION_DNS', N'E375BFKO'),
(N'CEC8F45D-7778-4526-A7DA-CC752898A8AD', N'RISK_ACCUMULATION_DNS', N'E376BFKO'),
(N'E7D7BC8B-6330-4B4A-B26B-7BE634E4A122', N'RISK_ACCUMULATION_DNS', N'E530OAS'),
(N'1F613B12-49C9-45CC-BE40-F3DBDD48B685', N'RISK_ACCUMULATION_DNS', N'E531OAS'),
(N'AD3B8EF5-4DD4-47A2-B7E8-15168358135B', N'RISK_ACCUMULATION_DNS', N'E641Sinergiya'),
(N'C38174AC-C62F-4656-8A2F-C7DD81DC868E', N'RISK_ACCUMULATION_DNS', N'E703Zenit'),
(N'AE986F61-7300-486B-A605-4AC03D3DC8BD', N'RISK_ACCUMULATION_DNS', N'E724SAS'),
(N'AC03BE71-232B-4595-B363-C9E13563BEC0', N'RISK_ACCUMULATION_DNS', N'E724BFKO'),
(N'4993A491-73D2-4C59-A367-CA4A07C55B20', N'RISK_ACCUMULATION_DNS', N'E724OAS'),
(N'7133FFE1-B5F0-4D07-A56F-D3ED34B0F2F8', N'RISK_ACCUMULATION_DNS', N'E724BFKOP'),
(N'C7A44791-2ADD-4A59-AC05-21D5F33F80CE', N'RISK_ACCUMULATION_DNS', N'I727BFKO'),
(N'B59CA61E-F394-4F5C-81B4-0CE4DBDE6994', N'RISK_ACCUMULATION_DNS', N'C8SAS'),
(N'7A444829-D612-48CB-9713-859E0D7E80D4', N'RISK_ACCUMULATION_DNS', N'E8SAS'),
(N'258985E1-254E-4788-B944-187836623DE7', N'RISK_ACCUMULATION_DNS', N'E15SAS'),
(N'23FB6990-FD84-41F0-A3CA-2304C02FE5BA', N'RISK_ACCUMULATION_DNS', N'R205SAS'),
(N'BDDAAE57-C035-4822-8ACB-654D605BB347', N'RISK_ACCUMULATION_DNS', N'E638OAS'),
(N'FCB62780-9D29-42C6-B41F-832703754527', N'RISK_ACCUMULATION_DNS', N'E310Investtorgbank'),
(N'E7D3904E-CB70-423C-8ED1-86BE0D8B9120', N'RISK_ACCUMULATION_DNS', N'E310ITBBank'),
(N'63940275-8804-4D9D-B3B9-C2AFA66E3761', N'RISK_ACCUMULATION_DNS', N'ERC2SMP'),
(N'128BC75F-592E-4019-9C23-20AC75C3C92B', N'RISK_ACCUMULATION_DNS', N'EBMGSMP'),
(N'66CF66FB-7191-43E8-BE89-7AFB89406276', N'RISK_ACCUMULATION_DNS', N'R104SAS'),
(N'51D895F4-6FD3-482B-95A1-802614A907DA', N'RISK_ACCUMULATION_DNS', N'R105SAS'),
(N'776A1EEA-9383-4E3C-8DC2-E4E4A3318CF9', N'RISK_ACCUMULATION_DNS', N'E4KitFiance'),
(N'7F0613D0-8494-46D3-BEA5-DDF8789F5B79', N'RISK_ACCUMULATION_DNS', N'E359MSB'),
(N'001B3388-1940-4AD7-BF1B-4EE0BF17BD3E', N'RISK_ACCUMULATION_DNS', N'E257UCB'),
(N'0E1D23F7-9578-4F98-86FC-ABA96A60E157', N'RISK_ACCUMULATION_DNS', N'E16Luka'),
(N'6B313B44-AEF4-40B2-8641-372A2D0FEBE3', N'RISK_ACCUMULATION_DNS', N'E9Luka'),
(N'9FCA15CD-5955-4386-A585-675662DA33BD', N'RISK_ACCUMULATION_DNS', N'E11Luka'),
(N'CFB5C287-452D-4278-9C02-2B878F115E29', N'RISK_ACCUMULATION_DNS', N'E2Luka'),
(N'0B32A985-CE1B-48BE-BA85-8E7659BCD454', N'RISK_ACCUMULATION_DNS', N'R203Luka'),
(N'1C2C0C3C-011A-465D-8D31-A9BAD42C2BEB', N'RISK_ACCUMULATION_DNS', N'E18Luka'),
(N'ABCCCEFD-E458-429A-BB81-0820152377B8', N'RISK_ACCUMULATION_DNS', N'E4Luka'),
(N'CB735FFB-11A7-4639-96C9-231C5E3D8873', N'RISK_ACCUMULATION_DNS', N'R103Luka'),
(N'270AA120-2F67-4485-A3BD-B5C8BB2E3358', N'RISK_ACCUMULATION_DNS', N'A22Luka'),
(N'CD28745A-4BC7-48ED-AFB0-2C17FCD7A78D', N'RISK_ACCUMULATION_DNS', N'A23Luka'),
(N'87D53CC5-809F-4A82-B1CA-17859EEDD2DC', N'RISK_ACCUMULATION_DNS', N'A30Luka'),
(N'50BAB805-3E38-425C-BFA1-38EA3A3A96B4', N'RISK_ACCUMULATION_DNS', N'A144Luka'),
(N'559A50C9-D158-4896-8B02-68817410A2EC', N'RISK_ACCUMULATION_DNS', N'A26Luka'),
(N'F1676C53-B8CB-4734-A0FB-EFCB955A68E9', N'RISK_ACCUMULATION_DNS', N'A145Luka'),
(N'0A407F83-A13D-4533-B407-F93DF9935812', N'RISK_ACCUMULATION_DNS', N'R103Makarova'),
(N'7AA1ECAE-ABAA-4C83-85C6-09B76B546D63', N'RISK_ACCUMULATION_DNS', N'E1Makarova'),
(N'3039318B-33E4-4F8B-B6DF-E96D404768BE', N'RISK_ACCUMULATION_DNS', N'R203Makarova'),
(N'B5BB6834-2BE5-48F2-98D6-58CC61E07A63', N'RISK_ACCUMULATION_DNS', N'E4Makarova'),
(N'35659EC2-D199-4B2C-BF86-D50DD4B6E555', N'RISK_ACCUMULATION_DNS', N'A22Makarova'),
(N'F9E1A40A-46F2-4DCD-9AB2-734B465437AB', N'RISK_ACCUMULATION_DNS', N'A144Makarova'),
(N'457DFF21-393C-45BE-8518-CEB7F829444D', N'RISK_ACCUMULATION_DNS', N'A23Makarova'),
(N'14D9D362-3C1F-49FD-8FD7-FA9B53ADE46B', N'RISK_ACCUMULATION_DNS', N'E16DRGSL'),
(N'441924D8-0A2C-4C0B-AE1B-B14202C5FD04', N'RISK_ACCUMULATION_DNS', N'E15DRGSL'),
(N'197F4AEA-3F23-49E1-99A0-8251C9346461', N'RISK_ACCUMULATION_DNS', N'E1DRGSL'),
(N'A6F9CFD1-88BD-4105-93A2-9A4B24279BAF', N'RISK_ACCUMULATION_DNS', N'E11DRGSL'),
(N'48312E76-85BB-48F9-B72E-9F9924F5A17D', N'RISK_ACCUMULATION_DNS', N'E4DRGSL'),
(N'3668CA9E-6825-4DAE-BABE-0A55170F4107', N'RISK_ACCUMULATION_DNS', N'E18DRGSL'),
(N'80F5413D-BFC1-4693-95CE-9F023A3907AE', N'RISK_ACCUMULATION_DNS', N'A22DRGSL'),
(N'0BB38816-5881-4EF9-BCAD-1655495F3C7E', N'RISK_ACCUMULATION_DNS', N'E208DRGSL'),
(N'B7A7F26B-52C7-45F2-9E2B-E3235034B76A', N'RISK_ACCUMULATION_DNS', N'A144DRGSL'),
(N'C033BD1E-138B-4B34-A9E9-AD6B25601330', N'RISK_ACCUMULATION_DNS', N'E113DRGSL'),
(N'3AC4003C-41BC-42EC-B059-996B5DA50092', N'RISK_ACCUMULATION_DNS', N'E703DRGSL'),
(N'17B211A3-C220-42AE-94F3-5C38AD42F364', N'RISK_ACCUMULATION_DNS', N'E724DRGSL'),
(N'49A0CBE6-7ED3-4D0D-A1C0-5D5D31DF56DB', N'RISK_ACCUMULATION_DNS', N'A144Nesterova'),
(N'3ACC1BEC-4AD7-43BA-B32A-3F0E5E49DFC6', N'RISK_ACCUMULATION_DNS', N'A30Nesterova'),
(N'9D5D437B-AE5C-4193-8868-DA87245CCEC3', N'RISK_ACCUMULATION_DNS', N'A144Koroleva'),
(N'6380A991-C387-43FB-8B9E-4360684B9AAA', N'RISK_ACCUMULATION_DNS', N'E1Buival'),
(N'411414A0-5861-4A34-8658-38D987878C29', N'RISK_ACCUMULATION_DNS', N'A22Buival'),
(N'43946D15-D318-48CA-9F44-FF7829D4B15C', N'RISK_ACCUMULATION_DNS', N'A144Buival'),
(N'D0C3F43A-7230-4A32-9A5F-80818CE77C31', N'RISK_ACCUMULATION_DNS', N'E1Sviderskaya'),
(N'4E9B174C-9412-460D-A66F-4F2E3C18027C', N'RISK_ACCUMULATION_DNS', N'R103Sviderskaya'),
(N'B4614EF5-DE2E-401E-BF05-B0B28BEFD181', N'RISK_ACCUMULATION_DNS', N'E2Sviderskaya'),
(N'2B35644F-07EA-4AA2-AE78-EA006C040DC9', N'RISK_ACCUMULATION_DNS', N'A144Sviderskaya'),
(N'E1A2E353-2D7E-4ADC-8A1D-6507EDF58C58', N'RISK_ACCUMULATION_DNS', N'A22Sviderskaya'),
(N'8D04BD52-2399-442A-A671-31AE99E5E0D0', N'RISK_ACCUMULATION_DNS', N'A23Sviderskaya'),
(N'A136883E-77E1-478D-B540-F17EFBBC20C0', N'RISK_ACCUMULATION_DNS', N'A144Belova'),
(N'684C6C00-A7B7-4D70-A24F-8BAD7FE3C4B9', N'RISK_ACCUMULATION_DNS', N'A144Openworld'),
(N'F13253E8-A72C-4EE2-AED8-1CE725ADB6F2', N'RISK_ACCUMULATION_DNS', N'R103Tatian'),
(N'001B9382-DFF9-4173-B238-BA3F7CC037C7', N'RISK_ACCUMULATION_DNS', N'E1Tatian'),
(N'CED2A6A7-5C01-4AB0-A009-0EBB34ACB704', N'RISK_ACCUMULATION_DNS', N'R205Tatian'),
(N'1C9D2C2F-6339-454D-B5FA-A5256966C8AD', N'RISK_ACCUMULATION_DNS', N'E16Tatian'),
(N'2F2AC82F-4872-485D-8C54-17649ADCD7FA', N'RISK_ACCUMULATION_DNS', N'A22Tatian'),
(N'722CF40C-5D69-4CFB-871D-02883EEA26FF', N'RISK_ACCUMULATION_DNS', N'E1Gadaeva'),
(N'00A965C9-A2E6-44A7-ABA1-B73F1D36C18F', N'RISK_ACCUMULATION_DNS', N'E2Gadaeva'),
(N'5C0A5AF8-0389-4DB1-A1F7-7E8747E9D39C', N'RISK_ACCUMULATION_DNS', N'E4Gadaeva'),
(N'89626F24-4F6B-473C-BAC1-5E502679A5F7', N'RISK_ACCUMULATION_DNS', N'R203Gadaeva'),
(N'43C805D5-ECB6-4D6E-88E5-9539F49739C3', N'RISK_ACCUMULATION_DNS', N'E8Gadaeva'),
(N'0B81370F-4577-497C-8C57-183DD2772AB7', N'RISK_ACCUMULATION_DNS', N'A22Gadaeva'),
(N'B153B4AF-AA9F-4351-8F27-D738FDEB32EA', N'RISK_ACCUMULATION_DNS', N'A26Gadaeva'),
(N'C896D407-C062-4D0E-AC33-BFFF4A93FAF9', N'RISK_ACCUMULATION_DNS', N'A144Gadaeva'),
(N'A962D39E-1E95-4BC1-9428-20A1CE508573', N'RISK_ACCUMULATION_DNS', N'A23Gadaeva'),
(N'EE3713BE-84F9-4236-B075-A7629AECF7FC', N'RISK_ACCUMULATION_DNS', N'A30Gadaeva'),
(N'073E244D-9B98-4FC4-83A4-CCE079E4A10B', N'RISK_ACCUMULATION_DNS', N'A27Gadaeva'),
(N'4035F572-F007-4E76-93B9-2A07EF2DDC5D', N'RISK_ACCUMULATION_DNS', N'A145Gadaeva'),
(N'7C65001A-5A9F-4199-8EAC-BFAC401BC70D', N'RISK_ACCUMULATION_DNS', N'E1Apacheva'),
(N'632A9A35-6FEC-4256-B696-0BA30B2B8F0E', N'RISK_ACCUMULATION_DNS', N'R103Apacheva'),
(N'72779F6D-0044-4E5D-B300-A9F2EDAA4C7B', N'RISK_ACCUMULATION_DNS', N'R203Apacheva'),
(N'59567189-F0AF-4FA8-AD7E-381060D14048', N'RISK_ACCUMULATION_DNS', N'E2Apacheva'),
(N'15571C76-9AC2-48E0-B9D5-391969F239E5', N'RISK_ACCUMULATION_DNS', N'A22Apacheva'),
(N'5EE6FE6F-C0FD-4755-9FA1-376F80277F40', N'RISK_ACCUMULATION_DNS', N'A144Apacheva'),
(N'0DB1E4A2-7920-4F41-82B5-F504BBF8DCB0', N'RISK_ACCUMULATION_DNS', N'A30Apacheva'),
(N'46180987-44A1-4939-A393-55F7282E2098', N'RISK_ACCUMULATION_DNS', N'A23Apacheva'),
(N'468BADA0-1E49-4FB2-A281-5B0647B88520', N'RISK_ACCUMULATION_DNS', N'E1Mettus'),
(N'5A78E083-7D5D-466E-86F3-A40C28FFD1B0', N'RISK_ACCUMULATION_DNS', N'A144Mettus'),
(N'3B3089DE-1576-4526-9E46-490478968E76', N'RISK_ACCUMULATION_DNS', N'A22Mettus'),
(N'2ED04EBB-5419-4A14-8568-A7F70A027E92', N'RISK_ACCUMULATION_DNS', N'E1SRGDLPull'),
(N'05D9F05B-41F6-4ABF-9C93-A95412145EEF', N'RISK_ACCUMULATION_DNS', N'A22SRGDLPull'),
(N'90BEB5FD-5745-45F4-BF89-3161EDCFB111', N'RISK_ACCUMULATION_DNS', N'A145SRGDLPull'),
(N'1C5AD593-EE40-4C0E-8AB3-114757E3F8B7', N'RISK_ACCUMULATION_DNS', N'A144SRGDLPull'),
(N'F631E57F-F703-4694-A416-5144E71999C0', N'RISK_ACCUMULATION_DNS', N'E1Nagornova'),
(N'B6893EF4-7A1C-471E-BBA1-D7A23AA21CD8', N'RISK_ACCUMULATION_DNS', N'E18Nagornova'),
(N'658B3EDE-82A0-4B38-B3D8-D07A8B97A1B1', N'RISK_ACCUMULATION_DNS', N'A144Nagornova'),
(N'14DA99DC-7117-4DF1-8677-E85C8D41B171', N'RISK_ACCUMULATION_DNS', N'E2Vahitova'),
(N'A0485B1F-99A0-4C05-83A4-C90AA013D8FF', N'RISK_ACCUMULATION_DNS', N'R203Vahitova'),
(N'45F85D9B-5F85-488A-BAED-A4A14D823B3C', N'RISK_ACCUMULATION_DNS', N'E1Vahitova'),
(N'64E1AEB7-04EF-4C23-B12A-B52FD80A3E40', N'RISK_ACCUMULATION_DNS', N'A144Vahitova'),
(N'322604BE-7977-40A5-9EFF-FB093EC6AEF1', N'RISK_ACCUMULATION_DNS', N'A22Vahitova'),
(N'80570030-9498-415E-977D-A83F8C38A6C2', N'RISK_ACCUMULATION_DNS', N'A23Vahitova'),
(N'E673130D-FC96-432F-A761-C6697A01069F', N'RISK_ACCUMULATION_DNS', N'R203Tatarskaya'),
(N'0695A4CD-4224-4D2B-B9F4-D03CB82EBCC5', N'RISK_ACCUMULATION_DNS', N'A144Tatarskaya'),
(N'ED43ED8B-69C3-4BB7-966C-76C22250AE6B', N'RISK_ACCUMULATION_DNS', N'A22Tatarskaya'),
(N'70D5814D-2A3B-4191-A215-0AC3A4439028', N'RISK_ACCUMULATION_DNS', N'R103Vandorskih'),
(N'1FBCB683-8BA1-49A1-9FF3-6CACB1CAE731', N'RISK_ACCUMULATION_DNS', N'E1Vandorskih'),
(N'AFB559F4-5FE2-474D-AE0B-2DCFF7E75233', N'RISK_ACCUMULATION_DNS', N'R203Vandorskih'),
(N'9514E092-7C1F-4600-A49E-410E5B145601', N'RISK_ACCUMULATION_DNS', N'E4Vandorskih'),
(N'025D1740-7373-4C34-8F58-8C41E3E0298B', N'RISK_ACCUMULATION_DNS', N'A22Vandorskih'),
(N'AF94B0AE-4AB2-441A-A649-DAF36B94C292', N'RISK_ACCUMULATION_DNS', N'A144Vandorskih'),
(N'68928D08-59FE-417C-9782-ADB9B462F012', N'RISK_ACCUMULATION_DNS', N'A30Vandorskih'),
(N'D7005A45-8624-4256-9348-F6BBCD1F9105', N'RISK_ACCUMULATION_DNS', N'R203Markova'),
(N'11EDAC33-1826-4275-BFC2-6AAE3A375BB4', N'RISK_ACCUMULATION_DNS', N'A22Markova'),
(N'53EFEDF8-F373-41F7-BDCB-A75DFADEFFFA', N'RISK_ACCUMULATION_DNS', N'A144Markova'),
(N'EE242228-9821-4B45-861D-F194F4B83AD4', N'RISK_ACCUMULATION_DNS', N'A23Markova'),
(N'157932E6-B98A-4D6E-9D8C-5DD5E7D01886', N'RISK_ACCUMULATION_DNS', N'R203Starkova'),
(N'8071C915-E1C6-4621-BCB7-7EBC03777365', N'RISK_ACCUMULATION_DNS', N'E2Starkova'),
(N'B2AD0C46-CF13-4435-BC60-3202137DB850', N'RISK_ACCUMULATION_DNS', N'A22Starkova'),
(N'0C572CE3-51E4-4048-867D-CB7DB3CB3092', N'RISK_ACCUMULATION_DNS', N'A144Starkova'),
(N'41CAAD5A-7694-4319-AB3D-869A89244892', N'RISK_ACCUMULATION_DNS', N'E18Tsutskov'),
(N'F2B9FB16-1AD4-445E-81A1-0074AE1EF030', N'RISK_ACCUMULATION_DNS', N'E11Tsutskov'),
(N'5E03E898-2834-4436-B490-AE997AD08BEC', N'RISK_ACCUMULATION_DNS', N'E16Tsutskov'),
(N'E8AA7A2C-E9E8-4B41-8B56-E7BAFDC3B8B0', N'RISK_ACCUMULATION_DNS', N'E4Tsutskov'),
(N'0DC91C82-5FDD-4227-BCAB-8D4577237BEA', N'RISK_ACCUMULATION_DNS', N'E2Tsutskov'),
(N'95E50B30-0E47-4B15-8975-FD2C9428FC86', N'RISK_ACCUMULATION_DNS', N'R203Tsutskov'),
(N'3570A534-C1E7-449A-8295-8535653C6093', N'RISK_ACCUMULATION_DNS', N'A30Tsutskov'),
(N'F1C956E6-A463-4445-A2A4-2D8BE5E3EF0A', N'RISK_ACCUMULATION_DNS', N'A144Tsutskov'),
(N'CE58B7B3-77C0-4B6D-894B-6D54E609FBD5', N'RISK_ACCUMULATION_DNS', N'A22Tsutskov'),
(N'44EF43F3-1144-4F44-B276-92269336882D', N'RISK_ACCUMULATION_DNS', N'A22Rzhevusskaya'),
(N'E153F8AA-8EF0-4B77-A3DB-94188CF39854', N'RISK_ACCUMULATION_DNS', N'A23Rzhevusskaya'),
(N'2D3B5C08-69F8-45A4-82A1-9D7B75A26220', N'RISK_ACCUMULATION_DNS', N'A144Rzhevusskaya'),
(N'7D1E3159-1A88-4A8F-9C1D-CC0AB8B99E58', N'RISK_ACCUMULATION_DNS', N'R203Burova'),
(N'DC32F4CB-67B4-4583-87FD-0660FFA1E2C8', N'RISK_ACCUMULATION_DNS', N'E2Burova'),
(N'26CF4E47-B242-447B-9EA5-04EA57E6DEA7', N'RISK_ACCUMULATION_DNS', N'E1Burova'),
(N'A08FF667-3E1D-4993-8E4F-410E5E633605', N'RISK_ACCUMULATION_DNS', N'A22Burova'),
(N'E731FD68-0933-4C59-9BCD-3E7502F8C3DC', N'RISK_ACCUMULATION_DNS', N'A144Burova'),
(N'F03D08C2-F9CE-4415-9218-7C530FDFA5AD', N'RISK_ACCUMULATION_DNS', N'E4Chizhikova'),
(N'8F79F319-5425-480F-AD66-5858E2444D05', N'RISK_ACCUMULATION_DNS', N'E2Chizhikova'),
(N'638FF5B0-4E24-43C6-89AD-231C4D440A8D', N'RISK_ACCUMULATION_DNS', N'R203Chizhikova'),
(N'BB494E29-6EB3-429D-95F5-A60799041FF0', N'RISK_ACCUMULATION_DNS', N'E1Chizhikova'),
(N'1701D7D8-DE76-46ED-8AED-5C1CFAE16FF5', N'RISK_ACCUMULATION_DNS', N'A22Chizhikova'),
(N'9302F38F-9042-48A0-81AF-F0639A8A080E', N'RISK_ACCUMULATION_DNS', N'A144Chizhikova'),
(N'88E4A53A-26B1-4EBF-A5EA-C71BBC79FDB3', N'RISK_ACCUMULATION_DNS', N'A23Chizhikova'),
(N'AF0D3D69-A76E-4846-89DB-479037B67040', N'RISK_ACCUMULATION_DNS', N'R103Khusainova'),
(N'9933A43A-9C8B-4122-9E12-6BF497B15339', N'RISK_ACCUMULATION_DNS', N'R203Khusainova'),
(N'B453CB75-F6DC-444A-99A5-7D0BD429B873', N'RISK_ACCUMULATION_DNS', N'E4Khusainova'),
(N'C1FFD4E0-2D25-4018-9666-8448EA8E9E30', N'RISK_ACCUMULATION_DNS', N'E2Khusainova'),
(N'D28B3A15-03BC-4115-9FB5-DD5CA1DCA0CA', N'RISK_ACCUMULATION_DNS', N'A144Khusainova'),
(N'179E2767-D376-440B-ADD6-0B971A0C0786', N'RISK_ACCUMULATION_DNS', N'A22Khusainova'),
(N'DE373424-6F54-4593-AB18-D640FDA4143D', N'RISK_ACCUMULATION_DNS', N'E4Yamenskov'),
(N'DF201A2F-0675-4C8B-B2B6-17E4799D7CA8', N'RISK_ACCUMULATION_DNS', N'R103Yamenskov'),
(N'B16B3455-1670-4919-A917-915FC2BC4E1E', N'RISK_ACCUMULATION_DNS', N'E1Yamenskov'),
(N'AE1DF4D8-C1FF-4A40-94E6-1BA64AA0F6C7', N'RISK_ACCUMULATION_DNS', N'E2Yamenskov'),
(N'CF064B85-A791-44D3-BA6F-B1D023D42579', N'RISK_ACCUMULATION_DNS', N'R203Yamenskov'),
(N'209CD0D3-E6B6-420C-B34B-E96D92B56A18', N'RISK_ACCUMULATION_DNS', N'A22Yamenskov'),
(N'56E37FD4-BDF0-454E-9583-56C9AAD4F500', N'RISK_ACCUMULATION_DNS', N'A144Yamenskov'),
(N'E953830B-F843-4897-9E65-9060A5EC2174', N'RISK_ACCUMULATION_DNS', N'R203Sankova'),
(N'03545228-6FC0-4D82-99AB-AC5F006BFFB3', N'RISK_ACCUMULATION_DNS', N'E2Sankova'),
(N'7AE29CB2-9CB1-445F-8F9D-E522C01099E1', N'RISK_ACCUMULATION_DNS', N'A22Sankova'),
(N'5BE845F9-B1AB-4C54-B286-FAC370AD64A9', N'RISK_ACCUMULATION_DNS', N'A23Sankova'),
(N'133A2C25-6535-4A13-97AA-A92413208570', N'RISK_ACCUMULATION_DNS', N'A22Kozlova'),
(N'CE6784F3-49D4-4838-ADD0-DF0612F5D6BE', N'RISK_ACCUMULATION_DNS', N'E1Solodukhina'),
(N'423D1450-4B0B-4C97-AAE8-045AF53B77B4', N'RISK_ACCUMULATION_DNS', N'R203Solodukhina'),
(N'5399FD3E-1E9C-4F9E-8E75-9BF1B81DA7FC', N'RISK_ACCUMULATION_DNS', N'E2Solodukhina'),
(N'61CBB4F5-456C-42D0-B759-5FE5E2DB5E82', N'RISK_ACCUMULATION_DNS', N'R205Solodukhina'),
(N'C2C02345-FBF6-4B61-8823-E437D78223AF', N'RISK_ACCUMULATION_DNS', N'A22Solodukhina'),
(N'332C91D5-A369-49AB-9B89-43706DF104A9', N'RISK_ACCUMULATION_DNS', N'A23Solodukhina'),
(N'6723EDE5-BC70-43EE-A212-DF566E7BEB3E', N'RISK_ACCUMULATION_DNS', N'A144Solodukhina'),
(N'2A62C280-BD25-4B9A-9623-3C6C98ACDF1B', N'RISK_ACCUMULATION_DNS', N'E16Mirlina'),
(N'2A6C9BB5-87BD-4D45-8FF1-B2F05135B6FA', N'RISK_ACCUMULATION_DNS', N'R203Mirlina'),
(N'1EC98E84-D7EA-4410-BA88-47A040FC1A37', N'RISK_ACCUMULATION_DNS', N'E2Nilova'),
(N'87173189-F109-40DE-9A2F-6B7853803DD7', N'RISK_ACCUMULATION_DNS', N'R203Nilova'),
(N'5DAA9D35-3DFA-4462-A501-C23BE2F80CF0', N'RISK_ACCUMULATION_DNS', N'E4Nilova'),
(N'DB966A5F-002B-4C77-9003-333A56E84AF2', N'RISK_ACCUMULATION_DNS', N'A22Nilova'),
(N'CCB9045F-006B-4D21-9FFB-06CEACF638A7', N'RISK_ACCUMULATION_DNS', N'R203Murzagildina'),
(N'A64A7AA7-13E6-4B2E-9C37-4DC63186EB43', N'RISK_ACCUMULATION_DNS', N'A22Semyanova'),
(N'548B71D6-F389-4E1F-A28E-C863D5BF96BE', N'RISK_ACCUMULATION_DNS', N'A23Semyanova'),
(N'74B83607-8C03-4E03-9599-D01AE9FC623D', N'RISK_ACCUMULATION_DNS', N'EBMGREINVEST'),
(N'E83DD42D-7E8B-44A4-BF76-2238AF6C417C', N'RISK_ACCUMULATION_DNS', N'EBMGZENIT'),
(N'DD9E00D7-FE16-4D3E-9E03-F84922E7744B', N'RISK_ACCUMULATION_DNS', N'EBMOPTIMAOAS2'),
(N'0E1594B4-8DA6-4DEB-B68C-3A98D6D4BDB6', N'RISK_ACCUMULATION_DNS', N'EBMGVTB'),
(N'DE1849A7-8BB9-4C13-8AA6-5F75F1BBB4DD', N'RISK_ACCUMULATION_DNS', N'E253UCB'),
(N'23DF33D0-A9F9-4762-9037-85C3D7E9C381', N'RISK_ACCUMULATION_DNS', N'I703ZENITP'),
(N'C319C8AA-9B71-4183-AEA6-955D536697C1', N'RISK_ACCUMULATION_DNS', N'I724SvcR'),
(N'B49ADB64-891E-4E91-8BF3-787B44152032', N'RISK_ACCUMULATION_DNS', N'EBMGVVTB'),
(N'3371A97A-A3BB-4C41-BAA0-C233CB7B9EFD', N'RISK_ACCUMULATION_DNS', N'TERMVVTB'),
(N'9ABD19B3-A14B-4A6D-9EE3-93455D2960AE', N'RISK_ACCUMULATION_DNS', N'EBMGBESTVTB'),
(N'D4A27732-F286-4919-AA91-BD7C9E474BC0', N'RISK_ACCUMULATION_DNS', N'C807SAS'),
(N'2577C408-1737-4423-966A-A17156EA7E41', N'RISK_ACCUMULATION_DNS', N'E106UCBPrivate'),
(N'C9292B5A-D128-437D-B692-A67C12ECCA60', N'RISK_ACCUMULATION_DNS', N'E519SvcP'),
(N'E63A6211-8C45-492E-9375-153003030910', N'RISK_ACCUMULATION_DNS', N'E724Zenit'),
(N'0D1845D6-5E8F-482D-A3F3-E7BB6633F4D6', N'RISK_ACCUMULATION_DNS', N'E724InnResheniya'),
(N'41D86624-00C5-4CEB-9FE3-3D59E687BABF', N'RISK_ACCUMULATION_DNS', N'E807RGSL'),
(N'CEDA4C8A-09D9-4F79-8C45-324525A848A2', N'INVEST_BOND_REPACKS', N'IDC3'),
(N'80229692-12C5-4ABF-A15A-F4C8A7518E41', N'INVEST_BOND_REPACKS', N'IDC5'),
(N'96D97ED4-84B8-4520-A142-9ABF52064918', N'INVEST_BOND_REPACKS', N'IDC'),
(N'456313EA-2109-441B-BBFC-010F951FC78B', N'INVEST_BOND_REPACKS', N'IDCP3'),
(N'FC0CF8FB-EE06-4400-AD48-EE37ACEBECF5', N'INVEST_BOND_REPACKS', N'IDCP5'),
(N'6DCC46D6-0993-4091-80FC-4F6377904EA9', N'INVEST_BOND_REPACKS', N'IDCP'),
(N'3DC4879F-25CB-46A3-BC84-664ADC12951E', N'INVEST_BOND_REPACKS', N'ISO'),
(N'BE9E5AF1-1915-4C84-88A2-B243C949FC9E', N'INVEST_BOND_REPACKS', N'ISP'),
(N'F9AB9940-3C5C-4A61-AE26-31AAA366655D', N'INVEST_BOND_REPACKS', N'IDFP'),
(N'F81A4E8B-E9CD-4258-B305-CD95BA25A50F', N'INVEST_BOND_REPACKS', N'IBG3BFKO'),
(N'0639D3C2-0DED-45E1-BA5F-FE27423EF067', N'INVEST_BOND_REPACKS', N'IBG5BFKO'),
(N'340A2456-360E-4F56-9BE8-4BA6D633E46A', N'INVEST_BOND_REPACKS', N'IBI3BFKO'),
(N'E661FFB1-C566-418A-AFC9-F7D3A27A3D71', N'INVEST_BOND_REPACKS', N'IBI5BFKO'),
(N'82CD92A8-3C5C-4068-A42A-BB2D9F267839', N'INVEST_BOND_REPACKS', N'IBG3'),
(N'536F1498-DABD-40EA-A21B-9E7CE0EE42E4', N'INVEST_BOND_REPACKS', N'IBG5'),
(N'D57ED74C-44D3-45C2-8D16-25BDD44C9F97', N'INVEST_BOND_REPACKS', N'IBG7'),
(N'7868A1AC-B46A-457B-AE8C-2CE27C1C7B18', N'INVEST_BOND_REPACKS', N'IBG10'),
(N'2983A75E-859D-464B-8056-53F7EA98F13E', N'INVEST_BOND_REPACKS', N'IBGP3'),
(N'DAE80BFF-1D67-4FBD-B9C0-5855EDD69DC1', N'INVEST_BOND_REPACKS', N'IBGP5'),
(N'3AE887AF-362F-4803-ACDF-4465DE8D95EA', N'INVEST_BOND_REPACKS', N'IBGP7'),
(N'79281459-D802-4DEA-B394-5C25C6C7BB64', N'INVEST_BOND_REPACKS', N'IBGP10'),
(N'22C87CE5-B800-4E46-AB0E-F4D9B1F6E047', N'INVEST_BOND_REPACKS', N'IBI3'),
(N'040BE0A3-DD4C-4C14-A956-63B660787F16', N'INVEST_BOND_REPACKS', N'IBI5'),
(N'363D5ADB-3BE7-4B36-9193-06AD9C72D5F5', N'INVEST_BOND_REPACKS', N'IBI10'),
(N'8B05CB01-C7A1-4BB6-93B9-64FF54CE1F1A', N'INVEST_BOND_REPACKS', N'IBIP3'),
(N'6B7E30A7-C39F-4945-AB36-5B60673201AC', N'INVEST_BOND_REPACKS', N'IBIP5'),
(N'F6CDEEFC-03E4-40DE-ABC4-F04DF9942709', N'INVEST_BOND_REPACKS', N'IBIP10'),
(N'27D5AADD-4D4F-4499-9EF7-9AE7774883CB', N'INVEST_BOND_REPACKS', N'IBI3AKCEPT'),
(N'041E6D14-EB47-4346-9183-64224B25F8D4', N'INVEST_BOND_REPACKS', N'IBI5AKCEPT'),
(N'96600892-B231-4E7E-8BC4-E33741C277A5', N'INVEST_BOND_REPACKS', N'IBG1AKCEPT'),
(N'957FE68B-F2F0-4FCA-BD5C-CFE2A41B9AC7', N'INVEST_BOND_REPACKS', N'IBI2ZENIT'),
(N'1F1FDA98-31F5-493B-A3AB-4A5C534ED7DF', N'INVEST_BOND_REPACKS', N'IBI3ZENIT'),
(N'B708AACF-518A-43AC-A3CD-E99404F7D17A', N'INVEST_BOND_REPACKS', N'IBI5ZENIT'),
(N'5FBE5FD8-E341-4BD1-8C36-298DAF43528A', N'INVEST_BOND_REPACKS', N'IDG1ZENIT'),
(N'8AE83BC7-F57D-4A17-B61E-2440304F196D', N'INVEST_BOND_REPACKS', N'IDG3'),
(N'3C3F03BE-F6FF-4E6B-B7F5-E459DF2082A4', N'INVEST_BOND_REPACKS', N'IDG5'),
(N'385580CA-D7EF-48F3-806C-6434DD0EB3F7', N'INVEST_BOND_REPACKS', N'IDG7'),
(N'5050F66C-A591-4824-8333-825E9A0EBD4B', N'INVEST_BOND_REPACKS', N'IDG10'),
(N'3B76F29F-5AAC-4DBC-BB6C-85713DA0F0C7', N'INVEST_BOND_REPACKS', N'IDGP3'),
(N'7B22B6BC-0787-485F-8D98-9AF709B98D43', N'INVEST_BOND_REPACKS', N'IDGP5'),
(N'36ABB454-5B81-4EC9-97EB-2FAA1837C25D', N'INVEST_BOND_REPACKS', N'IDGP7'),
(N'72300802-20D1-4A97-81AC-38916363E6A8', N'INVEST_BOND_REPACKS', N'IDGP10'),
(N'6A092F11-3451-41B9-88FF-77A90F05CDEA', N'INVEST_BOND_REPACKS', N'IDGV2'),
(N'9E30140A-9D81-4A89-A11E-F685A5A30813', N'INVEST_BOND_REPACKS', N'IDGV3'),
(N'598AD594-BC0A-4805-9924-92F5BC817E47', N'INVEST_BOND_REPACKS', N'IBA3'),
(N'3546A0CE-A467-4238-816F-E6323813EF25', N'INVEST_BOND_REPACKS', N'IBA5'),
(N'7AE87893-311C-4F7F-A15F-FC0304DA348A', N'INVEST_BOND_REPACKS', N'IBA3BFKO'),
(N'55621676-3024-4162-9E52-DB18129204A7', N'INVEST_BOND_REPACKS', N'IBA5BFKO'),
(N'92E64FB9-855E-4611-A875-B7780C4486E9', N'INVEST_BOND_REPACKS', N'IBAP3'),
(N'03FA2D68-4420-44D3-8C27-ECAD79B8424D', N'INVEST_BOND_REPACKS', N'IBAP5'),
(N'73A1732D-B862-4409-A0ED-3F73AE82C916', N'INVEST_BOND_REPACKS', N'IBI3OAS'),
(N'7FFB35A3-82F5-4C1A-BAE4-618D81FE1225', N'INVEST_BOND_REPACKS', N'IBI5OAS'),
(N'E59123E4-77E8-4EF8-97A8-5F7E7C31D2DC', N'INVEST_BOND_REPACKS', N'IBG3OAS'),
(N'4520144C-B2C4-45A4-8969-E72CD3F404E8', N'INVEST_BOND_REPACKS', N'IBG5OAS'),
(N'5043C5D4-207C-41D7-8EDB-AC52B414987C', N'INVEST_BOND_REPACKS', N'IDG2ZENIT'),
(N'9D89445A-8047-43CC-9516-FD71B897DC8E', N'INVEST_BOND_REPACKS', N'IDG5ZENIT'),
(N'28F318C0-E787-4176-A786-6BCFFE967EE9', N'INVEST_BOND_REPACKS', N'I516BFKO'),
(N'98FE4610-7D7E-45A6-BAA6-37E1CD1646B7', N'INVEST_BOND_REPACKS', N'I575BFKO'),
(N'254A1B07-37EC-4AE9-92B5-C86E9026BC2E', N'INVEST_BOND_REPACKS', N'I575OAS'),
(N'388882DC-B2A7-4D03-B0FB-8A345ADF5689', N'INVEST_BOND_REPACKS', N'I568BFKO'),
(N'FAF6BB9B-3712-4F5A-A5EC-82F9B571EAD1', N'INVEST_BOND_REPACKS', N'I568Zenit'),
(N'D48CF7EF-EF2E-4E90-BA6C-629C21A2C2BB', N'INVEST_BOND_REPACKS', N'I568OAS'),
(N'C5FFC0AD-23F3-4AB9-AD70-509A69F29C05', N'INVEST_BOND_REPACKS', N'I568Akcept'),
(N'8A73D5DE-11AB-433D-9EDB-01090BE37BFA', N'INVEST_BOND_REPACKS', N'I497BFKO'),
(N'63B07F2E-4A6D-4AE2-9703-4F8169FD8B09', N'INVEST_BOND_REPACKS', N'I423PSB'),
(N'53014499-CBF4-4F4F-8BD4-95C30C89DCC5', N'INVEST_BOND_REPACKS', N'I425PSBPrivate'),
(N'184AFDE2-0381-4899-88A7-3977E1E68753', N'INVEST_BOND_REPACKS', N'I425PSB'),
(N'122396B6-FA6F-4511-9C71-5BD7C7ECD505', N'INVEST_BOND_REPACKS', N'I455BFKO'),
(N'931FC50E-C342-4581-8337-4248A3636DE6', N'INVEST_BOND_REPACKS', N'I455ATBbank'),
(N'6E09BF89-2985-4DCC-AB02-020D905C1D30', N'INVEST_BOND_REPACKS', N'I652BFKO'),
(N'4E3B5F11-A791-4012-9F97-14B694A13CA9', N'INVEST_BOND_REPACKS', N'I652OAS'),
(N'4A150524-22BA-40A9-A93F-1879B9EB1A84', N'INVEST_BOND_REPACKS', N'I652ZENIT'),
(N'43455B47-5978-4399-9D93-C8F618F434C2', N'INVEST_BOND_REPACKS', N'I648BFKO'),
(N'0BFB7A95-0FC7-45E2-B137-3AC9906C34FC', N'INVEST_BOND_REPACKS', N'I648ZENIT'),
(N'7CC54999-0FFD-4976-BD60-73992514DCFA', N'INVEST_BOND_REPACKS', N'I648OAS'),
(N'A61882FE-23C6-419B-B366-A48000AD221D', N'INVEST_BOND_REPACKS', N'I408ATBbank'),
(N'96939FD8-88FF-485A-9795-6F0EC0DFF3EE', N'INVEST_BOND_REPACKS', N'I408BFKO'),
(N'762E145A-DB85-44F2-BB82-CE2B8B6E95EB', N'INVEST_BOND_REPACKS', N'I416OAS'),
(N'D388ECA7-4DA3-439A-8DBA-5B0296398D7B', N'INVEST_BOND_REPACKS', N'I417BFKO'),
(N'4F9903A7-287F-46CB-9CA5-0B61CFB24EAA', N'INVEST_BOND_REPACKS', N'I417OAS'),
(N'F3A48E2D-24D5-4179-BA90-719092D73DB5', N'INVEST_BOND_REPACKS', N'I418BFKO'),
(N'1B67A443-4ED5-491B-B215-501A3376B8C2', N'INVEST_BOND_REPACKS', N'I418OAS'),
(N'F2EDE2AB-21C1-4F94-AF53-F06B42095554', N'INVEST_BOND_REPACKS', N'E420Rosbank'),
(N'01E38406-7A46-43E4-977E-A5444CC1E2B2', N'INVEST_BOND_REPACKS', N'E420Zenit'),
(N'6F69A9ED-D2A5-41E9-BC5F-6AFD762B7107', N'INVEST_BOND_REPACKS', N'E420UCBPrivate'),
(N'C90E49E5-0467-4850-A9C2-997228282225', N'INVEST_BOND_REPACKS', N'E420BFKOP'),
(N'89DA8177-BFEA-4FBF-BDA9-0C59137C62DC', N'INVEST_BOND_REPACKS', N'I424ATBbank'),
(N'B6B76D87-5173-4CCA-9E49-A7E9660949A2', N'INVEST_BOND_REPACKS', N'I424PSB'),
(N'E52D8C03-23D9-41DB-98C2-F865B82AAE09', N'INVEST_BOND_REPACKS', N'I426BFKOP'),
(N'065FE5DA-C564-488A-B423-2C33872A2825', N'INVEST_BOND_REPACKS', N'I427BFKOP'),
(N'881D0660-5A64-4483-A529-53712E758BCC', N'INVEST_BOND_REPACKS', N'I428BFKOP'),
(N'99D4FA7A-07C5-4254-AD69-3CE131B2FBA4', N'INVEST_BOND_REPACKS', N'I435PrimSocBank'),
(N'DA4EABCA-3B61-4083-8CE2-637EF396E0C5', N'INVEST_BOND_REPACKS', N'I436PrimSocBank'),
(N'132E39D2-7E2D-40FB-B4DA-3A874C546A75', N'INVEST_BOND_REPACKS', N'I439BFKO'),
(N'F8F3FA6D-C8F6-4885-965F-BC5F265C39C8', N'INVEST_BOND_REPACKS', N'I440BFKO'),
(N'A66F02B4-CC7E-41EF-9E24-04B62935DC71', N'INVEST_BOND_REPACKS', N'I446BFKO'),
(N'1686AF5D-2534-4596-9FFF-F27F2DB9A89D', N'INVEST_BOND_REPACKS', N'I449RGSBank'),
(N'D2286FE0-C19A-4F49-AA3B-3494FCBC8A86', N'INVEST_BOND_REPACKS', N'I450RGSBank'),
(N'39E2D6EB-3EE2-4A58-9EB3-3BAF8E1C25B7', N'INVEST_BOND_REPACKS', N'I452RGSBank'),
(N'C54760C8-F6CB-44FD-942E-3D13FF424523', N'INVEST_BOND_REPACKS', N'I457BFKO'),
(N'88613F60-62FF-407C-9010-8179AFE5B9C1', N'INVEST_BOND_REPACKS', N'I458BFKO'),
(N'5A80DF9E-7632-416D-8268-1DEFF5D7544E', N'INVEST_BOND_REPACKS', N'I458BFKOP'),
(N'382A6EA8-0970-4528-816E-F60186403A35', N'INVEST_BOND_REPACKS', N'I459BFKO'),
(N'60E6934B-64F8-481B-AC48-0EF481F3437E', N'INVEST_BOND_REPACKS', N'I459OAS'),
(N'BE9396AB-7BB6-4367-858F-4989553B73D0', N'INVEST_BOND_REPACKS', N'I460BFKO'),
(N'EE03583A-A04F-44F1-98F2-02FC3C9F5E8A', N'INVEST_BOND_REPACKS', N'I461UCB'),
(N'CDC4961D-A30B-44D1-A6FA-34F3F6B84B50', N'INVEST_BOND_REPACKS', N'I461UCBPrivate'),
(N'5137945A-0F78-4B5E-8614-5DB2F6C2A787', N'INVEST_BOND_REPACKS', N'I462UCB'),
(N'EC1DFA1F-F063-4401-BA68-E20A966710BC', N'INVEST_BOND_REPACKS', N'I464OAS'),
(N'25769758-927A-499D-8384-C42EA0154265', N'INVEST_BOND_REPACKS', N'I465OAS'),
(N'208E3579-0BB5-40E1-8398-A0354ABE33B5', N'INVEST_BOND_REPACKS', N'I469BFKOP'),
(N'DBE68042-1442-4945-B35B-1F10A91FDFAA', N'INVEST_BOND_REPACKS', N'I470BFKOP'),
(N'DBA1B021-B6DF-480D-A579-85787FCC3D88', N'INVEST_BOND_REPACKS', N'I471BFKO'),
(N'BD7C7A27-A001-45B6-9C94-6CB1FA90B012', N'INVEST_BOND_REPACKS', N'I471OAS'),
(N'7BE47185-A2A7-4692-9C49-B0F8D5C0C6A3', N'INVEST_BOND_REPACKS', N'I474OAS'),
(N'9A99F990-8C01-4860-A6D4-4BDC55B93BC7', N'INVEST_BOND_REPACKS', N'I477BFKOP'),
(N'03707C87-247A-4E6E-80AA-713899E8F0F6', N'INVEST_BOND_REPACKS', N'I478BFKO'),
(N'0C9F16A8-8604-4404-B694-8A69666058A4', N'INVEST_BOND_REPACKS', N'E480Rosbank'),
(N'1A359731-1C46-4B32-8013-F204C36CC273', N'INVEST_BOND_REPACKS', N'E480Zenit'),
(N'63434644-3E2A-42AB-905D-354F33DB5F28', N'INVEST_BOND_REPACKS', N'E480BFKOP'),
(N'137C14B0-6B1B-410A-BB3D-7B642E6215AD', N'INVEST_BOND_REPACKS', N'E480SvcP'),
(N'6DBF2A83-8C31-444D-B427-0B8A2F2B5D11', N'INVEST_BOND_REPACKS', N'I498BFKO'),
(N'695BAA06-1058-49BC-A2EA-B7674EB402D5', N'INVEST_BOND_REPACKS', N'I499Zenit'),
(N'44D3B434-ECA2-4348-AE4B-4D5C13F764D4', N'INVEST_BOND_REPACKS', N'I499BFKO'),
(N'9C53A96F-EA60-4B4A-B06F-9497D4A1CE0D', N'INVEST_BOND_REPACKS', N'I499OAS'),
(N'9F6C82E6-6F30-42D3-ABC5-3D03D2907CD5', N'INVEST_BOND_REPACKS', N'I499PSBPrivate'),
(N'79C021F3-28BC-4B1F-87FD-22F3EEF160F3', N'INVEST_BOND_REPACKS', N'I499PrimSocBank'),
(N'3BF40DE9-35FC-490A-B275-97D213E191F3', N'INVEST_BOND_REPACKS', N'I499Akcept'),
(N'C4B16064-ED70-4806-8B97-BE6439007BA8', N'INVEST_BOND_REPACKS', N'I499PSB'),
(N'2C24157D-0181-408C-B5C0-3763D96F76AA', N'INVEST_BOND_REPACKS', N'I500BFKO'),
(N'3E42FB01-B9C2-41B4-9594-9280B62AA128', N'INVEST_BOND_REPACKS', N'I500OAS'),
(N'9E8B6859-ADE8-45BC-AEE9-0B763B4AF899', N'INVEST_BOND_REPACKS', N'I501BFKO'),
(N'E9E71147-579E-496E-A65A-6919C048BF65', N'INVEST_BOND_REPACKS', N'I501OAS'),
(N'315D20A7-3A2D-4976-80F9-7AF1634D7B57', N'INVEST_BOND_REPACKS', N'I501ATBbank'),
(N'9A679345-9CD7-4439-94FD-5CBED222EF1A', N'INVEST_BOND_REPACKS', N'I502BFKO'),
(N'EEAA450D-4705-472E-AB18-A6B7390B30FA', N'INVEST_BOND_REPACKS', N'I503BFKO'),
(N'ADC8FDC5-CF58-4EE2-8290-5DF1CDE70733', N'INVEST_BOND_REPACKS', N'I503OAS'),
(N'E43086CF-79EC-4A67-9085-2E6296D34005', N'INVEST_BOND_REPACKS', N'I504BFKO'),
(N'EED1F3F6-A2C5-4918-990B-006C2C935475', N'INVEST_BOND_REPACKS', N'I504OAS'),
(N'664B922C-C3B7-4719-8282-E98E9C3B130D', N'INVEST_BOND_REPACKS', N'I511BFKOP'),
(N'AF2A1EA0-86D5-462C-9ED9-B57B30D14ACC', N'INVEST_BOND_REPACKS', N'I513BFKO'),
(N'2B119B22-A3D8-47CF-BC9F-22AC209EED2F', N'INVEST_BOND_REPACKS', N'I514BFKO'),
(N'7797ACC8-821E-4EE7-84E8-85FE30C8DA4D', N'INVEST_BOND_REPACKS', N'I514ATBbank'),
(N'5F770646-E48C-4EE6-9E03-1B3DE7162794', N'INVEST_BOND_REPACKS', N'I515BFKO'),
(N'E59C7125-5894-4363-97E9-BA8B0567B5D1', N'INVEST_BOND_REPACKS', N'I521RGSBank'),
(N'8F7C29F3-5F91-4215-B5A8-C0568EC917E9', N'INVEST_BOND_REPACKS', N'I526RaifPrivate'),
(N'05FA9CBC-FFEE-4538-8B33-8A026C0E133F', N'INVEST_BOND_REPACKS', N'I533BFKOP'),
(N'3D7615DA-9F01-4F04-810F-B0FEEDAC30AF', N'INVEST_BOND_REPACKS', N'I534BFKOP'),
(N'BEE98522-B79D-4BF7-AC5D-58950CB49BD0', N'INVEST_BOND_REPACKS', N'I535BFKO'),
(N'E4A715E0-8296-40C5-BBA4-8C4F07396500', N'INVEST_BOND_REPACKS', N'I536BFKO'),
(N'9EF5BAC5-A55D-4AD8-8FD3-EBEDBDCF306E', N'INVEST_BOND_REPACKS', N'I541BFKO'),
(N'743BF911-F439-4CF4-B40F-838E27A71971', N'INVEST_BOND_REPACKS', N'I542BFKO'),
(N'2B829DF0-D1BA-401C-881D-BDF8BF04A3F0', N'INVEST_BOND_REPACKS', N'I547BFKOP'),
(N'BE3AD311-E33F-4497-8866-6FB624776650', N'INVEST_BOND_REPACKS', N'I549BFKOP'),
(N'0E0ECB40-C2D1-4B71-8ECD-E2DEC0CFDE94', N'INVEST_BOND_REPACKS', N'I550BFKOP'),
(N'C4402C87-C7D7-4D53-8B46-2CABA60F268A', N'INVEST_BOND_REPACKS', N'I553BFKO'),
(N'EDDDEBC7-54DA-4D6D-B810-0A3372D44646', N'INVEST_BOND_REPACKS', N'I556BFKOP'),
(N'B68E0600-E282-44C9-9AC7-BB900AA1D5F2', N'INVEST_BOND_REPACKS', N'I558RaifPrivate'),
(N'B62A4444-8BCB-4D93-9263-6270CAC9547B', N'INVEST_BOND_REPACKS', N'I558BFKOP'),
(N'BC3DC3F3-E434-469A-B452-6FCC8C7506CB', N'INVEST_BOND_REPACKS', N'I559BFKOP'),
(N'24901020-822F-4861-B329-A51A7FB8F393', N'INVEST_BOND_REPACKS', N'I561BFKOP'),
(N'08DCE7BA-F98A-45B6-B1DC-D576948E75B7', N'INVEST_BOND_REPACKS', N'I564BFKO'),
(N'62ED66DD-505C-497F-A22C-C5DF0F7BAD7A', N'INVEST_BOND_REPACKS', N'I564OAS'),
(N'667DB94C-3EDA-4F68-A322-1E621F85F709', N'INVEST_BOND_REPACKS', N'I564BFKOP'),
(N'8B1EA791-41C6-45C4-8F9E-0084137C0DC8', N'INVEST_BOND_REPACKS', N'I565BFKO'),
(N'88B0E657-B027-4C64-88C7-E1CBAD78853A', N'INVEST_BOND_REPACKS', N'I566BFKO'),
(N'E2906A37-05B7-4427-96EB-18F4B323188C', N'INVEST_BOND_REPACKS', N'I566OAS'),
(N'5EB2E8E8-D1E1-4823-B678-5578A4169A7E', N'INVEST_BOND_REPACKS', N'I566BFKOP'),
(N'A7825F14-2AFF-44CC-A856-E2BB2D1DA8BE', N'INVEST_BOND_REPACKS', N'I567BFKO'),
(N'1BF5B881-D375-4BCF-98F0-73CFB39E1423', N'INVEST_BOND_REPACKS', N'I567OAS'),
(N'1AA98928-6AB0-4A9E-8B43-CD46FB81F4D1', N'INVEST_BOND_REPACKS', N'I567BFKOP'),
(N'34288BCD-E4E3-4083-AEA4-D2D31CF00A11', N'INVEST_BOND_REPACKS', N'I569BFKO'),
(N'1E2EDEEB-9BA2-4BD4-9206-BF36CAE9659D', N'INVEST_BOND_REPACKS', N'I569OAS'),
(N'E7ADE0FC-5E9E-45A1-B9E8-5681C691A8A9', N'INVEST_BOND_REPACKS', N'I570BFKO'),
(N'659BA364-6B2C-4132-8C9E-28EEF99B3681', N'INVEST_BOND_REPACKS', N'I571BFKO'),
(N'47EAAECF-743F-4D66-85AE-A14A8CB5E3FA', N'INVEST_BOND_REPACKS', N'I572BFKO'),
(N'EDF4291C-5ED6-4F51-AC53-3D7F7A42D033', N'INVEST_BOND_REPACKS', N'I573BFKO'),
(N'2C5BEB1B-B23F-4410-80A8-D4AA1159BA3F', N'INVEST_BOND_REPACKS', N'I574BFKO'),
(N'71773AC7-2765-4863-A246-085CC9C9BA15', N'INVEST_BOND_REPACKS', N'I574OAS'),
(N'673AF5C8-1C2E-4377-BB25-81617BA36442', N'INVEST_BOND_REPACKS', N'I574BFKOP'),
(N'555BD912-41CE-4352-A32E-D85EE4AA2CC3', N'INVEST_BOND_REPACKS', N'I574ATBbank'),
(N'990AB3BA-F3DE-4741-99B7-AAEC9BCEAB6D', N'INVEST_BOND_REPACKS', N'I579BFKOP'),
(N'AAB2D945-4DB7-4D90-8126-F0172B4B6615', N'INVEST_BOND_REPACKS', N'I583OTP'),
(N'1B3B65FD-F10C-4CD1-AC91-E32BE8075827', N'INVEST_BOND_REPACKS', N'I583PSB'),
(N'2B2E8511-D1B7-4F44-B8BB-55158598BAB0', N'INVEST_BOND_REPACKS', N'I584PSB'),
(N'1F5718BE-23D4-4E5C-BC1F-7842EC90A997', N'INVEST_BOND_REPACKS', N'I585BFKOP'),
(N'7BF1D97C-76BE-4AEF-B707-4B112DDBEF4D', N'INVEST_BOND_REPACKS', N'I585ATBbank'),
(N'AE400619-35E8-4AAB-B2B3-636A82DDE6FC', N'INVEST_BOND_REPACKS', N'I585Sinergiya'),
(N'91290CBA-2E02-4785-9607-D1813CFBDE22', N'INVEST_BOND_REPACKS', N'I585PSB'),
(N'CB3FB891-8A3D-49E1-A868-0809C0C042DD', N'INVEST_BOND_REPACKS', N'I586PSB'),
(N'1C336FA3-B1CA-4EA1-BEC6-BE23F152597F', N'INVEST_BOND_REPACKS', N'I587PSB'),
(N'67F6EC18-8C82-4C78-B9D4-2D5FCA481D45', N'INVEST_BOND_REPACKS', N'I588PSB'),
(N'143FA7A3-BED0-43BB-9ABD-C700932BC87E', N'INVEST_BOND_REPACKS', N'I591RGSBank'),
(N'D4D28B6E-882E-470B-8FBC-9C9603A1F399', N'INVEST_BOND_REPACKS', N'I592RGSBank'),
(N'FEDFCD1A-85C7-4577-8FDE-51FB47C250B7', N'INVEST_BOND_REPACKS', N'I593BFKOP'),
(N'EA712D69-B6CE-4533-98E9-0207D2A9A044', N'INVEST_BOND_REPACKS', N'I594BFKOP'),
(N'E559D698-0DB4-467A-A944-3C8BDBF680B6', N'INVEST_BOND_REPACKS', N'I595BFKOP'),
(N'5BB10E12-9AEE-46A5-A1E2-6679C5C94E49', N'INVEST_BOND_REPACKS', N'I596UCB'),
(N'9D8CF642-C507-40A7-A6F3-39929FA58840', N'INVEST_BOND_REPACKS', N'I596BFKOP'),
(N'62470167-7D7D-4683-B494-D9780D620145', N'INVEST_BOND_REPACKS', N'I597UCB'),
(N'04070722-C047-4224-B44E-A1B58392F3A7', N'INVEST_BOND_REPACKS', N'I597BFKOP'),
(N'0F4D5C4D-1D1B-481C-A2CF-3615E82E9FC8', N'INVEST_BOND_REPACKS', N'I598BFKOP'),
(N'CF041F5A-1FDF-41E2-A67D-5D613765E7EE', N'INVEST_BOND_REPACKS', N'I599BFKOP'),
(N'40A36415-11DD-4546-9C70-F12ADD9B1EFC', N'INVEST_BOND_REPACKS', N'I601BFKOP'),
(N'52C79720-4490-4023-BAEC-B741EBE07A2C', N'INVEST_BOND_REPACKS', N'I602BFKOP'),
(N'92269885-2C24-4B01-A756-46EC4F1D57B2', N'INVEST_BOND_REPACKS', N'I603BFKO'),
(N'4C465826-39AF-47D1-A897-E43E85E0D574', N'INVEST_BOND_REPACKS', N'I604BFKOP'),
(N'4C81EF9C-5A85-4716-98E4-1554E28BE30C', N'INVEST_BOND_REPACKS', N'I605BFKOP'),
(N'DF00732B-6BD3-4702-A162-D91687182396', N'INVEST_BOND_REPACKS', N'I606BFKO'),
(N'37845C62-1B54-486B-A104-8F060ED17066', N'INVEST_BOND_REPACKS', N'I606OAS'),
(N'C702E93F-6D6D-48C6-B5AB-FD0161C8450F', N'INVEST_BOND_REPACKS', N'I607BFKO'),
(N'A7985EE8-795B-4083-AC2F-CA38D01AFE20', N'INVEST_BOND_REPACKS', N'I607OAS'),
(N'7F88ED78-F62B-474B-A31B-E5BA30F9D343', N'INVEST_BOND_REPACKS', N'I608BFKOP'),
(N'765582F3-6C6D-4DBA-9DD7-AA0057A76880', N'INVEST_BOND_REPACKS', N'I610RaifPrivate'),
(N'EB5DF60B-A562-4AE4-BFFF-C641D38576C7', N'INVEST_BOND_REPACKS', N'I610BFKOP'),
(N'D277F0BE-1672-4992-AF4B-92B3C859DBB6', N'INVEST_BOND_REPACKS', N'I612BFKOP'),
(N'92D0B518-DD0E-4A03-AD5B-B8A6412F8C06', N'INVEST_BOND_REPACKS', N'I613BFKOP'),
(N'E55E72EF-BCEC-46D9-96E3-66830B46F181', N'INVEST_BOND_REPACKS', N'I614BFKO'),
(N'A385F399-7D60-481E-8EB9-63A16099128F', N'INVEST_BOND_REPACKS', N'I614BFKOP'),
(N'91337927-6BDA-4C22-B9B8-0FF586290EF3', N'INVEST_BOND_REPACKS', N'I614IPHalenko'),
(N'6884BBAD-B733-4EA7-81F4-7CE58C5BCFB9', N'INVEST_BOND_REPACKS', N'I620BFKOP'),
(N'B7CC49AB-B581-41F8-A06B-B29DD07627A9', N'INVEST_BOND_REPACKS', N'I625BFKOP'),
(N'C9195BB7-F1C3-48F1-9E41-59C270215311', N'INVEST_BOND_REPACKS', N'I626BFKOP'),
(N'E1745F76-8F41-4BD0-BA1F-9113413858DA', N'INVEST_BOND_REPACKS', N'I631BFKOP'),
(N'194C9953-2203-4570-88DB-FBB0577E5827', N'INVEST_BOND_REPACKS', N'I649BFKO'),
(N'BF8A7638-25F1-4026-8415-1E32D06325FF', N'INVEST_BOND_REPACKS', N'I649Zenit'),
(N'EFDE0949-C9D6-43F0-9334-9E548AE575CF', N'INVEST_BOND_REPACKS', N'I649OAS'),
(N'A523EA74-2EA3-4FCC-8BAF-2D0DA070AF51', N'INVEST_BOND_REPACKS', N'I650Zenit'),
(N'E724945A-6DE8-4217-ACC3-94D268632B50', N'INVEST_BOND_REPACKS', N'I650BFKO'),
(N'5168F714-34CF-4C5A-B7A6-AC8DF6DFE756', N'INVEST_BOND_REPACKS', N'I650OAS'),
(N'EFE959FC-9D94-4983-899A-B3340862BD3F', N'INVEST_BOND_REPACKS', N'I651BFKO'),
(N'891BDBB7-CD3C-4F75-97FF-7F0778EA5F70', N'INVEST_BOND_REPACKS', N'I651OAS'),
(N'9E7A6319-8A49-48DA-98DA-3D83332CE116', N'INVEST_BOND_REPACKS', N'I653BFKO'),
(N'1A560F48-DF14-4F4B-9FA1-4F2E43441131', N'INVEST_BOND_REPACKS', N'I653Zenit'),
(N'CAC63C9F-9D86-4843-A304-1DBA9FE982B3', N'INVEST_BOND_REPACKS', N'I653OAS'),
(N'693CAFF0-DD68-4D03-B58A-2CA1B4F27149', N'INVEST_BOND_REPACKS', N'I668BFKOP'),
(N'074E9E97-60E2-4E9A-8324-D4A4F111A03D', N'INVEST_BOND_REPACKS', N'I670BFKOP'),
(N'BA41C993-0487-4088-99A0-457A671FC3CF', N'INVEST_BOND_REPACKS', N'I672BFKOP'),
(N'04290046-8FD6-428D-8316-AAF75DAF395D', N'INVEST_BOND_REPACKS', N'I673BFKOP'),
(N'AF90FB62-96AC-4D85-AD93-76693240E484', N'INVEST_BOND_REPACKS', N'I678Zenit'),
(N'D397BB89-76BB-43E5-B6E0-7E524712715C', N'INVEST_BOND_REPACKS', N'I679Zenit'),
(N'B14C7D31-4D59-4891-8D05-69D2E6CC9BC1', N'INVEST_BOND_REPACKS', N'I684BFKO'),
(N'9EF5CB47-96DC-4508-AC2D-0995586F5688', N'INVEST_BOND_REPACKS', N'I684OAS'),
(N'973174E9-F4EA-44CC-B7A0-35150A4FBE91', N'INVEST_BOND_REPACKS', N'I685BFKO'),
(N'4912AC54-FC0D-49A7-9CE5-80C0409D150D', N'INVEST_BOND_REPACKS', N'I685OAS'),
(N'EEE408C6-8F7B-4E3A-9B8B-B5AC4FE3F028', N'INVEST_BOND_REPACKS', N'I686BFKOP'),
(N'7A0A98A5-FBD2-4FBA-89A4-1A89D41A8317', N'INVEST_BOND_REPACKS', N'I688BFKOP'),
(N'7F99203A-CD21-41B2-BF5A-E1AC58ADF744', N'INVEST_BOND_REPACKS', N'I690BFKOP'),
(N'84D35E3E-8E36-4735-AA86-EC56F50903BB', N'INVEST_BOND_REPACKS', N'I696Zenit'),
(N'9F12D70B-A290-4F39-B855-2AC165643F3A', N'INVEST_BOND_REPACKS', N'I698BFKOP'),
(N'E2FBF7E1-0D65-48C3-A68B-5B1671CA1E21', N'INVEST_BOND_REPACKS', N'I699BFKOP'),
(N'75165AE5-3141-4B10-B851-DD97FD9E9634', N'INVEST_BOND_REPACKS', N'I709BFKO'),
(N'305A7850-BCC8-44DD-87E7-90142966FF81', N'INVEST_BOND_REPACKS', N'I710BFKO'),
(N'03DFBEF7-C95D-4A49-92A8-41BE2BB9ACF8', N'INVEST_BOND_REPACKS', N'IDGV2PP'),
(N'049D2821-5618-41C4-ABD1-2E33143B5192', N'INVEST_BOND_REPACKS', N'IDGV3PP'),
(N'BF164C29-FB4B-45E6-AC13-C761E18A66AA', N'INVEST_BOND_REPACKS', N'IDGV1BFKO'),
(N'86C0F4A3-34B6-46DE-8A62-E085A5EB3B15', N'INVEST_BOND_REPACKS', N'IDGV2BFKO'),
(N'DE07859E-D2F5-4669-A89F-C679ED421DF3', N'INVEST_BOND_REPACKS', N'IDGV3BFKO'),
(N'7DF71BB8-5A02-4E70-A7CD-426837AC3DA9', N'INVEST_BOND_REPACKS', N'IDGV5BFKO'),
(N'25CD44FB-F9B2-4607-BAA3-A1F21B875527', N'INVEST_BOND_REPACKS', N'IDGV3PPBFKO'),
(N'E26DCC78-CB7C-4DE1-85BC-A68778CC6F70', N'INVEST_BOND_REPACKS', N'IDGV5PPBFKO'),
(N'5A806DF6-51E0-45D1-BB7C-81D0874BE544', N'INVEST_BOND_REPACKS', N'I194OAS'),
(N'FB60F5DF-F327-4D73-8364-8B6663711471', N'INVEST_BOND_REPACKS', N'I198OAS'),
(N'05AF6CB3-6AD6-4A8E-88CB-B2E551A76645', N'INVEST_BOND_REPACKS', N'I206OAS'),
(N'B1711F0C-5360-4226-9FC2-450FFE54E9D8', N'INVEST_BOND_REPACKS', N'I207OAS'),
(N'D578B50D-1518-4917-BC5C-888880F4911E', N'INVEST_BOND_REPACKS', N'I210BFKO'),
(N'78D656BD-3CD4-4A87-9B91-73FE8B1B59F4', N'INVEST_BOND_REPACKS', N'I210RGSL'),
(N'F05F0807-E3BA-4F39-9219-E856A7D6E879', N'INVEST_BOND_REPACKS', N'I210PSB'),
(N'F6B0C71D-0A03-45A4-B528-700DDD1A0E5E', N'INVEST_BOND_REPACKS', N'I211BFKO'),
(N'3F4488F4-53FA-4DD1-AC2A-22E6CC856BB5', N'INVEST_BOND_REPACKS', N'I211RGSL'),
(N'C8B64CE1-B71F-42E6-9232-BE41F4FCFB71', N'INVEST_BOND_REPACKS', N'I212BFKO'),
(N'D9EE62CB-D49E-4676-95F8-6FFA0139816D', N'INVEST_BOND_REPACKS', N'I212RGSL'),
(N'0C7EEEEA-39DE-4E68-A019-691ECA08B771', N'INVEST_BOND_REPACKS', N'I223BFKO'),
(N'A2AC818C-7929-4B3D-ADAD-8FA4C307332F', N'INVEST_BOND_REPACKS', N'I225RGSL'),
(N'D5E59151-464E-4785-B5DA-0D96318E64A1', N'INVEST_BOND_REPACKS', N'I225BFKO'),
(N'741A9FE2-A192-45E9-BFD2-FF1E310C9DA8', N'INVEST_BOND_REPACKS', N'I227BFKO'),
(N'B860363B-BCDC-4B87-B144-20166D7FE33D', N'INVEST_BOND_REPACKS', N'I261UCB'),
(N'D3BD256F-693D-4990-9C77-4D7BFB7EDEBC', N'INVEST_BOND_REPACKS', N'I262OAS'),
(N'C659AABD-9415-458F-BC8F-A084FAA7E3AE', N'INVEST_BOND_REPACKS', N'I263OAS'),
(N'CD6DBB38-8E83-42D4-A4E2-DC76AE00E0C3', N'INVEST_BOND_REPACKS', N'I266RaifPrivate'),
(N'3FD7DFCD-7862-470C-AF44-3FD76A4995CF', N'INVEST_BOND_REPACKS', N'I267RaifPrivate'),
(N'D0A9EF8A-48B3-493A-AD02-23862AA47578', N'INVEST_BOND_REPACKS', N'I282BFKO'),
(N'10CB1D18-09F5-429C-9BEC-66611E340A18', N'INVEST_BOND_REPACKS', N'I282BFKOP'),
(N'9FB2CDF5-23A6-4EBF-8DD5-7575BA01CEEB', N'INVEST_BOND_REPACKS', N'I283BFKO'),
(N'BCC758DB-DEDA-407B-B350-CA0169BC9A7C', N'INVEST_BOND_REPACKS', N'I284BFKO'),
(N'EC7A464E-49BB-4258-AB69-7D7A42CF55C5', N'INVEST_BOND_REPACKS', N'I284OAS'),
(N'C220DF72-A1FB-4C6C-AD8E-D852883E1D06', N'INVEST_BOND_REPACKS', N'I285BFKO'),
(N'FD424FBD-6E27-4061-A486-3BEBFD789619', N'INVEST_BOND_REPACKS', N'I289BFKO'),
(N'1F467D58-9BE0-4CAF-BB9C-5D481557A60C', N'INVEST_BOND_REPACKS', N'I290BFKO'),
(N'7C951CDA-81DF-47C7-806F-3D39B9F6070B', N'INVEST_BOND_REPACKS', N'I291RaifPrivate'),
(N'4C04CC62-A98A-4228-A129-E665AB0F4832', N'INVEST_BOND_REPACKS', N'I291UCB'),
(N'A83E5098-F57D-4724-B45E-F5793668F11F', N'INVEST_BOND_REPACKS', N'I291Rosbank'),
(N'E07D9DFF-1EBC-4DFC-96ED-949A3E498AEB', N'INVEST_BOND_REPACKS', N'I291UCBPrivate'),
(N'B75BA65F-F83B-4F13-AE34-941E925D8996', N'INVEST_BOND_REPACKS', N'I291BFKO'),
(N'11F5A358-2342-4372-80E5-14ED49F238AD', N'INVEST_BOND_REPACKS', N'I291OAS'),
(N'2EA11520-94D6-4956-A17D-A64E63994A4A', N'INVEST_BOND_REPACKS', N'I291BFKOP'),
(N'F371A59C-8857-4496-82C7-B50D01E93E77', N'INVEST_BOND_REPACKS', N'I291PSBPrivate'),
(N'130C51F1-CBA0-4DDD-863F-D20889C74CBF', N'INVEST_BOND_REPACKS', N'I291OTP'),
(N'A111D64D-70B0-4F20-8D65-AC4F3A55B0CF', N'INVEST_BOND_REPACKS', N'I291FinserviceBank'),
(N'21FB835D-629B-4395-9769-DEE95CF1B8D0', N'INVEST_BOND_REPACKS', N'I291Raif'),
(N'A645AADF-DEAB-46EE-9939-93DA3FE0296A', N'INVEST_BOND_REPACKS', N'I291AbsolutPriv'),
(N'FDC805C7-5926-4E03-8336-FEE142D815D2', N'INVEST_BOND_REPACKS', N'I291SvcP'),
(N'76D22507-A65E-4944-8154-5886F04E3720', N'INVEST_BOND_REPACKS', N'I292BFKOP'),
(N'BC441EFC-39C6-4EF9-983B-F2E941D751BC', N'INVEST_BOND_REPACKS', N'I293BFKOP'),
(N'78B544B5-0139-499B-AE50-6B276335519E', N'INVEST_BOND_REPACKS', N'I295BFKOP'),
(N'4F4B074C-E220-4E05-B9E8-417414DF5F0B', N'INVEST_BOND_REPACKS', N'I299RGSBank'),
(N'1C514538-BB70-4883-B054-904C6F9FAFDC', N'INVEST_BOND_REPACKS', N'I300RGSBank'),
(N'713B2ABC-2E3E-4B41-97F5-0BEAD8460D64', N'INVEST_BOND_REPACKS', N'I301RGSBank'),
(N'EF2D1E96-9044-4EBE-A862-2E02C8BEB257', N'INVEST_BOND_REPACKS', N'I302RGSBank'),
(N'658A854C-686B-481B-8875-1B15F2FF543D', N'INVEST_BOND_REPACKS', N'I303RGSBank'),
(N'EF189126-8A3C-4FDA-A929-111405649B26', N'INVEST_BOND_REPACKS', N'I305BFKOP'),
(N'C3B2ACDB-CFDA-4EA3-97F8-4E67F976B6B3', N'INVEST_BOND_REPACKS', N'I306BFKOP'),
(N'DAA3FEF7-2A58-4F9B-A763-614CF00416BE', N'INVEST_BOND_REPACKS', N'I308UCB'),
(N'599A6A77-3B8A-4B45-8749-AC6F1ADB2BA0', N'INVEST_BOND_REPACKS', N'I308Rosbank'),
(N'A47117AE-C20D-4EDD-AB61-D66DDE401B0A', N'INVEST_BOND_REPACKS', N'I308BFKO'),
(N'247AC187-A6F9-4E65-8D3A-030289AB25B9', N'INVEST_BOND_REPACKS', N'I308BFKOP'),
(N'567ABAAB-1135-4DAE-88E4-C42E6F75E486', N'INVEST_BOND_REPACKS', N'I309RaifPrivate'),
(N'D59EAA88-3997-4F8B-B319-56E9B366E99B', N'INVEST_BOND_REPACKS', N'I309UCB'),
(N'D569618E-C983-46CA-A8BD-428272894E7B', N'INVEST_BOND_REPACKS', N'I309Rosbank'),
(N'8479F972-86A7-41AD-A17A-EB4160770E10', N'INVEST_BOND_REPACKS', N'I309UCBPrivate'),
(N'81539F26-4630-4111-AFE3-EF6999A1F60F', N'INVEST_BOND_REPACKS', N'I309BFKOP'),
(N'C7902A21-6F68-492D-989A-36823CF05376', N'INVEST_BOND_REPACKS', N'I309PSB'),
(N'4945CAB6-9153-44E3-8D32-7D2AE43CDCA2', N'INVEST_BOND_REPACKS', N'I312RaifPrivate'),
(N'B4477990-36AE-4A48-B9D9-EC4D4E0B6C16', N'INVEST_BOND_REPACKS', N'I312UCB'),
(N'939B754E-450F-4D75-83C0-BFB5DFBE06A1', N'INVEST_BOND_REPACKS', N'I312Rosbank'),
(N'19EFFB4D-6639-4D19-9C3B-0167606F0D51', N'INVEST_BOND_REPACKS', N'I312UCBPrivate'),
(N'3F0CC56D-CC53-4385-A7BE-40F5088EF5EE', N'INVEST_BOND_REPACKS', N'I312BFKO'),
(N'E35796A3-190C-4952-85CA-F130E381A4C0', N'INVEST_BOND_REPACKS', N'I312OAS'),
(N'205F8187-8ECE-471E-A484-59F38541321E', N'INVEST_BOND_REPACKS', N'I312BFKOP'),
(N'7E6D9D11-4BC5-4E18-9DA2-3909E2228B4B', N'INVEST_BOND_REPACKS', N'I312PSBPrivate'),
(N'14A8802C-E030-43E6-AE1C-F7BC79668AD7', N'INVEST_BOND_REPACKS', N'I313BFKO'),
(N'B5E45B72-53E1-4B55-AA62-B2951F16E3F2', N'INVEST_BOND_REPACKS', N'I324BFKO'),
(N'FBCD2899-8002-486E-83B3-B24AC5FDCD55', N'INVEST_BOND_REPACKS', N'I325BFKO'),
(N'363889E5-444E-492F-BB1F-20B3A1F95214', N'INVEST_BOND_REPACKS', N'I326BFKOP'),
(N'76A81898-8523-4B2B-8181-E9F766BF0D8F', N'INVEST_BOND_REPACKS', N'I326IPHalenko'),
(N'55F2849D-F56F-4ADF-82E2-34B2C7FB392C', N'INVEST_BOND_REPACKS', N'I327BFKO'),
(N'58488808-F6E6-4E05-874E-C22CC42AF90F', N'INVEST_BOND_REPACKS', N'I327BFKOP'),
(N'8DDC4BF6-108E-4D50-8008-D7F18A7551BE', N'INVEST_BOND_REPACKS', N'I327PSBPrivate'),
(N'93D6E8BA-E203-4984-9570-86BBE5536005', N'INVEST_BOND_REPACKS', N'I327ATBbank'),
(N'F1D45B0C-FB4D-4CD8-B85D-F43BFAB1A146', N'INVEST_BOND_REPACKS', N'I327RaifPrivate'),
(N'2D3C8964-D4BA-4F8C-AADF-C6AAB6CE19B0', N'INVEST_BOND_REPACKS', N'I327AbsolutPriv'),
(N'EE5A14A6-1BB9-4910-A98B-49119FA48EE3', N'INVEST_BOND_REPACKS', N'I328BFKO'),
(N'F8E93962-B4C6-478E-BB19-3D01AD85EDCA', N'INVEST_BOND_REPACKS', N'I328BFKOP'),
(N'C9DE539D-CF93-4FC4-A3F0-57F8058C6834', N'INVEST_BOND_REPACKS', N'I331BFKO'),
(N'4745BEEE-2E85-4952-B3EF-EAC61896C14C', N'INVEST_BOND_REPACKS', N'I331OAS'),
(N'2553725B-CB87-464E-9705-C4C6894B4942', N'INVEST_BOND_REPACKS', N'I331BFKOP'),
(N'9573CACE-3505-4C9D-AF01-17AB91049268', N'INVEST_BOND_REPACKS', N'I332BFKO'),
(N'6B7FE473-BA10-437C-A0B8-B15CE2CE1C2F', N'INVEST_BOND_REPACKS', N'I333BFKO'),
(N'51D1B1CE-8DA2-4E66-BACD-1EAA24488C36', N'INVEST_BOND_REPACKS', N'I334OAS'),
(N'85484FB0-2600-451D-B010-4D157872E604', N'INVEST_BOND_REPACKS', N'I335OAS'),
(N'A03BD519-A95E-4C19-B9C2-EC468D790687', N'INVEST_BOND_REPACKS', N'I336OAS'),
(N'E10474DA-F486-4568-A75F-CBA1A9583396', N'INVEST_BOND_REPACKS', N'I337BFKO'),
(N'9209B0CF-AD49-4BE9-9768-9503BBF4B6F3', N'INVEST_BOND_REPACKS', N'I338PSB'),
(N'61063D1E-538C-4201-9F80-F02672AACF5B', N'INVEST_BOND_REPACKS', N'I340RGSBank'),
(N'833626EF-027D-4DD3-89AD-E30064CC39EB', N'INVEST_BOND_REPACKS', N'I341RGSBank'),
(N'FA24F0AA-10D2-47C2-AC0C-9AC1F60BC64E', N'INVEST_BOND_REPACKS', N'I343RGSBank'),
(N'84C8846F-CDCF-4409-B14D-021DE7B19E2A', N'INVEST_BOND_REPACKS', N'I344RGSBank'),
(N'205C86DB-DDB1-4DED-8887-4C3B562745A3', N'INVEST_BOND_REPACKS', N'I345BFKO'),
(N'31FFDCB0-5578-42E7-96C3-376E4084FDA2', N'INVEST_BOND_REPACKS', N'I346BFKO'),
(N'D8D9FCAC-82B1-47CF-B6F3-3955807877C0', N'INVEST_BOND_REPACKS', N'I346BFKOP'),
(N'7FBC9853-65E9-4BF7-8791-2049C29C9337', N'INVEST_BOND_REPACKS', N'I348BFKO'),
(N'64BEE761-C413-481B-AEDC-DD1D85E5928C', N'INVEST_BOND_REPACKS', N'I349BFKO'),
(N'F9CD157F-15AD-4FB1-B5E1-00D2139C4290', N'INVEST_BOND_REPACKS', N'I349BFKOP'),
(N'D14F69BA-5D92-49B8-9CF3-9E2B5DCD67AF', N'INVEST_BOND_REPACKS', N'I350BFKO'),
(N'A0CA1262-6B58-422D-B2E8-41833B83772E', N'INVEST_BOND_REPACKS', N'I361BFKOP'),
(N'E53034F4-05E3-46B4-82BC-C0A9E08A3DE5', N'INVEST_BOND_REPACKS', N'I362OAS'),
(N'F05535FD-641D-487B-93A5-B4FECD7C8234', N'INVEST_BOND_REPACKS', N'I364RGSBank'),
(N'4E564B24-4C1F-45B7-A600-DD23F40F3F51', N'INVEST_BOND_REPACKS', N'I365RGSBank'),
(N'8BC53B69-A1F8-445D-AD2C-FBECF1255C89', N'INVEST_BOND_REPACKS', N'I366RGSBank'),
(N'1C877341-3D37-4C50-9B1B-1A2A5AB9A606', N'INVEST_BOND_REPACKS', N'I367RGSBank'),
(N'236B0CE1-0130-41B7-9B8E-8BA503B2C881', N'INVEST_BOND_REPACKS', N'I368RGSBank'),
(N'A32D695A-EF5A-45EA-82B2-D0E88FF7E14A', N'INVEST_BOND_REPACKS', N'I369BFKO'),
(N'05B40406-D652-4FCD-A1B7-6F8FE4238D9E', N'INVEST_BOND_REPACKS', N'I370BFKO'),
(N'18A54040-8838-4B83-B2F8-2E10599F4C24', N'INVEST_BOND_REPACKS', N'I371BFKOP'),
(N'8C162855-485B-4B79-840B-5A4C85F2FB9B', N'INVEST_BOND_REPACKS', N'I372BFKOP'),
(N'95F09978-47B8-48DA-83EC-FF74A945CF32', N'INVEST_BOND_REPACKS', N'I380BFKO'),
(N'0C6F545F-832A-41B6-B406-7395BF6116BA', N'INVEST_BOND_REPACKS', N'I382BFKOP'),
(N'396F9BAF-DCB1-460F-8F03-88F7FFC69812', N'INVEST_BOND_REPACKS', N'I383BFKOP'),
(N'E237129F-EEC1-4803-911F-3CD0E693B4C9', N'INVEST_BOND_REPACKS', N'I389BFKO'),
(N'25E55F74-CD55-4F5C-9F1C-2A8535B95EBD', N'INVEST_BOND_REPACKS', N'I392BFKOP'),
(N'D0715FFF-6331-4018-9121-7239D087B114', N'INVEST_BOND_REPACKS', N'I393OAS'),
(N'46B254B7-1CBC-40C9-B8CC-6D5B21894742', N'INVEST_BOND_REPACKS', N'I394OAS'),
(N'1465ACC3-5CC8-4D89-8C43-71D130DA3E42', N'INVEST_BOND_REPACKS', N'I395OAS'),
(N'1EB6F68F-45DC-42F1-AFF2-2FFDEAA8B40E', N'INVEST_BOND_REPACKS', N'I421BFKOP'),
(N'727EA2B8-5459-4E54-A3BE-A5E310BA3C92', N'INVEST_BOND_REPACKS', N'I466RGSBank'),
(N'7D7F5BF9-26C8-4F6C-B304-77ABC39C36B7', N'INVEST_BOND_REPACKS', N'I467RaifPrivate'),
(N'B4399609-9FC9-4FCE-8F74-40313546916B', N'INVEST_BOND_REPACKS', N'I486RaifPrivate'),
(N'08D90C29-DFC1-4FBE-819D-D0C5233F4AAD', N'INVEST_BOND_REPACKS', N'I486Rosbank'),
(N'888541B5-5148-4A52-95A2-296E19B5DAAE', N'INVEST_BOND_REPACKS', N'I486UCBPrivate'),
(N'0A2F7A72-6B60-458C-B319-8F608B098CBF', N'INVEST_BOND_REPACKS', N'I486Zenit'),
(N'F5D445AA-E6BE-47A0-B2CA-ED49FAAD5972', N'INVEST_BOND_REPACKS', N'I486BFKOP'),
(N'D3D13933-17DC-47D6-BC63-F607978113E9', N'INVEST_BOND_REPACKS', N'I487Rosbank'),
(N'FDA072D6-BCC5-4306-9802-8D9366ACDC30', N'INVEST_BOND_REPACKS', N'I487UCBPrivate'),
(N'5B925739-735C-42B4-BFF3-9E9966C6FC2D', N'INVEST_BOND_REPACKS', N'I487Zenit'),
(N'8A6573D4-4EF5-46A9-90EE-E9BD1D1FE554', N'INVEST_BOND_REPACKS', N'I488RaifPrivate'),
(N'35BFBF59-146F-41BF-B131-CFF9C09116CF', N'INVEST_BOND_REPACKS', N'I488Rosbank'),
(N'2FF4FAA8-6E0A-4D13-ABA9-B13C6E67CABD', N'INVEST_BOND_REPACKS', N'I488BFKOP'),
(N'67BCC077-FFBB-445E-8AA0-FD27C948C06A', N'INVEST_BOND_REPACKS', N'I488SvcP'),
(N'6A6B0CC3-2B22-4FE8-89E0-0B71C8C77028', N'INVEST_BOND_REPACKS', N'I489Rosbank'),
(N'45ECCFDC-AE04-48AF-A8E8-DB2EEAB4D0DA', N'INVEST_BOND_REPACKS', N'I489UCBPrivate'),
(N'9B5265A9-E73D-4600-BDD4-AE47DF1A8C2C', N'INVEST_BOND_REPACKS', N'I489BFKOP'),
(N'58AEEE45-4D67-49A3-BB3A-FD8D2F864B5C', N'INVEST_BOND_REPACKS', N'I489BFKO'),
(N'E151F375-1CE6-4DD7-A23A-71A90594674E', N'INVEST_BOND_REPACKS', N'I489OAS'),
(N'E436BFED-8AFF-4B86-A34E-9CAB773F8B6A', N'INVEST_BOND_REPACKS', N'I489SvcP'),
(N'1735B43D-AB71-40C6-922B-97B13E4D781B', N'INVEST_BOND_REPACKS', N'I522RGSBank'),
(N'A0CC2DBA-F2CA-4B47-9A6A-9D398AD644BB', N'INVEST_BOND_REPACKS', N'I525UCB'),
(N'D36421EC-0F90-40DA-A991-59FE05986664', N'INVEST_BOND_REPACKS', N'I525Rosbank'),
(N'80CC4ADE-2C89-423D-A215-2E0C307F5FA9', N'INVEST_BOND_REPACKS', N'I525Zenit'),
(N'BAB0B1AD-6F7A-4324-A6C2-1CA91C6123FD', N'INVEST_BOND_REPACKS', N'I525UCBPrivate'),
(N'7526679A-E7BF-460A-BA5F-C27FE026DDA0', N'INVEST_BOND_REPACKS', N'I525AbsolutPriv'),
(N'3D821872-5500-4FA8-9F83-2F26BB0546F9', N'INVEST_BOND_REPACKS', N'I589RGSBank'),
(N'9629857D-7AEE-4752-81FE-323FF7F91998', N'INVEST_BOND_REPACKS', N'I590RGSBank'),
(N'DB78F7B1-0E09-489E-9553-6B153C13A100', N'INVEST_BOND_REPACKS', N'I619Rosbank'),
(N'44B9F72C-75EE-4AA6-B18D-6AE5C85BB071', N'INVEST_BOND_REPACKS', N'I619Zenit'),
(N'80DB4B37-A76C-44CF-87FB-9717225B1BE0', N'INVEST_BOND_REPACKS', N'I619UCBPrivate'),
(N'64A421CE-3521-4E32-9115-F338FB571A04', N'INVEST_BOND_REPACKS', N'I619BFKOP'),
(N'8F0369A4-E0D3-4649-B286-3047623D1113', N'INVEST_BOND_REPACKS', N'I619Sinergiya'),
(N'F3FD9430-8A8B-4AA1-9F10-56E97D9B5924', N'INVEST_BOND_REPACKS', N'I663BFKOP'),
(N'49AB0752-277F-4455-996B-3BADA884F5B9', N'INVEST_BOND_REPACKS', N'I664BFKOP'),
(N'89408EF7-24ED-4410-A2AB-E3C367A11F8A', N'INVEST_BOND_REPACKS', N'I664PSB'),
(N'60959030-292A-482E-B7D9-A8E9F09DC3B8', N'INVEST_BOND_REPACKS', N'I665BFKOP'),
(N'8BA15E80-7A62-463E-8958-635E676CA472', N'INVEST_BOND_REPACKS', N'I665Sinergiya'),
(N'863E6218-A77C-4658-B3B9-5B981DDA1A8B', N'INVEST_BOND_REPACKS', N'I665SvcP'),
(N'D2D7B5DA-7133-451E-A418-4929496DB47D', N'INVEST_BOND_REPACKS', N'I666BFKO'),
(N'1ABE8B23-25DC-4EB4-AAAE-0B2F4B58B607', N'INVEST_BOND_REPACKS', N'I666OAS'),
(N'7E1AF1B2-A12D-4391-B327-DE5AC7C12C6A', N'INVEST_BOND_REPACKS', N'I667BFKO'),
(N'19277823-E1FD-4032-9537-3EB039DE13FE', N'INVEST_BOND_REPACKS', N'I667OAS'),
(N'738ECD78-B389-4215-86C5-9C9BE77D04E5', N'INVEST_BOND_REPACKS', N'I713BFKOP'),
(N'2C0E50CC-D473-4247-B5AE-0B2B175AEDCA', N'INVEST_BOND_REPACKS', N'I713SvcP'),
(N'44665161-2A44-4D3F-BED5-2F0751E50EAA', N'INVEST_BOND_REPACKS', N'I716BFKOP'),
(N'78E49D4F-E268-4DBC-BBAE-48208EDE656F', N'INVEST_BOND_REPACKS', N'I648SAS'),
(N'588242B9-711E-49CC-B297-56B0ADB36D49', N'INVEST_BOND_REPACKS', N'I652SAS'),
(N'2A13AA8C-8FFC-4749-8F2A-26BB2709D843', N'INVEST_BOND_REPACKS', N'I663Zenit'),
(N'457D1E79-492A-4178-A8B1-DB680C13E0E9', N'INVEST_BOND_REPACKS', N'I663PSBPrivate'),
(N'46F298D3-B478-40B1-A595-842EF5E522AA', N'INVEST_BOND_REPACKS', N'I663PFAConsulting'),
(N'CC3C556C-C737-4E31-90C3-B962AB6379E7', N'INVEST_BOND_REPACKS', N'I666SAS'),
(N'AD59D52B-0560-4652-9FEB-8F66F9E80143', N'INVEST_BOND_REPACKS', N'I709SAS'),
(N'8535F4A9-1B1F-4DB8-B306-ADD7358ED8F4', N'INVEST_BOND_REPACKS', N'I711PSB'),
(N'077EEF30-6A56-486E-85C9-C25F530990B9', N'INVEST_BOND_REPACKS', N'I721BFKOP'),
(N'95606413-B9D5-4B8F-98BF-E3159D2F7AB9', N'INVEST_BOND_REPACKS', N'I726OAS'),
(N'4B0E35DD-B996-4774-8CDD-2DB78C742FF7', N'INVEST_BOND_REPACKS', N'I726BFKOP'),
(N'5D140EBC-2417-4989-9AB7-0A9C6B7F2FEB', N'INVEST_BOND_REPACKS', N'I728Zenit'),
(N'F782CB95-386D-41F2-ADB3-C7C3239104F2', N'INVEST_BOND_REPACKS', N'I732BFKOP'),
(N'87C833A4-251A-4D17-B0BA-C6A595CEB320', N'INVEST_BOND_REPACKS', N'I736BFKOP'),
(N'3D2097E9-48C2-44CD-A99F-B4E3AFEF6841', N'INVEST_BOND_REPACKS', N'I418CUP'),
(N'FC788036-6BBE-469D-8272-752355FD1468', N'INVEST_BOND_REPACKS', N'I500PrimSocBank'),
(N'9E574F7F-7BCE-474F-8D17-191591D58452', N'INVEST_BOND_REPACKS', N'I561SAS'),
(N'757F5C26-C27E-4AF3-AEF7-C43D8592E834', N'INVEST_BOND_REPACKS', N'I614SAS'),
(N'D105FA9B-D865-4901-AFF0-525C207B8B20', N'INVEST_BOND_REPACKS', N'I420Rosbank'),
(N'2AC2B25F-EE12-4F07-BAA9-D6BAC8188821', N'INVEST_BOND_REPACKS', N'I420Zenit'),
(N'D20EB17B-307F-4630-9C27-9A6683CADDF9', N'INVEST_BOND_REPACKS', N'I420UCBPrivate'),
(N'2B3686DF-227E-416F-A2B5-A7EBB9D95DDF', N'INVEST_BOND_REPACKS', N'I420BFKOP'),
(N'7D3D9320-965F-4C2E-8958-9DDAAB3A0E76', N'INVEST_BOND_REPACKS', N'I480Rosbank'),
(N'BCCC0A34-76BF-40D9-84D1-42A9491416C4', N'INVEST_BOND_REPACKS', N'I480Zenit'),
(N'8076D6B4-85D3-4AD0-9CD9-3BFBC6813AD0', N'INVEST_BOND_REPACKS', N'I480BFKOP'),
(N'B6456E8E-344D-4B08-9989-EB323D0B6D84', N'INVEST_BOND_REPACKS', N'I480SvcP'),
(N'031B70A9-E7C3-4CA4-98DE-1610B4270E7E', N'INVEST_BOND_REPACKS', N'NOTEV2BFKO'),
(N'CC9B48C2-008B-458E-8A9E-312B2F83FA79', N'INVEST_BOND_REPACKS', N'NOTEV3BFKO'),
(N'FB8576C8-8372-4B1F-9FDA-30A45CA7C51B', N'INVEST_BOND_REPACKS', N'IBG5BFKO2'),
(N'5CC67435-F3D3-421C-BB23-82ACD3FD7090', N'INVEST_BOND_REPACKS', N'IDGV2SOVKOM'),
(N'90623994-FB47-4CDE-A5C9-373E4DA9E52C', N'INVEST_BOND_REPACKS', N'IDGV3SOVKOM'),
(N'071CE771-943C-41DE-886C-06D975205809', N'INVEST_BOND_REPACKS', N'IDGV5SOVKOM'),
(N'52045919-73EC-462C-BC7E-4825988B62CA', N'INVEST_BOND_REPACKS', N'IDGV3PPSOVKOM'),
(N'012A61AC-7BA7-4108-84F9-5E29BEB347FA', N'INVEST_BOND_REPACKS', N'IDGV5PPSOVKOM'),
(N'758EB41F-EB1C-4EFB-AFFB-EDD9B145B2B9', N'INVEST_BOND_REPACKS', N'I496BFKOP'),
(N'498832DB-3F7C-43B9-A285-77091FA57FF9', N'INVEST_BOND_REPACKS', N'I500SAS'),
(N'3D627766-D406-47AE-9A72-598438A06931', N'INVEST_BOND_REPACKS', N'I501SAS'),
(N'F668B5E7-0A0A-4289-98AB-EA208D48EA39', N'INVEST_BOND_REPACKS', N'I334SAS'),
(N'A9AB6EC6-34B4-4EDB-B50D-53D73FE30969', N'INVEST_BOND_REPACKS', N'I544BFKOP'),
(N'514D914A-E0D0-4AD2-93E1-13EDD8779C16', N'INVEST_BOND_REPACKS', N'I194SAS'),
(N'C0F3C79E-6C65-4D74-A2C7-066DC5EADD75', N'INVEST_BOND_REPACKS', N'I512BFKOP'),
(N'CBDD9CD6-526A-41B2-9C52-BB0BF35C3AD9', N'INVEST_BOND_REPACKS', N'I262SAS'),
(N'DF1C7D0A-FBC2-4785-B027-C71F053E1781', N'INVEST_BOND_REPACKS', N'I369BFKOP'),
(N'51199262-D38D-49FF-B948-16AE897F7114', N'INVEST_BOND_REPACKS', N'I499SAS'),
(N'4D87A779-C570-4A21-AE22-361A2AB65FDC', N'INVEST_BOND_REPACKS', N'I386BFKOP'),
(N'DD3616DB-DE34-41D8-BEE5-C6A80FB48E65', N'INVEST_BOND_REPACKS', N'I562SAS'),
(N'77904994-1F30-405F-893B-D7532288C217', N'INVEST_BOND_REPACKS', N'I444PrimSocBank'),
(N'9EA308CF-9E87-4174-A97F-318B7BED69BD', N'INVEST_BOND_REPACKS', N'I335SAS'),
(N'4948536C-BE08-437E-AE72-897191CFE254', N'INVEST_BOND_REPACKS', N'I562BFKOP'),
(N'041BBEE9-19F2-49AC-B801-54AC954ECB9D', N'INVEST_BOND_REPACKS', N'I557BFKOP'),
(N'CAEBD92F-85FF-4538-9579-95B7D5663BC0', N'INVEST_BOND_REPACKS', N'I504CUP'),
(N'FE8D6E0A-61C5-472B-A96C-E915D1D10772', N'INVEST_BOND_REPACKS', N'I445PrimSocBank'),
(N'AC46DD50-EF3D-4506-B4A5-9359184BE2B4', N'INVEST_BOND_REPACKS', N'I393SAS'),
(N'8195DCA7-2133-47F5-BA47-7425D727FBF6', N'INVEST_BOND_REPACKS', N'I394SAS'),
(N'EA12E540-4E60-4437-9CC4-49248304BD76', N'INVEST_BOND_REPACKS', N'I437PrimSocBank'),
(N'BFE81815-FEEB-4814-A1D7-35922A6E4D68', N'INVEST_BOND_REPACKS', N'I596UCBPrivate'),
(N'D835E5B7-C84A-4626-9D2C-970437CE163E', N'INVEST_BOND_REPACKS', N'I336SAS'),
(N'0EE14927-2C03-4952-8FD9-0012074459CD', N'INVEST_BOND_REPACKS', N'IBA3SMP'),
(N'DDF6D912-A15E-4957-92DC-0D5498EF0112', N'INVEST_BOND_REPACKS', N'IBA5SMP'),
(N'BBD8F3F9-DA2B-4573-BC21-D277A7EC387A', N'INVEST_BOND_REPACKS', N'I525BFKOP'),
(N'57254FCF-F637-4774-AA83-088D7112E5E2', N'INVEST_BOND_REPACKS', N'I619PFAConsulting'),
(N'BDCCCFD5-E5CB-4297-AB1E-C893CEB1A451', N'INVEST_BOND_REPACKS', N'I198SAS'),
(N'09A3111B-597C-4632-BD6E-F88C9970E33B', N'INVEST_BOND_REPACKS', N'I207SAS'),
(N'0ED3FE5A-B8F5-4032-9B8F-C5C33CE4CE66', N'INVEST_BOND_REPACKS', N'I210SvyazBank'),
(N'62631951-8E84-4EC4-B235-0E98EA4CB31F', N'INVEST_BOND_REPACKS', N'I326SAS'),
(N'B6E8BD40-6EA4-4B13-9169-E0EAA9A1CD5E', N'INVEST_BOND_REPACKS', N'I334MSB'),
(N'2B7E1964-68E5-4563-BB32-F7DA8392AF3B', N'INVEST_BOND_REPACKS', N'I335MSB'),
(N'589A14B3-9B2C-4B39-813F-B51A2F1CDA3F', N'INVEST_BOND_REPACKS', N'I338SvyazBank'),
(N'AC06253E-650E-4FCF-8789-15E589B68B3F', N'INVEST_BOND_REPACKS', N'I395SAS'),
(N'72CEE1A0-F9D4-4434-A2C8-C3BD577C30BC', N'INVEST_BOND_REPACKS', N'I561DRGSL'),
(N'B3A7BA73-4101-4821-A4C3-B9F5E7ABCD61', N'INVEST_BOND_REPACKS', N'I666DRGSL'),
(N'EB93F721-9BBF-4E3D-9667-D3D486600225', N'INVEST_BOND_REPACKS', N'I648DRGSL'),
(N'9C5526D2-66C9-45D3-BBB0-FD404F7A2DE4', N'INVEST_BOND_REPACKS', N'I652DRGSL'),
(N'E2A57C34-8E0F-4C08-AF84-21128FEFF471', N'INVEST_BOND_REPACKS', N'I709DRGSL'),
(N'ECC2974C-8F7E-4D05-B74A-7868165690C7', N'INVEST_BOND_REPACKS', N'I194Tatian'),
(N'24E7BB1C-042C-4D04-8D7F-6B8F9858BF8E', N'INVEST_BOND_REPACKS', N'I262Apacheva'),
(N'44995386-3F5C-4041-92FB-79A9B2443C19', N'INVEST_BOND_REPACKS', N'I262Vahitova'),
(N'85C99B1B-9448-48E4-99F5-4D658B4858E7', N'INVEST_BOND_REPACKS', N'I194Tatarskaya'),
(N'61C90AE7-4790-43DD-A779-5126E60C6389', N'INVEST_BOND_REPACKS', N'I394Burova'),
(N'AEDCE095-7F63-49A1-BB56-EF9E58A1D285', N'INVEST_BOND_REPACKS', N'I262Chizhikova'),
(N'8BF1BBFD-18D6-47B7-B760-F1897A68E6E4', N'INVEST_BOND_REPACKS', N'I194Chizhikova'),
(N'7DD2BA46-A874-4EEE-B601-FE0143BA29BC', N'INVEST_BOND_REPACKS', N'I665PSB'),
(N'A734AC3C-66C7-4303-9259-26A789E05D0B', N'INVEST_BOND_REPACKS', N'I664SvcP'),
(N'381F2711-59FF-4932-BD8B-D7ED1E31814C', N'INVEST_BOND_REPACKS', N'I726Rosbank'),
(N'C9132833-C4B5-48C6-B4D7-D44590C474D8', N'INVEST_BOND_REPACKS', N'I665Svc'),
(N'3D494D95-43BC-40E6-A73D-A8DA11DF265B', N'INVEST_BOND_REPACKS', N'I665BFKO'),
(N'92AF6DA4-349A-4D94-ACB1-1190CC163366', N'INVEST_BOND_REPACKS', N'NOTE2BFKO'),
(N'C8938BF8-C233-4948-A273-7726047D1C83', N'INVEST_BOND_REPACKS', N'NOTE3BFKO'),
(N'5B3A7FE6-499D-49E7-92EE-2E2E50B29D6E', N'INVEST_BOND_REPACKS', N'IBG3BFKO2'),
(N'3D73AAEC-D1AE-4AA5-8627-C0ADCAF1B184', N'INVEST_BOND_REPACKS', N'IBA5REINVEST'),
(N'AE4F368C-A3BF-4385-92EC-6F30AAD3DEA2', N'INVEST_BOND_REPACKS', N'IBA3REINVEST'),
(N'DE198396-C000-4D7E-A022-693957F99CAE', N'INVEST_BOND_REPACKS', N'IDG1REINVEST'),
(N'9BFD8F98-BE39-4E29-9337-5B3D597AA8BA', N'INVEST_BOND_REPACKS', N'IDG3REINVEST'),
(N'46A3A08A-C2B3-4232-B5C8-CE75AF217BF6', N'INVEST_BOND_REPACKS', N'IDG5REINVEST'),
(N'7877CEA4-9992-474E-9867-311C47138F79', N'INVEST_BOND_REPACKS', N'NOTE1BFKO'),
(N'4D0088CA-A759-4E0C-B8D9-9C067E419FA4', N'INVEST_BOND_REPACKS', N'NOTE1BFKO3'),
(N'48F88C4B-A9B4-4FEB-9833-64CDC1E4F459', N'INVEST_BOND_REPACKS', N'IBI3BFKO17'),
(N'9D647BF6-E0FA-48C5-AFB8-31E7928BFE87', N'INVEST_BOND_REPACKS', N'IBI5BFKO17'),
(N'045E3467-24B6-4A3A-A4D3-07A15088E2D3', N'INVEST_BOND_REPACKS', N'IDGV2PPBFKO'),
(N'1F400BE6-51C9-421C-8DCA-282AA00687CD', N'INVEST_BOND_REPACKS', N'NOTE1BFKO4'),
(N'6BE86BB5-5C6A-4A1B-A8B6-0DDB7B9F44D1', N'INVEST_BOND_REPACKS', N'IDGV2VTB'),
(N'4AAC346A-5696-4D76-9731-80F2A691C34A', N'INVEST_BOND_REPACKS', N'IDGV3VTB'),
(N'A5D167F2-E60E-4F84-9D18-47B7DF87EBD2', N'INVEST_BOND_REPACKS', N'IDGV5VTB'),
(N'BC92C3F8-7638-42C3-B601-0622DAC0C52D', N'INVEST_BOND_REPACKS', N'IDGV2PPVTB'),
(N'652C649C-272A-487C-9008-1BCC69B0DE75', N'INVEST_BOND_REPACKS', N'IDGV3PPVTB'),
(N'CC090C02-FDD6-46B4-8844-B374094F6708', N'INVEST_BOND_REPACKS', N'IDGV5PPVTB'),
(N'F6648F70-E500-42E3-A0AA-AF9AA9D7F297', N'INVEST_BOND_REPACKS', N'IDGV1VTB'),
(N'5717DC24-5BCB-4DDC-B281-268CA69C7D0C', N'INVEST_BOND_REPACKS', N'IDGP2VTB'),
(N'06F92EA5-1B31-4C61-B781-A896DD433B59', N'INVEST_BOND_REPACKS', N'IDGP3VTB'),
(N'84BA159D-E440-401E-8C5F-8780E9923621', N'INVEST_BOND_REPACKS', N'IDGP5VTB'),
(N'473BEBA2-521C-4239-AB3B-866A07D8BA5A', N'INVEST_BOND_REPACKS', N'IDGP2PPVTB'),
(N'753F188A-DB30-46C8-979B-64ED906C63BE', N'INVEST_BOND_REPACKS', N'IDGP3PPVTB'),
(N'95528D28-B0AE-44BF-824F-69AF8F01BDAC', N'INVEST_BOND_REPACKS', N'IDGP5PPVTB'),
(N'57231A9D-DB34-4D79-8D93-4F74BBD6B77A', N'INVEST_BOND_REPACKS', N'I562RGSL'),
(N'6EBE3D24-6A2C-4B31-9D12-F1F361C7B8EA', N'INVEST_BOND_REPACKS', N'I758Rosbank'),
(N'F328486D-5676-4E54-B853-7CAEA557DD25', N'INVEST_BOND_REPACKS', N'I759Rosbank'),
(N'1AFAAA96-806F-43FF-B069-12B2ACEF8A40', N'INVEST_BOND_REPACKS', N'I760Rosbank'),
(N'542DD06D-5D9E-4791-A8E7-506ED27C3465', N'INVEST_BOND_REPACKS', N'I761Pashkova'),
(N'75939D97-CE3B-4E90-A839-24AF3A28A6F8', N'INVEST_BOND_REPACKS', N'I762Pashkova'),
(N'33C5CC57-B3AE-40A2-8E74-B7884FC89D1D', N'INVEST_BOND_REPACKS', N'I771InnResheniya'),
(N'036E9415-4F95-4510-8F88-75B35C68A081', N'INVEST_BOND_REPACKS', N'I779InnResheniya'),
(N'0F3E0BA4-1284-4E80-8F67-98DA37554AEB', N'INVEST_BOND_REPACKS', N'I619ZENITP'),
(N'DBF8BD76-208D-4A5D-894E-E93962A32EA5', N'INVEST_BOND_REPACKS', N'I291RaifA'),
(N'D961E141-2603-4E75-A4C7-DC73FEADAC62', N'INVEST_BOND_REPACKS', N'I665SvcR'),
(N'219A795D-36E8-4660-BC9B-5EF72AC37A2E', N'INVEST_BOND_REPACKS', N'I713SvcR'),
(N'62543403-FE21-48DF-9914-4CDAEB8F631D', N'INVEST_BOND_REPACKS', N'I451RGSBank'),
(N'2F5A26AF-C525-40F6-A3A9-66FBFB651BCA', N'INVEST_BOND_REPACKS', N'I731BFKOP'),
(N'7886B8C6-9911-42D8-946A-D49201CE0F5F', N'INVEST_BOND_REPACKS', N'I752BFKOP'),
(N'F37C2F43-74B6-4204-B428-88E0C68EB512', N'INVEST_BOND_REPACKS', N'I758BFKOP'),
(N'AD2198B9-9F29-464D-A951-45E70B8772C8', N'INVEST_BOND_REPACKS', N'I765BFKOP'),
(N'A2599FF8-6ED5-47E0-AE70-6F0966CCA8EC', N'INVEST_BOND_REPACKS', N'I768BFKOP'),
(N'AC89464D-7FF0-4C8F-8D97-35B609DCCD95', N'INVEST_BOND_REPACKS', N'I771BFKOP'),
(N'4FCEEE1B-B633-40F4-A02A-1BC47BEE7187', N'INVEST_BOND_REPACKS', N'I779BFKOP'),
(N'2A9A5BFE-7A25-4378-90CD-FAFD210929F6', N'INVEST_BOND_REPACKS', N'I785BFKOP'),
(N'7CF835ED-DA42-445D-9F18-42B8AA5FA039', N'INVEST_BOND_REPACKS', N'I776BFKO'),
(N'8A4D66F0-B9FA-4469-B825-FA5C14AF03D6', N'INVEST_BOND_REPACKS', N'IBI3ZENIT17'),
(N'D96D167A-D3A0-417A-AB41-C81AD571B53D', N'INVEST_BOND_REPACKS', N'IBI5ZENIT17'),
(N'D8C18B52-AFC9-4875-B2FF-B871E21C7E79', N'INVEST_BOND_REPACKS', N'I782BFKOP'),
(N'1E436DA1-1AFE-4A85-AD41-1D216A58B120', N'INVEST_BOND_REPACKS', N'I782InnResheniya'),
(N'26129451-467D-43EB-B701-011044D0A2CE', N'INVEST_BOND_REPACKS', N'I726InnResheniya'),
(N'3B3054BB-F9D3-4EC1-9E2A-6B2808E84368', N'INVEST_BOND_REPACKS', N'I736InnResheniya'),
(N'028A4714-29F8-4BDA-9C37-F92358034EAB', N'INVEST_BOND_REPACKS', N'I735VTBP'),
(N'B3583E9E-FAD3-4AC7-8EEB-823AEA363CD1', N'INVEST_BOND_REPACKS', N'I787BFKOP'),
(N'C4F7615E-9B61-4086-BA6A-D8E6FCF7E2E6', N'INVEST_BOND_REPACKS', N'I787InnResheniya'),
(N'A89D771D-9771-4ED3-A3E3-6CE9EE3A88D4', N'INVEST_BOND_REPACKS', N'IDGV4VTB'),
(N'16C27912-7425-4A4A-A442-37D0FE7F48B4', N'INVEST_BOND_REPACKS', N'IDGP4VTB'),
(N'9CDE3F6D-38F4-4889-95EC-8BEC1C0D4A43', N'INVEST_BOND_REPACKS', N'IDGV4PPVTB'),
(N'2F1F3490-7C46-483C-AEA3-9AF91A4BBF40', N'INVEST_BOND_REPACKS', N'IDGP4PPVTB'),
(N'211BCD67-18CA-41B4-A694-708990E8394E', N'INVEST_BOND_REPACKS', N'NOTEV1BFKO'),
(N'E6C21C49-C840-4070-8055-0E3D7D662C02', N'INVEST_BOND_REPACKS', N'I780VTBP'),
(N'25F1CDF8-3F0E-4C83-86A1-9024C5115737', N'INVEST_BOND_REPACKS', N'I793BFKOP'),
(N'F50E7E3E-4FBA-448C-A18E-04C2E59B60C5', N'INVEST_BOND_REPACKS', N'I793Rosbank'),
(N'270A21BC-2213-4E15-A275-E1429B1A0D74', N'INVEST_BOND_REPACKS', N'IDGV1ROSBANK'),
(N'78CFE2F4-1724-4848-AE5F-D443466415FE', N'INVEST_BOND_REPACKS', N'IDGV2ROSBANK'),
(N'D5D37B2F-BB0E-4482-A02E-C0615A6B8A7F', N'INVEST_BOND_REPACKS', N'IDGV3ROSBANK'),
(N'0BEB7935-B865-47A1-9677-4B6002D56DCF', N'INVEST_BOND_REPACKS', N'IDGV5ROSBANK'),
(N'F379D7AC-4B42-4800-9275-D02DF62293EE', N'INVEST_BOND_REPACKS', N'IDGV3PPROSBANK'),
(N'D1D419D5-24AA-4F6B-8F1F-AF2CD39DF8F2', N'INVEST_BOND_REPACKS', N'IDGV2PPROSBANK'),
(N'DCFB16F6-517E-4DB7-A1B1-275E2256D4B6', N'INVEST_BOND_REPACKS', N'IDGV5PPROSBANK'),
(N'E64371AB-0A43-476E-825A-8AD7B67772E2', N'INVEST_BOND_REPACKS', N'I665Rosbank'),
(N'AFC9E074-D8AF-4E9D-8028-5B25C21FB8B6', N'INVEST_BOND_REPACKS', N'I712PSB'),
(N'CA595075-1AF4-4DE8-9788-F1263A7451DF', N'INVEST_BOND_REPACKS', N'I815VTBP'),
(N'054FDE31-0127-44CE-B8CD-7F6CA05FBBE7', N'INVEST_BOND_REPACKS', N'I817InnResheniya'),
(N'112521CB-BF9A-4F37-B7AF-701BF1EB3024', N'INVEST_BOND_REPACKS', N'E619SvcP'),
(N'64A52716-3C70-497A-A86E-FD8F37E907B5', N'INVEST_BOND_REPACKS', N'E619InnResheniya'),
(N'76C40A5C-4C7A-42A9-BF17-CE1A915EE392', N'INVEST_BOND_REPACKS', N'E663VTBP'),
(N'D15ED0E8-BEC9-4384-8509-7D5C5584C8FE', N'INVEST_BOND_REPACKS', N'E663Pashkova'),
(N'0219F360-4403-46E9-AD97-4EF5AF70A126', N'INVEST_BOND_REPACKS', N'E664RGSL'),
(N'D7A67FBE-F487-4AC4-B8F5-D2F6AE5D379E', N'INVEST_BOND_REPACKS', N'E664BFKO'),
(N'FD71D678-9AE4-4C5C-80E3-D0686796E7A5', N'INVEST_BOND_REPACKS', N'E664OAS'),
(N'A973E63A-9805-4F2D-B78E-4D8666041887', N'INVEST_BOND_REPACKS', N'E664PFAConsulting'),
(N'54380FA4-72F0-4E0E-B250-DCBB4CE6720B', N'INVEST_BOND_REPACKS', N'E664InnResheniya'),
(N'4D8191E6-E7F3-47FF-9780-D7F98D6A09D8', N'INVEST_BOND_REPACKS', N'E665Zenit'),
(N'B36B9341-8870-4AA7-A12C-C84DA824F312', N'INVEST_BOND_REPACKS', N'E698RGSL'),
(N'3B2B4D33-5CF0-4CFE-AB91-A7A4AC10A1C4', N'INVEST_BOND_REPACKS', N'E709SMPbank'),
(N'3B4700DB-0B7A-4ADB-A0B9-AB2D9A5E69A8', N'INVEST_BOND_REPACKS', N'E713Rosbank'),
(N'9DC5C571-D16B-423E-886F-8E02BD80D5E5', N'INVEST_BOND_REPACKS', N'E665OAS'),
(N'3951E5B8-EC24-45F0-A107-41913D1578B2', N'INVEST_BOND_REPACKS', N'E721SvcP'),
(N'3D2B618C-A293-42F1-8948-4761B808A387', N'INVEST_BOND_REPACKS', N'E726VTBP'),
(N'64149F7A-A830-4EC5-A9C7-E4FD966E859A', N'INVEST_BOND_REPACKS', N'E726PFAConsulting')

-- 2.1. Описание группы рисков
INSERT INTO PAS_IMPL.CUMULATION_RISK_GROUP(CODE, CODE_DESCRIPTION)
VALUES
(N'DLPW', N'Смерть ЛП + Смерть ЛП ОУСВ'),
(N'DLPWNSTPDTP', N'Смерть ЛП + Смерть ЛП ОУСВ + Смерть НС + Смерть ТП + Смерть ДТП'),
(N'DNSVV', N'Смерть НС + Смерть НС ВВ'),
(N'TPDTP', N'Смерть ТП + Смерть ДТП'),
(N'DI', N'Инвалидность ЛП + Инвалидность ЛП ОУСВ + Инвалидность НС + Инвалидность НС ОУСВ + Инвалидность ЛП ВВ + Инвалидность НС ВВ'),
(N'INJ', N'Травма НС + Тяжелая травма'),
(N'CDH', N'КЗ лечение + КЗ лечение РФ + КЗ лечение весь мир')

-- 2.2. Связь группы рисков с кодами рисков
INSERT INTO PAS_IMPL.CUMULATION_RISK_GROUP_RELATION(ID, GROUP_CODE, RISK_CODE) 
VALUES 
--Смерть ЛП + Смерть ЛП ОУСВ
(N'4D1E716F-DE48-4DAC-8795-7FE4A28C078B', N'DLPW', N'DLP236904'),
(N'D12C192C-4182-4A2F-8F4C-F1780CC4A420', N'DLPW', N'DLP20600'),
(N'A767AE71-53BE-4B6C-ACB7-C11029E66E40', N'DLPW', N'DLP20700'),
(N'0BF5B11B-E19C-4553-B8F6-947E4A43AAA9', N'DLPW', N'DLP31102'),
(N'D2D7F8DF-E794-47DE-8E0C-E03E474BD99B', N'DLPW', N'DLP33302'),
(N'9FFECD89-042A-4311-A671-0DA15D6BD892', N'DLPW', N'DLPVV6536404'),
(N'83B04B65-E19D-4365-B534-80041650D3A3', N'DLPW', N'DLP36102'),
(N'5F788ECB-D981-4D81-8580-7A7CA0880DC7', N'DLPW', N'DLPVV36404'),
(N'4BED052B-6DFD-4EE4-AE9F-A0A49350F5B6', N'DLPW', N'DLP242204'),
(N'BF66A3B5-EE45-46C5-85A4-C189575E6330', N'DLPW', N'DLP231102'),
(N'184F0401-57C8-43FA-A28B-9F2DD025F089', N'DLPW', N'DLPVV7036404'),
(N'990294BA-F123-4C39-B077-00A26A45CD35', N'DLPW', N'DLPSS36102'),
(N'FE58ED40-86E8-49CE-B917-8FFF43BDE2EF', N'DLPW', N'DPVV36102'),
(N'677F7901-3AC3-47B2-99C0-84E4B2134CE0', N'DLPW', N'DLPDP56102'),
(N'13EB116E-97E9-49E9-BD46-145EC76852DF', N'DLPW', N'DLPT36404'),
(N'8BB789F8-DF6B-42D3-891E-68930A3FD4FF', N'DLPW', N'DLPTDP36404'),
(N'60C217AD-9517-4A41-8339-60CADCBD7404', N'DLPW', N'DLPVV46204'),
(N'975DB0AE-FAF9-4C1F-B1A7-83B3E6AF983D', N'DLPW', N'DLP36404'),
(N'7FCE9F85-CFAA-4AA8-939C-A627B56E8D08', N'DLPW', N'DLPDP36404'),
(N'4A941862-4429-45BB-A130-19ACDFF004E2', N'DLPW', N'DLPSS36404'),
(N'A0DBDFB9-489F-421E-ABA0-908A3E5A074E', N'DLPW', N'DLP46204'),
(N'C04DF50A-454A-440F-B643-92F255C95960', N'DLPW', N'DLPT33102'),
(N'F15CC47F-DA1C-4DA7-8A37-11F71F8DDF18', N'DLPW', N'DLPT33302'),
(N'C191EA43-4DA3-4FE9-BE25-492C647AD3C2', N'DLPW', N'DLPT36202'),
(N'E9FB4B86-A1E1-4DB8-9093-5BE2B691FED7', N'DLPW', N'DLPVV36904'),
(N'291CE2F5-23AF-41A6-A023-D44DDC0D0C58', N'DLPW', N'DLPVV31102'),
(N'5F02A634-66AE-41E7-8DC7-A6F798E5E459', N'DLPW', N'DLPVV33102'),
(N'0E49F0DD-5275-4664-A86B-5F12556EA4DD', N'DLPW', N'DLPW33102'),
(N'63330D37-58DE-403B-BC11-98896CCA59BB', N'DLPW', N'DLPW36102'),
(N'841083A9-FBD3-464A-A738-3DC2BF4A7DB1', N'DLPW', N'DLPW36404'),
(N'57E5ACDC-DC28-448B-A772-9B6AE909FE54', N'DLPW', N'DLPDP36102'),
(N'08308BFB-223A-44CA-BB39-04F017357B53', N'DLPW', N'DLP36904'),
(N'B0085E69-FE04-48CF-8020-1311D24EE88C', N'DLPW', N'DLPDP31102'),
(N'C2E656EC-06D8-4C68-A182-E73752459817', N'DLPW', N'DLP56102'),
(N'0A54D12C-3E20-4F25-A930-1BF6D6AD62AA', N'DLPW', N'DLP33102'),
(N'7651A8EB-B5CE-45B9-8D83-6F8AE3BFACE9', N'DLPW', N'DLP46204M'),
(N'FE6F3131-FE06-48DE-8981-3645E002F509', N'DLPW', N'DLPDP36904'),
(N'62213A1E-0930-4AA4-9B27-5CAE1EF69D26', N'DLPW', N'DLP42204'),
(N'3EDBCFE0-9914-4420-95CC-B9255C0BFACD', N'DLPW', N'IDLPVV36904'),
(N'CDA0F1C7-88E5-4AE7-887F-CABD4399C56F', N'DLPW', N'IDLPDP36904'),
--Смерть ЛП + Смерть ЛП ОУСВ + Смерть НС + Смерть ТП + Смерть ДТП
(N'D9FF68AB-7EE3-48CE-85E6-D1A80D6F3DA0', N'DLPWNSTPDTP', N'DLP236904'),
(N'15590C16-B3ED-4655-A599-6F72B27D51F5', N'DLPWNSTPDTP', N'DNS36404'),
(N'0929C6CC-32A2-4863-B52B-F6E2C30DFA7E', N'DLPWNSTPDTP', N'DTP36404'),
(N'9455C43F-3EF6-4D6B-BF35-2ACF260A45D3', N'DLPWNSTPDTP', N'DLP20600'),
(N'880BD06E-B243-46FA-9DD9-3D4F1F57C269', N'DLPWNSTPDTP', N'DLP20700'),
(N'28EF570C-1161-436E-9CA9-DE7FDCE98ED1', N'DLPWNSTPDTP', N'DLP31102'),
(N'22EBCFE7-DC7C-461F-8306-B413512C6F64', N'DLPWNSTPDTP', N'DLP33302'),
(N'CF3C8377-3F1D-4E93-AB74-B59ACE1AABD9', N'DLPWNSTPDTP', N'DNS42204'),
(N'1561ADED-CCBF-461E-BB88-3246A36A9CC6', N'DLPWNSTPDTP', N'DLPVV6536404'),
(N'9C32C038-FF38-4024-A02D-BC0ADFE5CEF7', N'DLPWNSTPDTP', N'DLP36102'),
(N'D45B40B6-31AD-457E-947B-E96AD7F202E1', N'DLPWNSTPDTP', N'DLPVV36404'),
(N'E6A4F943-6AFF-49EF-9AE9-3B3BC701D638', N'DLPWNSTPDTP', N'DLP242204'),
(N'E31BE4F4-D411-414D-9195-236C8473B5C0', N'DLPWNSTPDTP', N'DLP231102'),
(N'A63E3CD3-762C-41D0-BE41-7C12DCC4CCF3', N'DLPWNSTPDTP', N'DLPVV7036404'),
(N'EEBDF820-B018-4BD0-83F5-E445371B355F', N'DLPWNSTPDTP', N'DLPSS36102'),
(N'0A37EAEA-3D9F-4B45-A053-AD69D61E24ED', N'DLPWNSTPDTP', N'DPVV36102'),
(N'159B0A85-65C6-46B5-94AB-C75E70519E9C', N'DLPWNSTPDTP', N'DNS36102'),
(N'8084E107-BC7E-4BF5-9E20-7770B5D2AC23', N'DLPWNSTPDTP', N'DTP42204'),
(N'FBAFD31F-98E2-4194-A0A4-CB749B2246F5', N'DLPWNSTPDTP', N'DLPDP56102'),
(N'DC4BD2D6-0BF6-4631-802F-8C22A6037FFE', N'DLPWNSTPDTP', N'DLPT36404'),
(N'AA68BA53-DCC7-4F42-8331-A7DF251E86C6', N'DLPWNSTPDTP', N'DLPTDP36404'),
(N'1358736E-E656-4F40-84BA-56B4DC67F637', N'DLPWNSTPDTP', N'DLPVV46204'),
(N'D553EF3C-ACD8-4F20-93F3-9289C80EB519', N'DLPWNSTPDTP', N'DNS336102'),
(N'CE557DD7-28BE-46F3-BDE2-56E2F268E3C8', N'DLPWNSTPDTP', N'IDNSSS36904'),
(N'ACC31CBC-700C-4734-A1E4-A82117B27DFE', N'DLPWNSTPDTP', N'DLP36404'),
(N'5D622DB9-1348-4ACC-80DD-1A03507E8847', N'DLPWNSTPDTP', N'DLPDP36404'),
(N'1ADA970F-560D-4F51-9D41-FB7E485C2620', N'DLPWNSTPDTP', N'DLPSS36404'),
(N'3BA7C0C0-B868-429D-A10F-1C41D19F1D63', N'DLPWNSTPDTP', N'DLP46204'),
(N'D4E34A29-82DB-4FBF-ACAE-B81CFC56B5E2', N'DLPWNSTPDTP', N'DDTP20700'),
(N'BC9E9931-45F4-45F3-AA02-EEBC2D1E5F29', N'DLPWNSTPDTP', N'DA20700'),
(N'C8B3D898-E340-46C0-949E-40FB90C420A5', N'DLPWNSTPDTP', N'DNSVV36404'),
(N'93A63D5B-6251-4ECC-967E-875E447B3745', N'DLPWNSTPDTP', N'DLPT33102'),
(N'F56D0365-9CAA-4091-AF2B-E784F66A9B99', N'DLPWNSTPDTP', N'DLPT33302'),
(N'86FBEE27-B3AE-4BEF-AB14-72FF625D6520', N'DLPWNSTPDTP', N'DLPT36202'),
(N'48EAB088-2592-4C66-9554-5594E8DA4EAE', N'DLPWNSTPDTP', N'DADP36904'),
(N'04A256B4-7734-4F86-B18D-D2E180775575', N'DLPWNSTPDTP', N'DLPVV36904'),
(N'4A481FB1-0845-43EB-81CA-938F6ED10E48', N'DLPWNSTPDTP', N'DLPVV31102'),
(N'826C8AF2-9445-475A-9199-3EB9858DABC0', N'DLPWNSTPDTP', N'DLPVV33102'),
(N'80A6B8CD-0CD2-421A-AF64-EA0A1DE4876C', N'DLPWNSTPDTP', N'DDTP46204'),
(N'621F8BAA-CC56-4E96-90A6-C067E8347E75', N'DLPWNSTPDTP', N'DLPW33102'),
(N'CAC66B39-FC20-4AF5-B707-B1D5DF31AF7A', N'DLPWNSTPDTP', N'DLPW36102'),
(N'07F1FE81-9070-4AE4-BB06-B5F701865FDD', N'DLPWNSTPDTP', N'DLPW36404'),
(N'899C1068-F61B-4219-91E8-2C39D9686689', N'DLPWNSTPDTP', N'DLPDP36102'),
(N'B888EC61-649B-4835-8CAD-95128594D79B', N'DLPWNSTPDTP', N'DDTP33102'),
(N'A34B7517-C74C-46FC-B146-5FE9A90AB94E', N'DLPWNSTPDTP', N'DDTP36404'),
(N'00FCAD92-9E33-41EF-A859-5150F831A710', N'DLPWNSTPDTP', N'DLP36904'),
(N'DA4A4634-10CE-4246-87AB-0F7182D82E07', N'DLPWNSTPDTP', N'DLPDP31102'),
(N'6D41BFE0-C994-40AB-B7F2-90C277975EB4', N'DLPWNSTPDTP', N'DLP56102'),
(N'1156B833-FE76-4071-9764-497E0EAE44D9', N'DLPWNSTPDTP', N'DNS36904'),
(N'CA49B13A-A77B-47BC-9BCC-29F63CBE3B4C', N'DLPWNSTPDTP', N'DLP33102'),
(N'9776BC58-173E-473E-8038-6237380FBA71', N'DLPWNSTPDTP', N'DLP46204M'),
(N'61D754CA-3BE6-4643-A862-C9A47E13935C', N'DLPWNSTPDTP', N'DLPDP36904'),
(N'CD76A4A1-219E-4928-B9FF-F04C93E0F33E', N'DLPWNSTPDTP', N'DLP42204'),
(N'342ED83E-71EF-4500-9DAC-1D02023CC34D', N'DLPWNSTPDTP', N'DNS33102'),
(N'B0E7B990-BE26-4102-A755-72806DE98995', N'DLPWNSTPDTP', N'DNS3C36102'),
(N'E39ABCE5-7856-4F07-9E51-88C0A9450CCD', N'DLPWNSTPDTP', N'DTP33102'),
(N'679BE544-06C8-486F-BF8A-A5E2EDE50A19', N'DLPWNSTPDTP', N'IDLPVV36904'),
(N'F26CC02B-58F0-473A-918F-DD4ADAEE9873', N'DLPWNSTPDTP', N'IDNSVV36904'),
(N'42E691F6-3EA2-4368-AC49-C57D4E7E0215', N'DLPWNSTPDTP', N'IDLPDP36904'),
--Смерть НС + Смерть НС ВВ
(N'04DEDA90-D17A-49BA-87D6-B678F0F2ED70', N'DNSVV', N'DNS36404'),
(N'4A1A8240-4ECE-4645-89D5-2F62E71D8D3F', N'DNSVV', N'DNS42204'),
(N'6B63E676-D1F8-41FA-B570-7C8FA3C2E07B', N'DNSVV', N'DNS36102'),
(N'64F1F4F9-90E9-4A41-ADF1-73DBA61BA3A6', N'DNSVV', N'DNS336102'),
(N'19D96DAF-735C-4BD1-B84B-26A8FE41147E', N'DNSVV', N'IDNSSS36904'),
(N'41AD2E44-2D0E-4B65-8EA9-181E82762A98', N'DNSVV', N'DA20700'),
(N'25F1EB09-FCC1-4E88-B188-113D75EDD05A', N'DNSVV', N'DNSVV36404'),
(N'A3E84C43-D90F-4B76-8D78-39C715221C90', N'DNSVV', N'DADP36904'),
(N'45D643AE-C3D5-4204-8D62-F96A5A9954C2', N'DNSVV', N'DNS36904'),
(N'21AC3723-FD2C-4CE0-8A58-E4F895CDCE0C', N'DNSVV', N'DNS33102'),
(N'50FCFC96-A37A-4577-AE29-0BCEF6005031', N'DNSVV', N'DNS3C36102'),
(N'97260A9C-7E10-4C29-BBFA-7206C1AEA6BA', N'DNSVV', N'IDNSVV36904'),
--Смерть ТП + Смерть ДТП
(N'D575F603-A039-431B-8E43-38ED918AD666', N'TPDTP', N'DTP36404'),
(N'09A19043-A9D9-429F-BA08-98AA952CA5FD', N'TPDTP', N'DTP42204'),
(N'81A22622-0662-479F-ADC9-6A6EF56EFF4F', N'TPDTP', N'DTP33102'),
--Инвалидность ЛП + Инвалидность ЛП ОУСВ + Инвалидность НС + Инвалидность НС ОУСВ + Инвалидность ЛП ВВ + Инвалидность НС ВВ
(N'0C4FCF31-4C6C-4C9E-B8E4-9F47DA5584AA', N'DI', N'D36404'),
(N'A6F3A168-5723-4D97-B46C-FF9F5E6C901B', N'DI', N'DIT42204'),
(N'AD1611F9-8CFD-4D66-A608-BCCE8B60E781', N'DI', N'D36102'),
(N'7937E489-C485-45C6-85C0-B952ADE7F1CC', N'DI', N'DI20600'),
(N'ED7A06DB-7F4D-493D-8860-CD243C7BA4E4', N'DI', N'DI20700'),
(N'50088265-E443-4F0E-BCD8-881F3716BD5F', N'DI', N'D1A36102'),
(N'DDA3BE39-8089-45D9-90A7-9E0F439DD9D9', N'DI', N'DAIW36102'),
(N'93A7D029-5234-420F-87FF-CC4EAF62EBA0', N'DI', N'DAIA36102'),
(N'44578E93-F620-4BCC-8F85-EA5445842105', N'DI', N'D12A36102'),
(N'E6760656-773E-4DA9-9FE8-ED419AA5B4B5', N'DI', N'DAIW33102'),
(N'9E302F5D-2464-4BDA-B5C1-1B9CD4767230', N'DI', N'DCA36102'),
(N'CA4A39B1-5976-4212-B318-8EE7B27F273A', N'DI', N'DC12A36102'),
(N'3B0C9813-95C1-4DFF-BACC-AFB4BBE311C9', N'DI', N'DC123AI36102'),
(N'08A3F7F9-9CDC-4D33-BD21-4C35F5B573B5', N'DI', N'DC123A20600'),
(N'56B08F5F-5009-4325-88F2-A48B8C99D3EF', N'DI', N'DC123A33302'),
(N'807987F8-0C1F-49F1-B292-B2B134FA723C', N'DI', N'DC123A36102'),
(N'730A0F07-413A-43DA-989A-C71735E85514', N'DI', N'DC123A36202'),
(N'30CE1A1D-F631-4B0C-A58F-218DB0AB3501', N'DI', N'DCAI36102'),
(N'156BE072-6AAF-47D2-A9E8-35374AD146F4', N'DI', N'DA36404'),
(N'525B4168-C285-4099-A447-8BBA5D42A39E', N'DI', N'D42204'),
(N'B02F50B8-3D26-4D09-A72B-8379B33EF32C', N'DI', N'D12LP3A36102'),
(N'EE943AF4-4E4D-431A-A123-D88DD23A27AA', N'DI', N'DA36102'),
(N'56A137C4-135E-4E29-9319-EBEF8BAC1BF9', N'DI', N'DA10010042204'),
(N'C3BB0F57-D945-4BFA-8912-3E0FB19B00BF', N'DI', N'D12IW33302'),
(N'FE991384-046F-4F88-8112-45578B6C6ED9', N'DI', N'D12IW33102'),
(N'3D9FD55F-8171-4C92-AF34-2161AB55C74F', N'DI', N'D12AW33302'),
(N'EC1B043C-9015-4EF1-B200-C1D87052826B', N'DI', N'D12DTP36102'),
(N'47A51D08-8C06-48D7-9FBF-4A255FC91A6D', N'DI', N'D1AI20600'),
(N'0C58AC9A-9C4D-4800-A8F6-851913DFE0BA', N'DI', N'D1AI20700'),
(N'F8724C66-0942-4F80-887B-8ED350F4AFCA', N'DI', N'D1AI42204'),
(N'07183CCE-6253-4BEE-AD5E-A65172F6D0C4', N'DI', N'D12AI36102'),
(N'6A6EAFBC-5FC8-422A-8F79-384C099294AC', N'DI', N'D123A20700'),
(N'EE955AA9-F6C8-4BB1-B9DE-46BBC0DA22FC', N'DI', N'DC12A33102'),
(N'83C8C250-B278-426E-BD8D-904E9FE08242', N'DI', N'D123A33302'),
(N'C50F7E28-9B7B-4234-9355-F7F896105917', N'DI', N'D123A36102'),
(N'EE696E64-AD17-490F-90DE-2B9D326D5E4E', N'DI', N'DCAII20700'),
-- Травма НС + Тяжелая травма
(N'95125B0F-EB42-48AD-A225-1D45CEE305F7', N'INJ', N'IH36404'),
(N'CD1A513A-77A5-427D-9BBB-FE176E94D34F', N'INJ', N'I42204'),
-- КЗ лечение + КЗ лечение РФ + КЗ лечение весь мир
(N'23F7CC4D-CB1F-448B-916E-C0BB644FE913', N'CDH', N'CDHR10800'),
(N'E7283DF0-9E6B-4218-B170-4FF1DF32939C', N'CDH', N'CDH36102'),
(N'3DDE7DF9-4F63-46BA-BB76-780E47F0FA61', N'CDH', N'CDHW10800'),
(N'2AD20300-2EEA-4DDE-A5CB-EE26AC9A62A3', N'CDH', N'CDH10800')

-- 3.1. Лимиты по возрасту контрагента
INSERT INTO PAS_IMPL.CUMULATION_LIMIT_AGE (CODE, AGE_FROM, AGE_TO)
VALUES
(N'FROM_18_TO_65', 18, 65),
(N'FROM_66_TO_70', 66, 70),
(N'DONT_CHECK', NULL, NULL)

-- 3.2. Лимиты по страховой сумме
INSERT INTO PAS_IMPL.CUMULATION_LIMIT_AMOUNT (CODE, AMOUNT_FROM, AMOUNT_TO)
VALUES
(N'LESS_5000000', NULL, 5000000),
(N'MORE_5000001', 5000001, NULL),
(N'LESS_7000000', NULL, 7000000),
(N'MORE_7000001', 7000001, NULL),
(N'LESS_10500000', NULL, 10500000),
(N'MORE_10500001', 10500001, NULL),
(N'FROM_10500001_TO_15000000', 10500001, 15000000),
(N'MORE_40000001', 40000001, NULL),
(N'DONT_CHECK', NULL, NULL)

-- 3.3. Лимиты период действия
INSERT INTO PAS_IMPL.CUMULATION_LIMIT_ACTIVE_PERIOD (CODE, ACTIVE_FROM, ACTIVE_TO)
VALUES
(N'ETERNITY', '1900-01-01 00:00:00.000', '2900-01-01 00:00:00.000')

-- 4. Триггеры
INSERT INTO PAS_IMPL.CUMULATION_TRIGGER (CODE, DESCRIPTION)
VALUES
(N'ApprovalNotRequired', N'Согласование с СК не требуется.'),
(N'UWApprovalRequired', N'Необходимо направить на рассмотрение в СК на андеррайтинг.'),
(N'UWApprovalRequiredPaidFirstPayment', N'Необходимо направить на рассмотрение в СК на андеррайтинг. Должен быть оплачен 1й взнос, так как кумулятивная сумма в лимите МЕДО.'),
(N'UWApprovalRequiredFinancialDocuments', N'Необходимо направить на рассмотрение в СК на андеррайтинг. Требуется предоставление финансовых документов.'),
(N'RiskCantBeApplied', N'В отношении одного Застрахованного не должно быть более 1 договора страхования с данным риском. Если в действующих договорах/заявках уже есть такой риск, то в заявленном полисе риск не может быть подключен.')

-- 5. Кумуляция
INSERT INTO PAS_IMPL.CUMULATION(ID, PRODUCT_GROUP_CODE, PRODUCT_CODE, RISK_GROUP_CODE, LIMIT_AGE_CODE, LIMIT_AMOUNT_CODE, TRIGGER_CODE, ACTIVE_PERIOD_CODE)
VALUES
('E5A4CBDE-1DF8-4881-AEAC-5C7D2C1E2B12', N'RISK_ACCUMULATION_DNS', N'TERMVVTB', N'DLPW', N'FROM_18_TO_65', N'LESS_10500000', N'ApprovalNotRequired', 'ETERNITY'),
('31000312-7A17-4CB1-9294-1CB7A8875F32', N'RISK_ACCUMULATION_DNS', N'TERMVVTB', N'DLPW', N'FROM_18_TO_65', N'FROM_10500001_TO_15000000', N'UWApprovalRequired', 'ETERNITY'),
('57C322A5-449A-4E9A-AA62-040C85710326', N'RISK_ACCUMULATION_DNS', N'TERMVVTB', N'DLPW', N'FROM_18_TO_65', N'MORE_10500001', N'UWApprovalRequiredPaidFirstPayment', 'ETERNITY'),
('6D45A873-DFD0-44AB-886B-DF91897EA743', N'RISK_ACCUMULATION_DNS', N'TERMVVTB', N'DLPW', N'FROM_66_TO_70', N'LESS_5000000', N'ApprovalNotRequired', 'ETERNITY'),
('750F5EDA-8F13-452C-91F1-FD83D6945649', N'RISK_ACCUMULATION_DNS', N'TERMVVTB', N'DLPW', N'FROM_66_TO_70', N'MORE_5000001', N'UWApprovalRequiredPaidFirstPayment', 'ETERNITY'),

('AE1804B9-014E-419A-BCF8-A1BB5E8BFDDA', N'RISK_ACCUMULATION_DNS', N'TERMVVTB', N'DLPWNSTPDTP', N'DONT_CHECK', N'MORE_40000001', N'UWApprovalRequiredFinancialDocuments', 'ETERNITY'),

('4D56A4D4-50B3-48CE-8EE2-4CB8FD80E47B', N'RISK_ACCUMULATION_DNS', N'TERMVVTB', N'DNSVV', N'FROM_18_TO_65', N'LESS_10500000', N'ApprovalNotRequired', 'ETERNITY'),
('ED981CC2-8496-4D91-81C1-70A3A72EE43D', N'RISK_ACCUMULATION_DNS', N'TERMVVTB', N'DNSVV', N'FROM_18_TO_65', N'MORE_10500001', N'UWApprovalRequired', 'ETERNITY'),
('5875D03F-CDD6-4F25-91B6-91AAD344463D', N'RISK_ACCUMULATION_DNS', N'TERMVVTB', N'DNSVV', N'FROM_66_TO_70', N'LESS_5000000', N'ApprovalNotRequired', 'ETERNITY'),
('958A56FE-89B6-408A-B9EC-9F1A1D8A2160', N'RISK_ACCUMULATION_DNS', N'TERMVVTB', N'DNSVV', N'FROM_66_TO_70', N'MORE_5000001', N'UWApprovalRequired', 'ETERNITY'),

('33A04671-39D5-44C7-8436-DE401502D0DB', N'RISK_ACCUMULATION_DNS', N'TERMVVTB', N'TPDTP', N'FROM_18_TO_65', N'LESS_10500000', N'ApprovalNotRequired', 'ETERNITY'),
('D5314D7F-676A-4E45-A12E-DD24CCAB7E4F', N'RISK_ACCUMULATION_DNS', N'TERMVVTB', N'TPDTP', N'FROM_18_TO_65', N'MORE_10500001', N'UWApprovalRequired', 'ETERNITY'),
('2B79F897-E5DC-4739-B193-3B387C842D7D', N'RISK_ACCUMULATION_DNS', N'TERMVVTB', N'TPDTP', N'FROM_66_TO_70', N'LESS_5000000', N'ApprovalNotRequired', 'ETERNITY'),
('A409E4F1-CC95-43D0-A8E1-EB30CB917341', N'RISK_ACCUMULATION_DNS', N'TERMVVTB', N'TPDTP', N'FROM_66_TO_70', N'MORE_5000001', N'UWApprovalRequired', 'ETERNITY'),

('A76A852C-2F9C-4292-9305-56CA2D3993BA', N'RISK_ACCUMULATION_DNS', N'TERMVVTB', N'DI', N'FROM_18_TO_65', N'LESS_10500000', N'ApprovalNotRequired', 'ETERNITY'),
('64E203C4-9E86-4468-A388-411415E2650F', N'RISK_ACCUMULATION_DNS', N'TERMVVTB', N'DI', N'FROM_18_TO_65', N'MORE_10500001', N'UWApprovalRequired', 'ETERNITY'),
('95DD7395-4F3D-4359-96D0-36AAD0A517AA', N'RISK_ACCUMULATION_DNS', N'TERMVVTB', N'DI', N'FROM_66_TO_70', N'LESS_5000000', N'ApprovalNotRequired', 'ETERNITY'),
('C55662FC-54D9-49C2-BA78-50DDDB1490A0', N'RISK_ACCUMULATION_DNS', N'TERMVVTB', N'DI', N'FROM_66_TO_70', N'MORE_5000001', N'UWApprovalRequired', 'ETERNITY'),

('85184F2E-ACC1-43A9-B6FE-A1F190B1264A', N'RISK_ACCUMULATION_DNS', N'TERMVVTB', N'INJ', N'FROM_18_TO_65', N'LESS_7000000', N'ApprovalNotRequired', 'ETERNITY'),
('D012D749-2A1F-4FF0-AFEA-B9BB7FB588B9', N'RISK_ACCUMULATION_DNS', N'TERMVVTB', N'INJ', N'FROM_18_TO_65', N'MORE_7000001', N'UWApprovalRequired', 'ETERNITY'),
('29214979-512D-43B8-BDBA-1D41258B066F', N'RISK_ACCUMULATION_DNS', N'TERMVVTB', N'INJ', N'FROM_66_TO_70', N'LESS_5000000', N'ApprovalNotRequired', 'ETERNITY'),
('39EB58C6-E86B-4DE3-B8E6-614EC21B4456', N'RISK_ACCUMULATION_DNS', N'TERMVVTB', N'INJ', N'FROM_66_TO_70', N'MORE_5000001', N'UWApprovalRequired', 'ETERNITY'),

('0BBFA045-F642-44CC-B54B-D0AEDD900A58', N'RISK_ACCUMULATION_DNS', N'TERMVVTB', N'CDH', N'DONT_CHECK', N'DONT_CHECK', N'RiskCantBeApplied', 'ETERNITY')